episode,reward,length,success,seed
1,-200.0,200,0.0,7
2,-200.0,200,0.0,7
3,-200.0,200,0.0,7
4,-200.0,200,0.0,7
5,-200.0,200,0.0,7
6,-200.0,200,0.0,7
7,-200.0,200,0.0,7
8,-200.0,200,0.0,7
9,-200.0,200,0.0,7
10,-200.0,200,0.0,7
11,-200.0,200,0.0,7
12,-200.0,200,0.0,7
13,-200.0,200,0.0,7
14,-200.0,200,0.0,7
15,-200.0,200,0.0,7
16,-200.0,200,0.0,7
17,-200.0,200,0.0,7
18,-200.0,200,0.0,7
19,-200.0,200,0.0,7
20,-200.0,200,0.0,7
21,-200.0,200,0.0,7
22,-200.0,200,0.0,7
23,-200.0,200,0.0,7
24,-200.0,200,0.0,7
25,-200.0,200,0.0,7
26,-200.0,200,0.0,7
27,-200.0,200,0.0,7
28,-200.0,200,0.0,7
29,-200.0,200,0.0,7
30,-200.0,200,0.0,7
31,-200.0,200,0.0,7
32,-200.0,200,0.0,7
33,-200.0,200,0.0,7
34,-200.0,200,0.0,7
35,-200.0,200,0.0,7
36,-200.0,200,0.0,7
37,-200.0,200,0.0,7
38,-200.0,200,0.0,7
39,-200.0,200,0.0,7
40,-200.0,200,0.0,7
41,-200.0,200,0.0,7
42,-200.0,200,0.0,7
43,-200.0,200,0.0,7
44,-200.0,200,0.0,7
45,-200.0,200,0.0,7
46,-200.0,200,0.0,7
47,-200.0,200,0.0,7
48,-200.0,200,0.0,7
49,-200.0,200,0.0,7
50,-200.0,200,0.0,7
51,-200.0,200,0.0,7
52,-200.0,200,0.0,7
53,-200.0,200,0.0,7
54,-200.0,200,0.0,7
55,-200.0,200,0.0,7
56,-200.0,200,0.0,7
57,-200.0,200,0.0,7
58,-200.0,200,0.0,7
59,-200.0,200,0.0,7
60,-200.0,200,0.0,7
61,-200.0,200,0.0,7
62,-200.0,200,0.0,7
63,-200.0,200,0.0,7
64,-200.0,200,0.0,7
65,-200.0,200,0.0,7
66,-200.0,200,0.0,7
67,-200.0,200,0.0,7
68,-200.0,200,0.0,7
69,-200.0,200,0.0,7
70,-200.0,200,0.0,7
71,-200.0,200,0.0,7
72,-200.0,200,0.0,7
73,-200.0,200,0.0,7
74,-200.0,200,0.0,7
75,-200.0,200,0.0,7
76,-200.0,200,0.0,7
77,-200.0,200,0.0,7
78,-200.0,200,0.0,7
79,-200.0,200,0.0,7
80,-200.0,200,0.0,7
81,-200.0,200,0.0,7
82,-200.0,200,0.0,7
83,-200.0,200,0.0,7
84,-200.0,200,0.0,7
85,-200.0,200,0.0,7
86,-200.0,200,0.0,7
87,-200.0,200,0.0,7
88,-200.0,200,0.0,7
89,-200.0,200,0.0,7
90,-200.0,200,0.0,7
91,-200.0,200,0.0,7
92,-200.0,200,0.0,7
93,-200.0,200,0.0,7
94,-200.0,200,0.0,7
95,-200.0,200,0.0,7
96,-200.0,200,0.0,7
97,-200.0,200,0.0,7
98,-200.0,200,0.0,7
99,-200.0,200,0.0,7
100,-200.0,200,0.0,7
101,-200.0,200,0.0,7
102,-200.0,200,0.0,7
103,-200.0,200,0.0,7
104,-200.0,200,0.0,7
105,-200.0,200,0.0,7
106,-200.0,200,0.0,7
107,-200.0,200,0.0,7
108,-200.0,200,0.0,7
109,-200.0,200,0.0,7
110,-200.0,200,0.0,7
111,-200.0,200,0.0,7
112,-200.0,200,0.0,7
113,-200.0,200,0.0,7
114,-200.0,200,0.0,7
115,-200.0,200,0.0,7
116,-200.0,200,0.0,7
117,-200.0,200,0.0,7
118,-200.0,200,0.0,7
119,-200.0,200,0.0,7
120,-200.0,200,0.0,7
121,-200.0,200,0.0,7
122,-200.0,200,0.0,7
123,-200.0,200,0.0,7
124,-200.0,200,0.0,7
125,-200.0,200,0.0,7
126,-200.0,200,0.0,7
127,-200.0,200,0.0,7
128,-200.0,200,0.0,7
129,-200.0,200,0.0,7
130,-200.0,200,0.0,7
131,-200.0,200,0.0,7
132,-200.0,200,0.0,7
133,-200.0,200,0.0,7
134,-200.0,200,0.0,7
135,-200.0,200,0.0,7
136,-200.0,200,0.0,7
137,-200.0,200,0.0,7
138,-200.0,200,0.0,7
139,-200.0,200,0.0,7
140,-200.0,200,0.0,7
141,-200.0,200,0.0,7
142,-200.0,200,0.0,7
143,-200.0,200,0.0,7
144,-200.0,200,0.0,7
145,-200.0,200,0.0,7
146,-200.0,200,0.0,7
147,-200.0,200,0.0,7
148,-200.0,200,0.0,7
149,-200.0,200,0.0,7
150,-200.0,200,0.0,7
151,-200.0,200,0.0,7
152,-200.0,200,0.0,7
153,-200.0,200,0.0,7
154,-200.0,200,0.0,7
155,-200.0,200,0.0,7
156,-200.0,200,0.0,7
157,-200.0,200,0.0,7
158,-200.0,200,0.0,7
159,-200.0,200,0.0,7
160,-200.0,200,0.0,7
161,-200.0,200,0.0,7
162,-200.0,200,0.0,7
163,-200.0,200,0.0,7
164,-200.0,200,0.0,7
165,-200.0,200,0.0,7
166,-200.0,200,0.0,7
167,-200.0,200,0.0,7
168,-200.0,200,0.0,7
169,-200.0,200,0.0,7
170,-200.0,200,0.0,7
171,-200.0,200,0.0,7
172,-200.0,200,0.0,7
173,-200.0,200,0.0,7
174,-200.0,200,0.0,7
175,-200.0,200,0.0,7
176,-200.0,200,0.0,7
177,-200.0,200,0.0,7
178,-200.0,200,0.0,7
179,-200.0,200,0.0,7
180,-200.0,200,0.0,7
181,-200.0,200,0.0,7
182,-200.0,200,0.0,7
183,-200.0,200,0.0,7
184,-200.0,200,0.0,7
185,-200.0,200,0.0,7
186,-200.0,200,0.0,7
187,-200.0,200,0.0,7
188,-200.0,200,0.0,7
189,-200.0,200,0.0,7
190,-200.0,200,0.0,7
191,-200.0,200,0.0,7
192,-200.0,200,0.0,7
193,-200.0,200,0.0,7
194,-200.0,200,0.0,7
195,-200.0,200,0.0,7
196,-200.0,200,0.0,7
197,-200.0,200,0.0,7
198,-200.0,200,0.0,7
199,-200.0,200,0.0,7
200,-200.0,200,0.0,7
201,-200.0,200,0.0,7
202,-200.0,200,0.0,7
203,-200.0,200,0.0,7
204,-200.0,200,0.0,7
205,-200.0,200,0.0,7
206,-200.0,200,0.0,7
207,-200.0,200,0.0,7
208,-200.0,200,0.0,7
209,-200.0,200,0.0,7
210,-200.0,200,0.0,7
211,-200.0,200,0.0,7
212,-200.0,200,0.0,7
213,-200.0,200,0.0,7
214,-200.0,200,0.0,7
215,-200.0,200,0.0,7
216,-200.0,200,0.0,7
217,-200.0,200,0.0,7
218,-200.0,200,0.0,7
219,-200.0,200,0.0,7
220,-200.0,200,0.0,7
221,-200.0,200,0.0,7
222,-200.0,200,0.0,7
223,-200.0,200,0.0,7
224,-200.0,200,0.0,7
225,-200.0,200,0.0,7
226,-200.0,200,0.0,7
227,-200.0,200,0.0,7
228,-200.0,200,0.0,7
229,-200.0,200,0.0,7
230,-200.0,200,0.0,7
231,-200.0,200,0.0,7
232,-200.0,200,0.0,7
233,-200.0,200,0.0,7
234,-200.0,200,0.0,7
235,-200.0,200,0.0,7
236,-200.0,200,0.0,7
237,-200.0,200,0.0,7
238,-200.0,200,0.0,7
239,-200.0,200,0.0,7
240,-200.0,200,0.0,7
241,-200.0,200,0.0,7
242,-200.0,200,0.0,7
243,-200.0,200,0.0,7
244,-200.0,200,0.0,7
245,-200.0,200,0.0,7
246,-200.0,200,0.0,7
247,-200.0,200,0.0,7
248,-200.0,200,0.0,7
249,-200.0,200,0.0,7
250,-200.0,200,0.0,7
251,-200.0,200,0.0,7
252,-200.0,200,0.0,7
253,-200.0,200,0.0,7
254,-200.0,200,0.0,7
255,-200.0,200,0.0,7
256,-200.0,200,0.0,7
257,-200.0,200,0.0,7
258,-200.0,200,0.0,7
259,-200.0,200,0.0,7
260,-200.0,200,0.0,7
261,-200.0,200,0.0,7
262,-200.0,200,0.0,7
263,-200.0,200,0.0,7
264,-200.0,200,0.0,7
265,-200.0,200,0.0,7
266,-200.0,200,0.0,7
267,-200.0,200,0.0,7
268,-200.0,200,0.0,7
269,-200.0,200,0.0,7
270,-200.0,200,0.0,7
271,-200.0,200,0.0,7
272,-200.0,200,0.0,7
273,-200.0,200,0.0,7
274,-200.0,200,0.0,7
275,-200.0,200,0.0,7
276,-200.0,200,0.0,7
277,-200.0,200,0.0,7
278,-200.0,200,0.0,7
279,-200.0,200,0.0,7
280,-200.0,200,0.0,7
281,-200.0,200,0.0,7
282,-200.0,200,0.0,7
283,-200.0,200,0.0,7
284,-200.0,200,0.0,7
285,-200.0,200,0.0,7
286,-200.0,200,0.0,7
287,-200.0,200,0.0,7
288,-200.0,200,0.0,7
289,-200.0,200,0.0,7
290,-200.0,200,0.0,7
291,-200.0,200,0.0,7
292,-200.0,200,0.0,7
293,-200.0,200,0.0,7
294,-200.0,200,0.0,7
295,-200.0,200,0.0,7
296,-200.0,200,0.0,7
297,-200.0,200,0.0,7
298,-200.0,200,0.0,7
299,-200.0,200,0.0,7
300,-200.0,200,0.0,7
301,-200.0,200,0.0,7
302,-200.0,200,0.0,7
303,-200.0,200,0.0,7
304,-200.0,200,0.0,7
305,-200.0,200,0.0,7
306,-200.0,200,0.0,7
307,-200.0,200,0.0,7
308,-200.0,200,0.0,7
309,-200.0,200,0.0,7
310,-200.0,200,0.0,7
311,-200.0,200,0.0,7
312,-200.0,200,0.0,7
313,-200.0,200,0.0,7
314,-200.0,200,0.0,7
315,-200.0,200,0.0,7
316,-200.0,200,0.0,7
317,-200.0,200,0.0,7
318,-200.0,200,0.0,7
319,-200.0,200,0.0,7
320,-200.0,200,0.0,7
321,-200.0,200,0.0,7
322,-200.0,200,0.0,7
323,-200.0,200,0.0,7
324,-200.0,200,0.0,7
325,-200.0,200,0.0,7
326,-200.0,200,0.0,7
327,-200.0,200,0.0,7
328,-200.0,200,0.0,7
329,-200.0,200,0.0,7
330,-200.0,200,0.0,7
331,-200.0,200,0.0,7
332,-200.0,200,0.0,7
333,-200.0,200,0.0,7
334,-200.0,200,0.0,7
335,-200.0,200,0.0,7
336,-200.0,200,0.0,7
337,-200.0,200,0.0,7
338,-200.0,200,0.0,7
339,-200.0,200,0.0,7
340,-200.0,200,0.0,7
341,-200.0,200,0.0,7
342,-200.0,200,0.0,7
343,-200.0,200,0.0,7
344,-200.0,200,0.0,7
345,-200.0,200,0.0,7
346,-200.0,200,0.0,7
347,-200.0,200,0.0,7
348,-200.0,200,0.0,7
349,-200.0,200,0.0,7
350,-200.0,200,0.0,7
351,-200.0,200,0.0,7
352,-200.0,200,0.0,7
353,-200.0,200,0.0,7
354,-200.0,200,0.0,7
355,-200.0,200,0.0,7
356,-200.0,200,0.0,7
357,-200.0,200,0.0,7
358,-200.0,200,0.0,7
359,-200.0,200,0.0,7
360,-200.0,200,0.0,7
361,-200.0,200,0.0,7
362,-200.0,200,0.0,7
363,-200.0,200,0.0,7
364,-200.0,200,0.0,7
365,-200.0,200,0.0,7
366,-200.0,200,0.0,7
367,-200.0,200,0.0,7
368,-200.0,200,0.0,7
369,-200.0,200,0.0,7
370,-200.0,200,0.0,7
371,-200.0,200,0.0,7
372,-200.0,200,0.0,7
373,-200.0,200,0.0,7
374,-200.0,200,0.0,7
375,-200.0,200,0.0,7
376,-200.0,200,0.0,7
377,-200.0,200,0.0,7
378,-200.0,200,0.0,7
379,-200.0,200,0.0,7
380,-200.0,200,0.0,7
381,-200.0,200,0.0,7
382,-200.0,200,0.0,7
383,-200.0,200,0.0,7
384,-200.0,200,0.0,7
385,-200.0,200,0.0,7
386,-200.0,200,0.0,7
387,-200.0,200,0.0,7
388,-200.0,200,0.0,7
389,-200.0,200,0.0,7
390,-200.0,200,0.0,7
391,-200.0,200,0.0,7
392,-200.0,200,0.0,7
393,-200.0,200,0.0,7
394,-200.0,200,0.0,7
395,-200.0,200,0.0,7
396,-200.0,200,0.0,7
397,-200.0,200,0.0,7
398,-200.0,200,0.0,7
399,-200.0,200,0.0,7
400,-200.0,200,0.0,7
401,-200.0,200,0.0,7
402,-200.0,200,0.0,7
403,-200.0,200,0.0,7
404,-200.0,200,0.0,7
405,-200.0,200,0.0,7
406,-200.0,200,0.0,7
407,-200.0,200,0.0,7
408,-200.0,200,0.0,7
409,-200.0,200,0.0,7
410,-200.0,200,0.0,7
411,-200.0,200,0.0,7
412,-200.0,200,0.0,7
413,-200.0,200,0.0,7
414,-200.0,200,0.0,7
415,-200.0,200,0.0,7
416,-200.0,200,0.0,7
417,-200.0,200,0.0,7
418,-200.0,200,0.0,7
419,-200.0,200,0.0,7
420,-200.0,200,0.0,7
421,-200.0,200,0.0,7
422,-200.0,200,0.0,7
423,-200.0,200,0.0,7
424,-200.0,200,0.0,7
425,-200.0,200,0.0,7
426,-200.0,200,0.0,7
427,-200.0,200,0.0,7
428,-200.0,200,0.0,7
429,-200.0,200,0.0,7
430,-200.0,200,0.0,7
431,-200.0,200,0.0,7
432,-200.0,200,0.0,7
433,-200.0,200,0.0,7
434,-200.0,200,0.0,7
435,-200.0,200,0.0,7
436,-200.0,200,0.0,7
437,-200.0,200,0.0,7
438,-200.0,200,0.0,7
439,-200.0,200,0.0,7
440,-200.0,200,0.0,7
441,-200.0,200,0.0,7
442,-200.0,200,0.0,7
443,-200.0,200,0.0,7
444,-200.0,200,0.0,7
445,-200.0,200,0.0,7
446,-200.0,200,0.0,7
447,-200.0,200,0.0,7
448,-200.0,200,0.0,7
449,-200.0,200,0.0,7
450,-200.0,200,0.0,7
451,-200.0,200,0.0,7
452,-200.0,200,0.0,7
453,-200.0,200,0.0,7
454,-200.0,200,0.0,7
455,-200.0,200,0.0,7
456,-200.0,200,0.0,7
457,-200.0,200,0.0,7
458,-200.0,200,0.0,7
459,-200.0,200,0.0,7
460,-200.0,200,0.0,7
461,-200.0,200,0.0,7
462,-200.0,200,0.0,7
463,-200.0,200,0.0,7
464,-200.0,200,0.0,7
465,-200.0,200,0.0,7
466,-200.0,200,0.0,7
467,-200.0,200,0.0,7
468,-200.0,200,0.0,7
469,-200.0,200,0.0,7
470,-200.0,200,0.0,7
471,-200.0,200,0.0,7
472,-200.0,200,0.0,7
473,-200.0,200,0.0,7
474,-200.0,200,0.0,7
475,-200.0,200,0.0,7
476,-200.0,200,0.0,7
477,-200.0,200,0.0,7
478,-200.0,200,0.0,7
479,-200.0,200,0.0,7
480,-200.0,200,0.0,7
481,-200.0,200,0.0,7
482,-200.0,200,0.0,7
483,-200.0,200,0.0,7
484,-200.0,200,0.0,7
485,-200.0,200,0.0,7
486,-200.0,200,0.0,7
487,-200.0,200,0.0,7
488,-200.0,200,0.0,7
489,-200.0,200,0.0,7
490,-200.0,200,0.0,7
491,-200.0,200,0.0,7
492,-200.0,200,0.0,7
493,-200.0,200,0.0,7
494,-200.0,200,0.0,7
495,-200.0,200,0.0,7
496,-200.0,200,0.0,7
497,-200.0,200,0.0,7
498,-200.0,200,0.0,7
499,-200.0,200,0.0,7
500,-200.0,200,0.0,7
501,-200.0,200,0.0,7
502,-200.0,200,0.0,7
503,-200.0,200,0.0,7
504,-200.0,200,0.0,7
505,-200.0,200,0.0,7
506,-200.0,200,0.0,7
507,-200.0,200,0.0,7
508,-200.0,200,0.0,7
509,-200.0,200,0.0,7
510,-200.0,200,0.0,7
511,-200.0,200,0.0,7
512,-200.0,200,0.0,7
513,-200.0,200,0.0,7
514,-200.0,200,0.0,7
515,-200.0,200,0.0,7
516,-200.0,200,0.0,7
517,-200.0,200,0.0,7
518,-200.0,200,0.0,7
519,-200.0,200,0.0,7
520,-200.0,200,0.0,7
521,-200.0,200,0.0,7
522,-200.0,200,0.0,7
523,-200.0,200,0.0,7
524,-200.0,200,0.0,7
525,-200.0,200,0.0,7
526,-200.0,200,0.0,7
527,-200.0,200,0.0,7
528,-200.0,200,0.0,7
529,-200.0,200,0.0,7
530,-200.0,200,0.0,7
531,-200.0,200,0.0,7
532,-200.0,200,0.0,7
533,-200.0,200,0.0,7
534,-200.0,200,0.0,7
535,-200.0,200,0.0,7
536,-200.0,200,0.0,7
537,-200.0,200,0.0,7
538,-200.0,200,0.0,7
539,-200.0,200,0.0,7
540,-200.0,200,0.0,7
541,-200.0,200,0.0,7
542,-200.0,200,0.0,7
543,-200.0,200,0.0,7
544,-200.0,200,0.0,7
545,-200.0,200,0.0,7
546,-200.0,200,0.0,7
547,-200.0,200,0.0,7
548,-200.0,200,0.0,7
549,-200.0,200,0.0,7
550,-200.0,200,0.0,7
551,-200.0,200,0.0,7
552,-200.0,200,0.0,7
553,-200.0,200,0.0,7
554,-200.0,200,0.0,7
555,-200.0,200,0.0,7
556,-200.0,200,0.0,7
557,-200.0,200,0.0,7
558,-200.0,200,0.0,7
559,-200.0,200,0.0,7
560,-200.0,200,0.0,7
561,-200.0,200,0.0,7
562,-200.0,200,0.0,7
563,-200.0,200,0.0,7
564,-200.0,200,0.0,7
565,-200.0,200,0.0,7
566,-200.0,200,0.0,7
567,-200.0,200,0.0,7
568,-200.0,200,0.0,7
569,-200.0,200,0.0,7
570,-200.0,200,0.0,7
571,-200.0,200,0.0,7
572,-200.0,200,0.0,7
573,-200.0,200,0.0,7
574,-200.0,200,0.0,7
575,-200.0,200,0.0,7
576,-200.0,200,0.0,7
577,-200.0,200,0.0,7
578,-200.0,200,0.0,7
579,-200.0,200,0.0,7
580,-200.0,200,0.0,7
581,-200.0,200,0.0,7
582,-200.0,200,0.0,7
583,-200.0,200,0.0,7
584,-200.0,200,0.0,7
585,-200.0,200,0.0,7
586,-200.0,200,0.0,7
587,-200.0,200,0.0,7
588,-200.0,200,0.0,7
589,-200.0,200,0.0,7
590,-200.0,200,0.0,7
591,-200.0,200,0.0,7
592,-200.0,200,0.0,7
593,-200.0,200,0.0,7
594,-200.0,200,0.0,7
595,-200.0,200,0.0,7
596,-200.0,200,0.0,7
597,-200.0,200,0.0,7
598,-200.0,200,0.0,7
599,-200.0,200,0.0,7
600,-200.0,200,0.0,7
601,-200.0,200,0.0,7
602,-200.0,200,0.0,7
603,-200.0,200,0.0,7
604,-200.0,200,0.0,7
605,-200.0,200,0.0,7
606,-200.0,200,0.0,7
607,-200.0,200,0.0,7
608,-200.0,200,0.0,7
609,-200.0,200,0.0,7
610,-200.0,200,0.0,7
611,-200.0,200,0.0,7
612,-200.0,200,0.0,7
613,-200.0,200,0.0,7
614,-200.0,200,0.0,7
615,-200.0,200,0.0,7
616,-200.0,200,0.0,7
617,-200.0,200,0.0,7
618,-200.0,200,0.0,7
619,-200.0,200,0.0,7
620,-200.0,200,0.0,7
621,-200.0,200,0.0,7
622,-200.0,200,0.0,7
623,-200.0,200,0.0,7
624,-200.0,200,0.0,7
625,-200.0,200,0.0,7
626,-200.0,200,0.0,7
627,-200.0,200,0.0,7
628,-200.0,200,0.0,7
629,-200.0,200,0.0,7
630,-200.0,200,0.0,7
631,-200.0,200,0.0,7
632,-200.0,200,0.0,7
633,-200.0,200,0.0,7
634,-200.0,200,0.0,7
635,-200.0,200,0.0,7
636,-200.0,200,0.0,7
637,-200.0,200,0.0,7
638,-200.0,200,0.0,7
639,-200.0,200,0.0,7
640,-200.0,200,0.0,7
641,-200.0,200,0.0,7
642,-200.0,200,0.0,7
643,-200.0,200,0.0,7
644,-200.0,200,0.0,7
645,-200.0,200,0.0,7
646,-200.0,200,0.0,7
647,-200.0,200,0.0,7
648,-200.0,200,0.0,7
649,-200.0,200,0.0,7
650,-200.0,200,0.0,7
651,-200.0,200,0.0,7
652,-200.0,200,0.0,7
653,-200.0,200,0.0,7
654,-200.0,200,0.0,7
655,-200.0,200,0.0,7
656,-200.0,200,0.0,7
657,-200.0,200,0.0,7
658,-200.0,200,0.0,7
659,-200.0,200,0.0,7
660,-200.0,200,0.0,7
661,-200.0,200,0.0,7
662,-200.0,200,0.0,7
663,-200.0,200,0.0,7
664,-200.0,200,0.0,7
665,-200.0,200,0.0,7
666,-200.0,200,0.0,7
667,-200.0,200,0.0,7
668,-200.0,200,0.0,7
669,-200.0,200,0.0,7
670,-200.0,200,0.0,7
671,-200.0,200,0.0,7
672,-200.0,200,0.0,7
673,-200.0,200,0.0,7
674,-200.0,200,0.0,7
675,-200.0,200,0.0,7
676,-200.0,200,0.0,7
677,-200.0,200,0.0,7
678,-200.0,200,0.0,7
679,-200.0,200,0.0,7
680,-200.0,200,0.0,7
681,-200.0,200,0.0,7
682,-200.0,200,0.0,7
683,-200.0,200,0.0,7
684,-200.0,200,0.0,7
685,-200.0,200,0.0,7
686,-200.0,200,0.0,7
687,-200.0,200,0.0,7
688,-200.0,200,0.0,7
689,-200.0,200,0.0,7
690,-200.0,200,0.0,7
691,-200.0,200,0.0,7
692,-200.0,200,0.0,7
693,-200.0,200,0.0,7
694,-200.0,200,0.0,7
695,-200.0,200,0.0,7
696,-200.0,200,0.0,7
697,-200.0,200,0.0,7
698,-200.0,200,0.0,7
699,-200.0,200,0.0,7
700,-200.0,200,0.0,7
701,-200.0,200,0.0,7
702,-200.0,200,0.0,7
703,-200.0,200,0.0,7
704,-200.0,200,0.0,7
705,-200.0,200,0.0,7
706,-200.0,200,0.0,7
707,-200.0,200,0.0,7
708,-200.0,200,0.0,7
709,-200.0,200,0.0,7
710,-200.0,200,0.0,7
711,-200.0,200,0.0,7
712,-200.0,200,0.0,7
713,-200.0,200,0.0,7
714,-200.0,200,0.0,7
715,-200.0,200,0.0,7
716,-200.0,200,0.0,7
717,-200.0,200,0.0,7
718,-200.0,200,0.0,7
719,-200.0,200,0.0,7
720,-200.0,200,0.0,7
721,-200.0,200,0.0,7
722,-200.0,200,0.0,7
723,-200.0,200,0.0,7
724,-200.0,200,0.0,7
725,-200.0,200,0.0,7
726,-200.0,200,0.0,7
727,-200.0,200,0.0,7
728,-200.0,200,0.0,7
729,-200.0,200,0.0,7
730,-200.0,200,0.0,7
731,-200.0,200,0.0,7
732,-200.0,200,0.0,7
733,-200.0,200,0.0,7
734,-200.0,200,0.0,7
735,-200.0,200,0.0,7
736,-200.0,200,0.0,7
737,-200.0,200,0.0,7
738,-200.0,200,0.0,7
739,-200.0,200,0.0,7
740,-200.0,200,0.0,7
741,-200.0,200,0.0,7
742,-200.0,200,0.0,7
743,-200.0,200,0.0,7
744,-200.0,200,0.0,7
745,-200.0,200,0.0,7
746,-200.0,200,0.0,7
747,-200.0,200,0.0,7
748,-200.0,200,0.0,7
749,-200.0,200,0.0,7
750,-200.0,200,0.0,7
751,-200.0,200,0.0,7
752,-200.0,200,0.0,7
753,-200.0,200,0.0,7
754,-200.0,200,0.0,7
755,-200.0,200,0.0,7
756,-200.0,200,0.0,7
757,-200.0,200,0.0,7
758,-200.0,200,0.0,7
759,-200.0,200,0.0,7
760,-200.0,200,0.0,7
761,-200.0,200,0.0,7
762,-200.0,200,0.0,7
763,-200.0,200,0.0,7
764,-200.0,200,0.0,7
765,-200.0,200,0.0,7
766,-200.0,200,0.0,7
767,-200.0,200,0.0,7
768,-200.0,200,0.0,7
769,-200.0,200,0.0,7
770,-200.0,200,0.0,7
771,-200.0,200,0.0,7
772,-200.0,200,0.0,7
773,-200.0,200,0.0,7
774,-200.0,200,0.0,7
775,-200.0,200,0.0,7
776,-200.0,200,0.0,7
777,-200.0,200,0.0,7
778,-200.0,200,0.0,7
779,-200.0,200,0.0,7
780,-200.0,200,0.0,7
781,-200.0,200,0.0,7
782,-200.0,200,0.0,7
783,-200.0,200,0.0,7
784,-200.0,200,0.0,7
785,-200.0,200,0.0,7
786,-200.0,200,0.0,7
787,-200.0,200,0.0,7
788,-200.0,200,0.0,7
789,-200.0,200,0.0,7
790,-200.0,200,0.0,7
791,-200.0,200,0.0,7
792,-200.0,200,0.0,7
793,-200.0,200,0.0,7
794,-200.0,200,0.0,7
795,-200.0,200,0.0,7
796,-200.0,200,0.0,7
797,-200.0,200,0.0,7
798,-200.0,200,0.0,7
799,-200.0,200,0.0,7
800,-200.0,200,0.0,7
801,-200.0,200,0.0,7
802,-200.0,200,0.0,7
803,-200.0,200,0.0,7
804,-200.0,200,0.0,7
805,-200.0,200,0.0,7
806,-200.0,200,0.0,7
807,-200.0,200,0.0,7
808,-200.0,200,0.0,7
809,-200.0,200,0.0,7
810,-200.0,200,0.0,7
811,-200.0,200,0.0,7
812,-200.0,200,0.0,7
813,-200.0,200,0.0,7
814,-200.0,200,0.0,7
815,-200.0,200,0.0,7
816,-200.0,200,0.0,7
817,-200.0,200,0.0,7
818,-200.0,200,0.0,7
819,-200.0,200,0.0,7
820,-200.0,200,0.0,7
821,-200.0,200,0.0,7
822,-200.0,200,0.0,7
823,-200.0,200,0.0,7
824,-200.0,200,0.0,7
825,-200.0,200,0.0,7
826,-200.0,200,0.0,7
827,-200.0,200,0.0,7
828,-200.0,200,0.0,7
829,-200.0,200,0.0,7
830,-200.0,200,0.0,7
831,-200.0,200,0.0,7
832,-200.0,200,0.0,7
833,-200.0,200,0.0,7
834,-200.0,200,0.0,7
835,-200.0,200,0.0,7
836,-200.0,200,0.0,7
837,-200.0,200,0.0,7
838,-200.0,200,0.0,7
839,-200.0,200,0.0,7
840,-200.0,200,0.0,7
841,-200.0,200,0.0,7
842,-200.0,200,0.0,7
843,-200.0,200,0.0,7
844,-200.0,200,0.0,7
845,-200.0,200,0.0,7
846,-200.0,200,0.0,7
847,-200.0,200,0.0,7
848,-200.0,200,0.0,7
849,-200.0,200,0.0,7
850,-200.0,200,0.0,7
851,-200.0,200,0.0,7
852,-200.0,200,0.0,7
853,-200.0,200,0.0,7
854,-200.0,200,0.0,7
855,-200.0,200,0.0,7
856,-200.0,200,0.0,7
857,-200.0,200,0.0,7
858,-200.0,200,0.0,7
859,-200.0,200,0.0,7
860,-200.0,200,0.0,7
861,-200.0,200,0.0,7
862,-200.0,200,0.0,7
863,-200.0,200,0.0,7
864,-200.0,200,0.0,7
865,-200.0,200,0.0,7
866,-200.0,200,0.0,7
867,-200.0,200,0.0,7
868,-200.0,200,0.0,7
869,-200.0,200,0.0,7
870,-200.0,200,0.0,7
871,-200.0,200,0.0,7
872,-200.0,200,0.0,7
873,-200.0,200,0.0,7
874,-200.0,200,0.0,7
875,-200.0,200,0.0,7
876,-200.0,200,0.0,7
877,-200.0,200,0.0,7
878,-200.0,200,0.0,7
879,-200.0,200,0.0,7
880,-200.0,200,0.0,7
881,-200.0,200,0.0,7
882,-200.0,200,0.0,7
883,-200.0,200,0.0,7
884,-200.0,200,0.0,7
885,-200.0,200,0.0,7
886,-200.0,200,0.0,7
887,-200.0,200,0.0,7
888,-200.0,200,0.0,7
889,-200.0,200,0.0,7
890,-200.0,200,0.0,7
891,-200.0,200,0.0,7
892,-200.0,200,0.0,7
893,-200.0,200,0.0,7
894,-200.0,200,0.0,7
895,-200.0,200,0.0,7
896,-200.0,200,0.0,7
897,-200.0,200,0.0,7
898,-200.0,200,0.0,7
899,-200.0,200,0.0,7
900,-200.0,200,0.0,7
901,-200.0,200,0.0,7
902,-200.0,200,0.0,7
903,-200.0,200,0.0,7
904,-200.0,200,0.0,7
905,-200.0,200,0.0,7
906,-200.0,200,0.0,7
907,-200.0,200,0.0,7
908,-200.0,200,0.0,7
909,-200.0,200,0.0,7
910,-200.0,200,0.0,7
911,-200.0,200,0.0,7
912,-200.0,200,0.0,7
913,-200.0,200,0.0,7
914,-200.0,200,0.0,7
915,-200.0,200,0.0,7
916,-200.0,200,0.0,7
917,-200.0,200,0.0,7
918,-200.0,200,0.0,7
919,-200.0,200,0.0,7
920,-200.0,200,0.0,7
921,-200.0,200,0.0,7
922,-200.0,200,0.0,7
923,-200.0,200,0.0,7
924,-200.0,200,0.0,7
925,-200.0,200,0.0,7
926,-200.0,200,0.0,7
927,-200.0,200,0.0,7
928,-200.0,200,0.0,7
929,-200.0,200,0.0,7
930,-200.0,200,0.0,7
931,-200.0,200,0.0,7
932,-200.0,200,0.0,7
933,-200.0,200,0.0,7
934,-200.0,200,0.0,7
935,-200.0,200,0.0,7
936,-200.0,200,0.0,7
937,-200.0,200,0.0,7
938,-200.0,200,0.0,7
939,-200.0,200,0.0,7
940,-200.0,200,0.0,7
941,-200.0,200,0.0,7
942,-200.0,200,0.0,7
943,-200.0,200,0.0,7
944,-200.0,200,0.0,7
945,-200.0,200,0.0,7
946,-200.0,200,0.0,7
947,-200.0,200,0.0,7
948,-200.0,200,0.0,7
949,-200.0,200,0.0,7
950,-200.0,200,0.0,7
951,-200.0,200,0.0,7
952,-200.0,200,0.0,7
953,-200.0,200,0.0,7
954,-200.0,200,0.0,7
955,-200.0,200,0.0,7
956,-200.0,200,0.0,7
957,-200.0,200,0.0,7
958,-200.0,200,0.0,7
959,-200.0,200,0.0,7
960,-200.0,200,0.0,7
961,-200.0,200,0.0,7
962,-200.0,200,0.0,7
963,-200.0,200,0.0,7
964,-200.0,200,0.0,7
965,-200.0,200,0.0,7
966,-200.0,200,0.0,7
967,-200.0,200,0.0,7
968,-200.0,200,0.0,7
969,-200.0,200,0.0,7
970,-200.0,200,0.0,7
971,-200.0,200,0.0,7
972,-200.0,200,0.0,7
973,-200.0,200,0.0,7
974,-200.0,200,0.0,7
975,-200.0,200,0.0,7
976,-200.0,200,0.0,7
977,-200.0,200,0.0,7
978,-200.0,200,0.0,7
979,-200.0,200,0.0,7
980,-200.0,200,0.0,7
981,-200.0,200,0.0,7
982,-200.0,200,0.0,7
983,-200.0,200,0.0,7
984,-200.0,200,0.0,7
985,-200.0,200,0.0,7
986,-200.0,200,0.0,7
987,-200.0,200,0.0,7
988,-200.0,200,0.0,7
989,-200.0,200,0.0,7
990,-200.0,200,0.0,7
991,-200.0,200,0.0,7
992,-200.0,200,0.0,7
993,-200.0,200,0.0,7
994,-200.0,200,0.0,7
995,-200.0,200,0.0,7
996,-200.0,200,0.0,7
997,-200.0,200,0.0,7
998,-200.0,200,0.0,7
999,-200.0,200,0.0,7
1000,-200.0,200,0.0,7
1001,-200.0,200,0.0,7
1002,-200.0,200,0.0,7
1003,-200.0,200,0.0,7
1004,-200.0,200,0.0,7
1005,-200.0,200,0.0,7
1006,-200.0,200,0.0,7
1007,-200.0,200,0.0,7
1008,-200.0,200,0.0,7
1009,-200.0,200,0.0,7
1010,-200.0,200,0.0,7
1011,-200.0,200,0.0,7
1012,-200.0,200,0.0,7
1013,-200.0,200,0.0,7
1014,-200.0,200,0.0,7
1015,-200.0,200,0.0,7
1016,-200.0,200,0.0,7
1017,-200.0,200,0.0,7
1018,-200.0,200,0.0,7
1019,-200.0,200,0.0,7
1020,-200.0,200,0.0,7
1021,-200.0,200,0.0,7
1022,-200.0,200,0.0,7
1023,-200.0,200,0.0,7
1024,-200.0,200,0.0,7
1025,-200.0,200,0.0,7
1026,-200.0,200,0.0,7
1027,-200.0,200,0.0,7
1028,-200.0,200,0.0,7
1029,-200.0,200,0.0,7
1030,-200.0,200,0.0,7
1031,-200.0,200,0.0,7
1032,-200.0,200,0.0,7
1033,-200.0,200,0.0,7
1034,-200.0,200,0.0,7
1035,-200.0,200,0.0,7
1036,-200.0,200,0.0,7
1037,-200.0,200,0.0,7
1038,-200.0,200,0.0,7
1039,-200.0,200,0.0,7
1040,-200.0,200,0.0,7
1041,-200.0,200,0.0,7
1042,-200.0,200,0.0,7
1043,-200.0,200,0.0,7
1044,-200.0,200,0.0,7
1045,-200.0,200,0.0,7
1046,-200.0,200,0.0,7
1047,-200.0,200,0.0,7
1048,-200.0,200,0.0,7
1049,-200.0,200,0.0,7
1050,-200.0,200,0.0,7
1051,-200.0,200,0.0,7
1052,-200.0,200,0.0,7
1053,-200.0,200,0.0,7
1054,-200.0,200,0.0,7
1055,-200.0,200,0.0,7
1056,-200.0,200,0.0,7
1057,-200.0,200,0.0,7
1058,-200.0,200,0.0,7
1059,-200.0,200,0.0,7
1060,-200.0,200,0.0,7
1061,-200.0,200,0.0,7
1062,-200.0,200,0.0,7
1063,-200.0,200,0.0,7
1064,-200.0,200,0.0,7
1065,-200.0,200,0.0,7
1066,-200.0,200,0.0,7
1067,-200.0,200,0.0,7
1068,-200.0,200,0.0,7
1069,-200.0,200,0.0,7
1070,-200.0,200,0.0,7
1071,-200.0,200,0.0,7
1072,-200.0,200,0.0,7
1073,-200.0,200,0.0,7
1074,-200.0,200,0.0,7
1075,-200.0,200,0.0,7
1076,-200.0,200,0.0,7
1077,-200.0,200,0.0,7
1078,-200.0,200,0.0,7
1079,-200.0,200,0.0,7
1080,-200.0,200,0.0,7
1081,-200.0,200,0.0,7
1082,-200.0,200,0.0,7
1083,-200.0,200,0.0,7
1084,-200.0,200,0.0,7
1085,-200.0,200,0.0,7
1086,-200.0,200,0.0,7
1087,-200.0,200,0.0,7
1088,-200.0,200,0.0,7
1089,-200.0,200,0.0,7
1090,-200.0,200,0.0,7
1091,-200.0,200,0.0,7
1092,-200.0,200,0.0,7
1093,-200.0,200,0.0,7
1094,-200.0,200,0.0,7
1095,-200.0,200,0.0,7
1096,-200.0,200,0.0,7
1097,-200.0,200,0.0,7
1098,-200.0,200,0.0,7
1099,-200.0,200,0.0,7
1100,-200.0,200,0.0,7
1101,-200.0,200,0.0,7
1102,-200.0,200,0.0,7
1103,-200.0,200,0.0,7
1104,-200.0,200,0.0,7
1105,-200.0,200,0.0,7
1106,-200.0,200,0.0,7
1107,-200.0,200,0.0,7
1108,-200.0,200,0.0,7
1109,-200.0,200,0.0,7
1110,-200.0,200,0.0,7
1111,-200.0,200,0.0,7
1112,-200.0,200,0.0,7
1113,-200.0,200,0.0,7
1114,-200.0,200,0.0,7
1115,-200.0,200,0.0,7
1116,-200.0,200,0.0,7
1117,-200.0,200,0.0,7
1118,-200.0,200,0.0,7
1119,-200.0,200,0.0,7
1120,-200.0,200,0.0,7
1121,-200.0,200,0.0,7
1122,-200.0,200,0.0,7
1123,-200.0,200,0.0,7
1124,-200.0,200,0.0,7
1125,-200.0,200,0.0,7
1126,-200.0,200,0.0,7
1127,-200.0,200,0.0,7
1128,-200.0,200,0.0,7
1129,-200.0,200,0.0,7
1130,-200.0,200,0.0,7
1131,-200.0,200,0.0,7
1132,-200.0,200,0.0,7
1133,-200.0,200,0.0,7
1134,-200.0,200,0.0,7
1135,-200.0,200,0.0,7
1136,-200.0,200,0.0,7
1137,-200.0,200,0.0,7
1138,-200.0,200,0.0,7
1139,-200.0,200,0.0,7
1140,-200.0,200,0.0,7
1141,-200.0,200,0.0,7
1142,-200.0,200,0.0,7
1143,-200.0,200,0.0,7
1144,-200.0,200,0.0,7
1145,-200.0,200,0.0,7
1146,-200.0,200,0.0,7
1147,-200.0,200,0.0,7
1148,-200.0,200,0.0,7
1149,-200.0,200,0.0,7
1150,-200.0,200,0.0,7
1151,-200.0,200,0.0,7
1152,-200.0,200,0.0,7
1153,-200.0,200,0.0,7
1154,-200.0,200,0.0,7
1155,-200.0,200,0.0,7
1156,-200.0,200,0.0,7
1157,-200.0,200,0.0,7
1158,-200.0,200,0.0,7
1159,-200.0,200,0.0,7
1160,-200.0,200,0.0,7
1161,-200.0,200,0.0,7
1162,-200.0,200,0.0,7
1163,-200.0,200,0.0,7
1164,-200.0,200,0.0,7
1165,-200.0,200,0.0,7
1166,-200.0,200,0.0,7
1167,-200.0,200,0.0,7
1168,-200.0,200,0.0,7
1169,-200.0,200,0.0,7
1170,-200.0,200,0.0,7
1171,-200.0,200,0.0,7
1172,-200.0,200,0.0,7
1173,-200.0,200,0.0,7
1174,-200.0,200,0.0,7
1175,-200.0,200,0.0,7
1176,-200.0,200,0.0,7
1177,-200.0,200,0.0,7
1178,-200.0,200,0.0,7
1179,-200.0,200,0.0,7
1180,-200.0,200,0.0,7
1181,-200.0,200,0.0,7
1182,-200.0,200,0.0,7
1183,-200.0,200,0.0,7
1184,-200.0,200,0.0,7
1185,-200.0,200,0.0,7
1186,-200.0,200,0.0,7
1187,-200.0,200,0.0,7
1188,-200.0,200,0.0,7
1189,-200.0,200,0.0,7
1190,-200.0,200,0.0,7
1191,-200.0,200,0.0,7
1192,-200.0,200,0.0,7
1193,-200.0,200,0.0,7
1194,-200.0,200,0.0,7
1195,-200.0,200,0.0,7
1196,-200.0,200,0.0,7
1197,-200.0,200,0.0,7
1198,-200.0,200,0.0,7
1199,-200.0,200,0.0,7
1200,-200.0,200,0.0,7
1201,-200.0,200,0.0,7
1202,-200.0,200,0.0,7
1203,-200.0,200,0.0,7
1204,-200.0,200,0.0,7
1205,-200.0,200,0.0,7
1206,-200.0,200,0.0,7
1207,-200.0,200,0.0,7
1208,-200.0,200,0.0,7
1209,-200.0,200,0.0,7
1210,-200.0,200,0.0,7
1211,-200.0,200,0.0,7
1212,-200.0,200,0.0,7
1213,-200.0,200,0.0,7
1214,-200.0,200,0.0,7
1215,-200.0,200,0.0,7
1216,-200.0,200,0.0,7
1217,-200.0,200,0.0,7
1218,-200.0,200,0.0,7
1219,-200.0,200,0.0,7
1220,-200.0,200,0.0,7
1221,-200.0,200,0.0,7
1222,-200.0,200,0.0,7
1223,-200.0,200,0.0,7
1224,-200.0,200,0.0,7
1225,-200.0,200,0.0,7
1226,-200.0,200,0.0,7
1227,-200.0,200,0.0,7
1228,-200.0,200,0.0,7
1229,-200.0,200,0.0,7
1230,-200.0,200,0.0,7
1231,-200.0,200,0.0,7
1232,-200.0,200,0.0,7
1233,-200.0,200,0.0,7
1234,-200.0,200,0.0,7
1235,-200.0,200,0.0,7
1236,-200.0,200,0.0,7
1237,-200.0,200,0.0,7
1238,-200.0,200,0.0,7
1239,-200.0,200,0.0,7
1240,-200.0,200,0.0,7
1241,-200.0,200,0.0,7
1242,-200.0,200,0.0,7
1243,-200.0,200,0.0,7
1244,-200.0,200,0.0,7
1245,-200.0,200,0.0,7
1246,-200.0,200,0.0,7
1247,-200.0,200,0.0,7
1248,-200.0,200,0.0,7
1249,-200.0,200,0.0,7
1250,-200.0,200,0.0,7
1251,-200.0,200,0.0,7
1252,-200.0,200,0.0,7
1253,-200.0,200,0.0,7
1254,-200.0,200,0.0,7
1255,-200.0,200,0.0,7
1256,-200.0,200,0.0,7
1257,-200.0,200,0.0,7
1258,-200.0,200,0.0,7
1259,-200.0,200,0.0,7
1260,-200.0,200,0.0,7
1261,-200.0,200,0.0,7
1262,-200.0,200,0.0,7
1263,-200.0,200,0.0,7
1264,-200.0,200,0.0,7
1265,-200.0,200,0.0,7
1266,-200.0,200,0.0,7
1267,-200.0,200,0.0,7
1268,-200.0,200,0.0,7
1269,-200.0,200,0.0,7
1270,-200.0,200,0.0,7
1271,-200.0,200,0.0,7
1272,-200.0,200,0.0,7
1273,-200.0,200,0.0,7
1274,-200.0,200,0.0,7
1275,-200.0,200,0.0,7
1276,-200.0,200,0.0,7
1277,-200.0,200,0.0,7
1278,-200.0,200,0.0,7
1279,-200.0,200,0.0,7
1280,-200.0,200,0.0,7
1281,-200.0,200,0.0,7
1282,-200.0,200,0.0,7
1283,-200.0,200,0.0,7
1284,-200.0,200,0.0,7
1285,-200.0,200,0.0,7
1286,-200.0,200,0.0,7
1287,-200.0,200,0.0,7
1288,-200.0,200,0.0,7
1289,-200.0,200,0.0,7
1290,-200.0,200,0.0,7
1291,-200.0,200,0.0,7
1292,-200.0,200,0.0,7
1293,-200.0,200,0.0,7
1294,-200.0,200,0.0,7
1295,-200.0,200,0.0,7
1296,-200.0,200,0.0,7
1297,-200.0,200,0.0,7
1298,-200.0,200,0.0,7
1299,-200.0,200,0.0,7
1300,-200.0,200,0.0,7
1301,-200.0,200,0.0,7
1302,-200.0,200,0.0,7
1303,-200.0,200,0.0,7
1304,-200.0,200,0.0,7
1305,-200.0,200,0.0,7
1306,-200.0,200,0.0,7
1307,-200.0,200,0.0,7
1308,-200.0,200,0.0,7
1309,-200.0,200,0.0,7
1310,-200.0,200,0.0,7
1311,-200.0,200,0.0,7
1312,-200.0,200,0.0,7
1313,-200.0,200,0.0,7
1314,-200.0,200,0.0,7
1315,-200.0,200,0.0,7
1316,-200.0,200,0.0,7
1317,-200.0,200,0.0,7
1318,-200.0,200,0.0,7
1319,-200.0,200,0.0,7
1320,-200.0,200,0.0,7
1321,-200.0,200,0.0,7
1322,-200.0,200,0.0,7
1323,-200.0,200,0.0,7
1324,-200.0,200,0.0,7
1325,-200.0,200,0.0,7
1326,-200.0,200,0.0,7
1327,-200.0,200,0.0,7
1328,-200.0,200,0.0,7
1329,-200.0,200,0.0,7
1330,-200.0,200,0.0,7
1331,-200.0,200,0.0,7
1332,-200.0,200,0.0,7
1333,-200.0,200,0.0,7
1334,-200.0,200,0.0,7
1335,-200.0,200,0.0,7
1336,-200.0,200,0.0,7
1337,-200.0,200,0.0,7
1338,-200.0,200,0.0,7
1339,-200.0,200,0.0,7
1340,-200.0,200,0.0,7
1341,-200.0,200,0.0,7
1342,-200.0,200,0.0,7
1343,-200.0,200,0.0,7
1344,-200.0,200,0.0,7
1345,-200.0,200,0.0,7
1346,-200.0,200,0.0,7
1347,-200.0,200,0.0,7
1348,-200.0,200,0.0,7
1349,-200.0,200,0.0,7
1350,-200.0,200,0.0,7
1351,-200.0,200,0.0,7
1352,-200.0,200,0.0,7
1353,-200.0,200,0.0,7
1354,-200.0,200,0.0,7
1355,-200.0,200,0.0,7
1356,-200.0,200,0.0,7
1357,-200.0,200,0.0,7
1358,-200.0,200,0.0,7
1359,-200.0,200,0.0,7
1360,-200.0,200,0.0,7
1361,-200.0,200,0.0,7
1362,-200.0,200,0.0,7
1363,-200.0,200,0.0,7
1364,-200.0,200,0.0,7
1365,-200.0,200,0.0,7
1366,-200.0,200,0.0,7
1367,-200.0,200,0.0,7
1368,-200.0,200,0.0,7
1369,-200.0,200,0.0,7
1370,-200.0,200,0.0,7
1371,-200.0,200,0.0,7
1372,-200.0,200,0.0,7
1373,-200.0,200,0.0,7
1374,-200.0,200,0.0,7
1375,-200.0,200,0.0,7
1376,-200.0,200,0.0,7
1377,-200.0,200,0.0,7
1378,-200.0,200,0.0,7
1379,-200.0,200,0.0,7
1380,-200.0,200,0.0,7
1381,-200.0,200,0.0,7
1382,-200.0,200,0.0,7
1383,-200.0,200,0.0,7
1384,-200.0,200,0.0,7
1385,-200.0,200,0.0,7
1386,-200.0,200,0.0,7
1387,-200.0,200,0.0,7
1388,-200.0,200,0.0,7
1389,-200.0,200,0.0,7
1390,-200.0,200,0.0,7
1391,-200.0,200,0.0,7
1392,-200.0,200,0.0,7
1393,-200.0,200,0.0,7
1394,-200.0,200,0.0,7
1395,-200.0,200,0.0,7
1396,-200.0,200,0.0,7
1397,-200.0,200,0.0,7
1398,-200.0,200,0.0,7
1399,-200.0,200,0.0,7
1400,-200.0,200,0.0,7
1401,-200.0,200,0.0,7
1402,-200.0,200,0.0,7
1403,-200.0,200,0.0,7
1404,-200.0,200,0.0,7
1405,-200.0,200,0.0,7
1406,-200.0,200,0.0,7
1407,-200.0,200,0.0,7
1408,-200.0,200,0.0,7
1409,-200.0,200,0.0,7
1410,-200.0,200,0.0,7
1411,-200.0,200,0.0,7
1412,-200.0,200,0.0,7
1413,-200.0,200,0.0,7
1414,-200.0,200,0.0,7
1415,-200.0,200,0.0,7
1416,-200.0,200,0.0,7
1417,-200.0,200,0.0,7
1418,-200.0,200,0.0,7
1419,-200.0,200,0.0,7
1420,-200.0,200,0.0,7
1421,-200.0,200,0.0,7
1422,-200.0,200,0.0,7
1423,-200.0,200,0.0,7
1424,-200.0,200,0.0,7
1425,-200.0,200,0.0,7
1426,-200.0,200,0.0,7
1427,-200.0,200,0.0,7
1428,-200.0,200,0.0,7
1429,-200.0,200,0.0,7
1430,-200.0,200,0.0,7
1431,-200.0,200,0.0,7
1432,-200.0,200,0.0,7
1433,-200.0,200,0.0,7
1434,-200.0,200,0.0,7
1435,-200.0,200,0.0,7
1436,-200.0,200,0.0,7
1437,-200.0,200,0.0,7
1438,-200.0,200,0.0,7
1439,-200.0,200,0.0,7
1440,-200.0,200,0.0,7
1441,-200.0,200,0.0,7
1442,-200.0,200,0.0,7
1443,-200.0,200,0.0,7
1444,-200.0,200,0.0,7
1445,-200.0,200,0.0,7
1446,-200.0,200,0.0,7
1447,-200.0,200,0.0,7
1448,-200.0,200,0.0,7
1449,-200.0,200,0.0,7
1450,-200.0,200,0.0,7
1451,-200.0,200,0.0,7
1452,-200.0,200,0.0,7
1453,-200.0,200,0.0,7
1454,-200.0,200,0.0,7
1455,-200.0,200,0.0,7
1456,-200.0,200,0.0,7
1457,-200.0,200,0.0,7
1458,-200.0,200,0.0,7
1459,-200.0,200,0.0,7
1460,-200.0,200,0.0,7
1461,-200.0,200,0.0,7
1462,-200.0,200,0.0,7
1463,-200.0,200,0.0,7
1464,-200.0,200,0.0,7
1465,-200.0,200,0.0,7
1466,-200.0,200,0.0,7
1467,-200.0,200,0.0,7
1468,-200.0,200,0.0,7
1469,-200.0,200,0.0,7
1470,-200.0,200,0.0,7
1471,-200.0,200,0.0,7
1472,-200.0,200,0.0,7
1473,-200.0,200,0.0,7
1474,-200.0,200,0.0,7
1475,-200.0,200,0.0,7
1476,-200.0,200,0.0,7
1477,-200.0,200,0.0,7
1478,-200.0,200,0.0,7
1479,-200.0,200,0.0,7
1480,-197.0,197,1.0,7
1481,-200.0,200,0.0,7
1482,-200.0,200,0.0,7
1483,-200.0,200,0.0,7
1484,-200.0,200,0.0,7
1485,-200.0,200,0.0,7
1486,-200.0,200,0.0,7
1487,-200.0,200,0.0,7
1488,-200.0,200,0.0,7
1489,-200.0,200,0.0,7
1490,-200.0,200,0.0,7
1491,-200.0,200,0.0,7
1492,-200.0,200,0.0,7
1493,-200.0,200,0.0,7
1494,-200.0,200,0.0,7
1495,-200.0,200,0.0,7
1496,-200.0,200,0.0,7
1497,-200.0,200,0.0,7
1498,-200.0,200,0.0,7
1499,-200.0,200,0.0,7
1500,-200.0,200,0.0,7
1501,-200.0,200,0.0,7
1502,-200.0,200,0.0,7
1503,-200.0,200,0.0,7
1504,-200.0,200,0.0,7
1505,-200.0,200,0.0,7
1506,-200.0,200,0.0,7
1507,-200.0,200,0.0,7
1508,-200.0,200,0.0,7
1509,-200.0,200,0.0,7
1510,-200.0,200,0.0,7
1511,-200.0,200,0.0,7
1512,-200.0,200,0.0,7
1513,-200.0,200,0.0,7
1514,-200.0,200,0.0,7
1515,-200.0,200,0.0,7
1516,-200.0,200,0.0,7
1517,-200.0,200,0.0,7
1518,-200.0,200,0.0,7
1519,-200.0,200,0.0,7
1520,-200.0,200,0.0,7
1521,-200.0,200,0.0,7
1522,-200.0,200,0.0,7
1523,-200.0,200,0.0,7
1524,-200.0,200,0.0,7
1525,-200.0,200,0.0,7
1526,-200.0,200,0.0,7
1527,-200.0,200,0.0,7
1528,-200.0,200,0.0,7
1529,-183.0,183,1.0,7
1530,-200.0,200,0.0,7
1531,-200.0,200,0.0,7
1532,-163.0,163,1.0,7
1533,-200.0,200,0.0,7
1534,-200.0,200,0.0,7
1535,-200.0,200,0.0,7
1536,-200.0,200,0.0,7
1537,-200.0,200,0.0,7
1538,-200.0,200,0.0,7
1539,-200.0,200,0.0,7
1540,-200.0,200,0.0,7
1541,-200.0,200,0.0,7
1542,-200.0,200,0.0,7
1543,-166.0,166,1.0,7
1544,-175.0,175,1.0,7
1545,-200.0,200,0.0,7
1546,-200.0,200,0.0,7
1547,-200.0,200,0.0,7
1548,-200.0,200,0.0,7
1549,-200.0,200,0.0,7
1550,-200.0,200,0.0,7
1551,-200.0,200,0.0,7
1552,-200.0,200,0.0,7
1553,-200.0,200,0.0,7
1554,-200.0,200,0.0,7
1555,-200.0,200,0.0,7
1556,-200.0,200,0.0,7
1557,-200.0,200,0.0,7
1558,-200.0,200,0.0,7
1559,-200.0,200,0.0,7
1560,-200.0,200,0.0,7
1561,-200.0,200,0.0,7
1562,-200.0,200,0.0,7
1563,-200.0,200,0.0,7
1564,-200.0,200,0.0,7
1565,-200.0,200,0.0,7
1566,-200.0,200,0.0,7
1567,-200.0,200,0.0,7
1568,-200.0,200,0.0,7
1569,-200.0,200,0.0,7
1570,-200.0,200,0.0,7
1571,-200.0,200,0.0,7
1572,-200.0,200,0.0,7
1573,-200.0,200,0.0,7
1574,-200.0,200,0.0,7
1575,-200.0,200,0.0,7
1576,-200.0,200,0.0,7
1577,-200.0,200,0.0,7
1578,-200.0,200,0.0,7
1579,-200.0,200,0.0,7
1580,-200.0,200,0.0,7
1581,-200.0,200,0.0,7
1582,-200.0,200,0.0,7
1583,-200.0,200,0.0,7
1584,-200.0,200,0.0,7
1585,-200.0,200,0.0,7
1586,-200.0,200,0.0,7
1587,-200.0,200,0.0,7
1588,-200.0,200,0.0,7
1589,-200.0,200,0.0,7
1590,-200.0,200,0.0,7
1591,-200.0,200,0.0,7
1592,-200.0,200,0.0,7
1593,-200.0,200,0.0,7
1594,-200.0,200,0.0,7
1595,-200.0,200,0.0,7
1596,-200.0,200,0.0,7
1597,-200.0,200,0.0,7
1598,-182.0,182,1.0,7
1599,-200.0,200,0.0,7
1600,-200.0,200,0.0,7
1601,-200.0,200,0.0,7
1602,-200.0,200,0.0,7
1603,-164.0,164,1.0,7
1604,-200.0,200,0.0,7
1605,-200.0,200,0.0,7
1606,-167.0,167,1.0,7
1607,-200.0,200,0.0,7
1608,-200.0,200,0.0,7
1609,-200.0,200,0.0,7
1610,-200.0,200,0.0,7
1611,-200.0,200,0.0,7
1612,-200.0,200,0.0,7
1613,-188.0,188,1.0,7
1614,-200.0,200,0.0,7
1615,-200.0,200,0.0,7
1616,-200.0,200,0.0,7
1617,-200.0,200,0.0,7
1618,-200.0,200,0.0,7
1619,-200.0,200,0.0,7
1620,-200.0,200,0.0,7
1621,-171.0,171,1.0,7
1622,-200.0,200,0.0,7
1623,-200.0,200,0.0,7
1624,-200.0,200,0.0,7
1625,-200.0,200,0.0,7
1626,-200.0,200,0.0,7
1627,-200.0,200,0.0,7
1628,-200.0,200,0.0,7
1629,-200.0,200,0.0,7
1630,-200.0,200,0.0,7
1631,-195.0,195,1.0,7
1632,-200.0,200,0.0,7
1633,-165.0,165,1.0,7
1634,-200.0,200,0.0,7
1635,-200.0,200,0.0,7
1636,-200.0,200,0.0,7
1637,-200.0,200,0.0,7
1638,-200.0,200,0.0,7
1639,-200.0,200,0.0,7
1640,-200.0,200,0.0,7
1641,-200.0,200,0.0,7
1642,-200.0,200,0.0,7
1643,-200.0,200,0.0,7
1644,-200.0,200,0.0,7
1645,-200.0,200,0.0,7
1646,-200.0,200,0.0,7
1647,-200.0,200,0.0,7
1648,-200.0,200,0.0,7
1649,-200.0,200,0.0,7
1650,-200.0,200,0.0,7
1651,-200.0,200,0.0,7
1652,-200.0,200,0.0,7
1653,-200.0,200,0.0,7
1654,-200.0,200,0.0,7
1655,-200.0,200,0.0,7
1656,-200.0,200,0.0,7
1657,-200.0,200,0.0,7
1658,-200.0,200,0.0,7
1659,-200.0,200,0.0,7
1660,-200.0,200,0.0,7
1661,-200.0,200,0.0,7
1662,-200.0,200,0.0,7
1663,-200.0,200,0.0,7
1664,-200.0,200,0.0,7
1665,-200.0,200,0.0,7
1666,-200.0,200,0.0,7
1667,-200.0,200,0.0,7
1668,-200.0,200,0.0,7
1669,-200.0,200,0.0,7
1670,-200.0,200,0.0,7
1671,-200.0,200,0.0,7
1672,-200.0,200,0.0,7
1673,-200.0,200,0.0,7
1674,-200.0,200,0.0,7
1675,-200.0,200,0.0,7
1676,-200.0,200,0.0,7
1677,-200.0,200,0.0,7
1678,-200.0,200,0.0,7
1679,-200.0,200,0.0,7
1680,-200.0,200,0.0,7
1681,-200.0,200,0.0,7
1682,-200.0,200,0.0,7
1683,-200.0,200,0.0,7
1684,-200.0,200,0.0,7
1685,-200.0,200,0.0,7
1686,-200.0,200,0.0,7
1687,-200.0,200,0.0,7
1688,-200.0,200,0.0,7
1689,-200.0,200,0.0,7
1690,-200.0,200,0.0,7
1691,-200.0,200,0.0,7
1692,-200.0,200,0.0,7
1693,-200.0,200,0.0,7
1694,-200.0,200,0.0,7
1695,-200.0,200,0.0,7
1696,-200.0,200,0.0,7
1697,-200.0,200,0.0,7
1698,-200.0,200,0.0,7
1699,-200.0,200,0.0,7
1700,-200.0,200,0.0,7
1701,-200.0,200,0.0,7
1702,-200.0,200,0.0,7
1703,-200.0,200,0.0,7
1704,-200.0,200,0.0,7
1705,-200.0,200,0.0,7
1706,-200.0,200,0.0,7
1707,-200.0,200,0.0,7
1708,-200.0,200,0.0,7
1709,-200.0,200,0.0,7
1710,-200.0,200,0.0,7
1711,-200.0,200,0.0,7
1712,-200.0,200,0.0,7
1713,-200.0,200,0.0,7
1714,-200.0,200,0.0,7
1715,-200.0,200,0.0,7
1716,-200.0,200,0.0,7
1717,-200.0,200,0.0,7
1718,-200.0,200,0.0,7
1719,-200.0,200,0.0,7
1720,-200.0,200,0.0,7
1721,-200.0,200,0.0,7
1722,-200.0,200,0.0,7
1723,-200.0,200,0.0,7
1724,-200.0,200,0.0,7
1725,-200.0,200,0.0,7
1726,-200.0,200,0.0,7
1727,-200.0,200,0.0,7
1728,-200.0,200,0.0,7
1729,-200.0,200,0.0,7
1730,-200.0,200,0.0,7
1731,-200.0,200,0.0,7
1732,-200.0,200,0.0,7
1733,-200.0,200,0.0,7
1734,-200.0,200,0.0,7
1735,-200.0,200,0.0,7
1736,-174.0,174,1.0,7
1737,-174.0,174,1.0,7
1738,-200.0,200,0.0,7
1739,-200.0,200,0.0,7
1740,-200.0,200,0.0,7
1741,-200.0,200,0.0,7
1742,-200.0,200,0.0,7
1743,-170.0,170,1.0,7
1744,-200.0,200,0.0,7
1745,-200.0,200,0.0,7
1746,-200.0,200,0.0,7
1747,-164.0,164,1.0,7
1748,-200.0,200,0.0,7
1749,-200.0,200,0.0,7
1750,-200.0,200,0.0,7
1751,-200.0,200,0.0,7
1752,-200.0,200,0.0,7
1753,-200.0,200,0.0,7
1754,-200.0,200,0.0,7
1755,-200.0,200,0.0,7
1756,-200.0,200,0.0,7
1757,-200.0,200,0.0,7
1758,-200.0,200,0.0,7
1759,-200.0,200,0.0,7
1760,-200.0,200,0.0,7
1761,-200.0,200,0.0,7
1762,-200.0,200,0.0,7
1763,-200.0,200,0.0,7
1764,-200.0,200,0.0,7
1765,-200.0,200,0.0,7
1766,-200.0,200,0.0,7
1767,-200.0,200,0.0,7
1768,-200.0,200,0.0,7
1769,-200.0,200,0.0,7
1770,-200.0,200,0.0,7
1771,-200.0,200,0.0,7
1772,-200.0,200,0.0,7
1773,-200.0,200,0.0,7
1774,-200.0,200,0.0,7
1775,-170.0,170,1.0,7
1776,-200.0,200,0.0,7
1777,-200.0,200,0.0,7
1778,-200.0,200,0.0,7
1779,-200.0,200,0.0,7
1780,-169.0,169,1.0,7
1781,-200.0,200,0.0,7
1782,-200.0,200,0.0,7
1783,-200.0,200,0.0,7
1784,-200.0,200,0.0,7
1785,-200.0,200,0.0,7
1786,-200.0,200,0.0,7
1787,-200.0,200,0.0,7
1788,-200.0,200,0.0,7
1789,-200.0,200,0.0,7
1790,-200.0,200,0.0,7
1791,-200.0,200,0.0,7
1792,-200.0,200,0.0,7
1793,-200.0,200,0.0,7
1794,-200.0,200,0.0,7
1795,-200.0,200,0.0,7
1796,-200.0,200,0.0,7
1797,-200.0,200,0.0,7
1798,-200.0,200,0.0,7
1799,-200.0,200,0.0,7
1800,-200.0,200,0.0,7
1801,-200.0,200,0.0,7
1802,-200.0,200,0.0,7
1803,-200.0,200,0.0,7
1804,-200.0,200,0.0,7
1805,-200.0,200,0.0,7
1806,-200.0,200,0.0,7
1807,-200.0,200,0.0,7
1808,-200.0,200,0.0,7
1809,-200.0,200,0.0,7
1810,-171.0,171,1.0,7
1811,-200.0,200,0.0,7
1812,-200.0,200,0.0,7
1813,-197.0,197,1.0,7
1814,-200.0,200,0.0,7
1815,-200.0,200,0.0,7
1816,-200.0,200,0.0,7
1817,-200.0,200,0.0,7
1818,-200.0,200,0.0,7
1819,-200.0,200,0.0,7
1820,-200.0,200,0.0,7
1821,-200.0,200,0.0,7
1822,-192.0,192,1.0,7
1823,-200.0,200,0.0,7
1824,-200.0,200,0.0,7
1825,-200.0,200,0.0,7
1826,-200.0,200,0.0,7
1827,-200.0,200,0.0,7
1828,-200.0,200,0.0,7
1829,-200.0,200,0.0,7
1830,-200.0,200,0.0,7
1831,-200.0,200,0.0,7
1832,-200.0,200,0.0,7
1833,-200.0,200,0.0,7
1834,-200.0,200,0.0,7
1835,-200.0,200,0.0,7
1836,-200.0,200,0.0,7
1837,-200.0,200,0.0,7
1838,-169.0,169,1.0,7
1839,-200.0,200,0.0,7
1840,-200.0,200,0.0,7
1841,-200.0,200,0.0,7
1842,-200.0,200,0.0,7
1843,-200.0,200,0.0,7
1844,-200.0,200,0.0,7
1845,-200.0,200,0.0,7
1846,-200.0,200,0.0,7
1847,-200.0,200,0.0,7
1848,-200.0,200,0.0,7
1849,-200.0,200,0.0,7
1850,-200.0,200,0.0,7
1851,-200.0,200,0.0,7
1852,-200.0,200,0.0,7
1853,-200.0,200,0.0,7
1854,-200.0,200,0.0,7
1855,-200.0,200,0.0,7
1856,-200.0,200,0.0,7
1857,-200.0,200,0.0,7
1858,-200.0,200,0.0,7
1859,-200.0,200,0.0,7
1860,-200.0,200,0.0,7
1861,-200.0,200,0.0,7
1862,-200.0,200,0.0,7
1863,-200.0,200,0.0,7
1864,-200.0,200,0.0,7
1865,-200.0,200,0.0,7
1866,-200.0,200,0.0,7
1867,-200.0,200,0.0,7
1868,-200.0,200,0.0,7
1869,-200.0,200,0.0,7
1870,-200.0,200,0.0,7
1871,-198.0,198,1.0,7
1872,-200.0,200,0.0,7
1873,-200.0,200,0.0,7
1874,-200.0,200,0.0,7
1875,-200.0,200,0.0,7
1876,-191.0,191,1.0,7
1877,-200.0,200,0.0,7
1878,-165.0,165,1.0,7
1879,-167.0,167,1.0,7
1880,-200.0,200,0.0,7
1881,-176.0,176,1.0,7
1882,-200.0,200,0.0,7
1883,-200.0,200,0.0,7
1884,-200.0,200,0.0,7
1885,-200.0,200,0.0,7
1886,-200.0,200,0.0,7
1887,-200.0,200,0.0,7
1888,-200.0,200,0.0,7
1889,-200.0,200,0.0,7
1890,-200.0,200,0.0,7
1891,-200.0,200,0.0,7
1892,-200.0,200,0.0,7
1893,-200.0,200,0.0,7
1894,-200.0,200,0.0,7
1895,-200.0,200,0.0,7
1896,-200.0,200,0.0,7
1897,-200.0,200,0.0,7
1898,-200.0,200,0.0,7
1899,-177.0,177,1.0,7
1900,-170.0,170,1.0,7
1901,-200.0,200,0.0,7
1902,-200.0,200,0.0,7
1903,-198.0,198,1.0,7
1904,-200.0,200,0.0,7
1905,-200.0,200,0.0,7
1906,-200.0,200,0.0,7
1907,-200.0,200,0.0,7
1908,-200.0,200,0.0,7
1909,-200.0,200,0.0,7
1910,-166.0,166,1.0,7
1911,-200.0,200,0.0,7
1912,-200.0,200,0.0,7
1913,-174.0,174,1.0,7
1914,-165.0,165,1.0,7
1915,-200.0,200,0.0,7
1916,-200.0,200,0.0,7
1917,-200.0,200,0.0,7
1918,-200.0,200,0.0,7
1919,-198.0,198,1.0,7
1920,-194.0,194,1.0,7
1921,-183.0,183,1.0,7
1922,-200.0,200,0.0,7
1923,-200.0,200,0.0,7
1924,-180.0,180,1.0,7
1925,-200.0,200,0.0,7
1926,-200.0,200,0.0,7
1927,-200.0,200,0.0,7
1928,-200.0,200,0.0,7
1929,-200.0,200,0.0,7
1930,-200.0,200,0.0,7
1931,-200.0,200,0.0,7
1932,-200.0,200,0.0,7
1933,-200.0,200,0.0,7
1934,-200.0,200,0.0,7
1935,-200.0,200,0.0,7
1936,-157.0,157,1.0,7
1937,-196.0,196,1.0,7
1938,-196.0,196,1.0,7
1939,-200.0,200,0.0,7
1940,-162.0,162,1.0,7
1941,-200.0,200,0.0,7
1942,-200.0,200,0.0,7
1943,-200.0,200,0.0,7
1944,-158.0,158,1.0,7
1945,-200.0,200,0.0,7
1946,-200.0,200,0.0,7
1947,-156.0,156,1.0,7
1948,-196.0,196,1.0,7
1949,-200.0,200,0.0,7
1950,-200.0,200,0.0,7
1951,-200.0,200,0.0,7
1952,-200.0,200,0.0,7
1953,-200.0,200,0.0,7
1954,-200.0,200,0.0,7
1955,-200.0,200,0.0,7
1956,-200.0,200,0.0,7
1957,-200.0,200,0.0,7
1958,-200.0,200,0.0,7
1959,-200.0,200,0.0,7
1960,-200.0,200,0.0,7
1961,-200.0,200,0.0,7
1962,-200.0,200,0.0,7
1963,-200.0,200,0.0,7
1964,-200.0,200,0.0,7
1965,-200.0,200,0.0,7
1966,-200.0,200,0.0,7
1967,-200.0,200,0.0,7
1968,-200.0,200,0.0,7
1969,-198.0,198,1.0,7
1970,-200.0,200,0.0,7
1971,-200.0,200,0.0,7
1972,-200.0,200,0.0,7
1973,-200.0,200,0.0,7
1974,-192.0,192,1.0,7
1975,-195.0,195,1.0,7
1976,-158.0,158,1.0,7
1977,-200.0,200,0.0,7
1978,-200.0,200,0.0,7
1979,-198.0,198,1.0,7
1980,-200.0,200,0.0,7
1981,-200.0,200,0.0,7
1982,-178.0,178,1.0,7
1983,-168.0,168,1.0,7
1984,-180.0,180,1.0,7
1985,-200.0,200,0.0,7
1986,-200.0,200,0.0,7
1987,-200.0,200,0.0,7
1988,-170.0,170,1.0,7
1989,-200.0,200,0.0,7
1990,-200.0,200,0.0,7
1991,-200.0,200,0.0,7
1992,-171.0,171,1.0,7
1993,-200.0,200,0.0,7
1994,-200.0,200,0.0,7
1995,-194.0,194,1.0,7
1996,-164.0,164,1.0,7
1997,-200.0,200,0.0,7
1998,-200.0,200,0.0,7
1999,-200.0,200,0.0,7
2000,-200.0,200,0.0,7
2001,-200.0,200,0.0,7
2002,-200.0,200,0.0,7
2003,-179.0,179,1.0,7
2004,-200.0,200,0.0,7
2005,-174.0,174,1.0,7
2006,-163.0,163,1.0,7
2007,-167.0,167,1.0,7
2008,-199.0,199,1.0,7
2009,-196.0,196,1.0,7
2010,-200.0,200,0.0,7
2011,-200.0,200,0.0,7
2012,-176.0,176,1.0,7
2013,-200.0,200,0.0,7
2014,-200.0,200,0.0,7
2015,-200.0,200,0.0,7
2016,-200.0,200,0.0,7
2017,-200.0,200,0.0,7
2018,-160.0,160,1.0,7
2019,-200.0,200,0.0,7
2020,-200.0,200,0.0,7
2021,-200.0,200,0.0,7
2022,-200.0,200,0.0,7
2023,-200.0,200,0.0,7
2024,-191.0,191,1.0,7
2025,-200.0,200,0.0,7
2026,-200.0,200,0.0,7
2027,-200.0,200,0.0,7
2028,-200.0,200,0.0,7
2029,-200.0,200,0.0,7
2030,-200.0,200,0.0,7
2031,-200.0,200,0.0,7
2032,-200.0,200,0.0,7
2033,-200.0,200,0.0,7
2034,-200.0,200,0.0,7
2035,-200.0,200,0.0,7
2036,-200.0,200,0.0,7
2037,-200.0,200,0.0,7
2038,-200.0,200,0.0,7
2039,-200.0,200,0.0,7
2040,-200.0,200,0.0,7
2041,-200.0,200,0.0,7
2042,-200.0,200,0.0,7
2043,-200.0,200,0.0,7
2044,-200.0,200,0.0,7
2045,-200.0,200,0.0,7
2046,-200.0,200,0.0,7
2047,-200.0,200,0.0,7
2048,-200.0,200,0.0,7
2049,-200.0,200,0.0,7
2050,-200.0,200,0.0,7
2051,-200.0,200,0.0,7
2052,-200.0,200,0.0,7
2053,-200.0,200,0.0,7
2054,-200.0,200,0.0,7
2055,-200.0,200,0.0,7
2056,-200.0,200,0.0,7
2057,-200.0,200,0.0,7
2058,-200.0,200,0.0,7
2059,-200.0,200,0.0,7
2060,-200.0,200,0.0,7
2061,-200.0,200,0.0,7
2062,-200.0,200,0.0,7
2063,-200.0,200,0.0,7
2064,-200.0,200,0.0,7
2065,-200.0,200,0.0,7
2066,-200.0,200,0.0,7
2067,-200.0,200,0.0,7
2068,-200.0,200,0.0,7
2069,-200.0,200,0.0,7
2070,-200.0,200,0.0,7
2071,-200.0,200,0.0,7
2072,-200.0,200,0.0,7
2073,-200.0,200,0.0,7
2074,-200.0,200,0.0,7
2075,-195.0,195,1.0,7
2076,-160.0,160,1.0,7
2077,-200.0,200,0.0,7
2078,-160.0,160,1.0,7
2079,-200.0,200,0.0,7
2080,-200.0,200,0.0,7
2081,-200.0,200,0.0,7
2082,-180.0,180,1.0,7
2083,-200.0,200,0.0,7
2084,-200.0,200,0.0,7
2085,-165.0,165,1.0,7
2086,-200.0,200,0.0,7
2087,-200.0,200,0.0,7
2088,-200.0,200,0.0,7
2089,-200.0,200,0.0,7
2090,-200.0,200,0.0,7
2091,-200.0,200,0.0,7
2092,-200.0,200,0.0,7
2093,-200.0,200,0.0,7
2094,-200.0,200,0.0,7
2095,-200.0,200,0.0,7
2096,-200.0,200,0.0,7
2097,-200.0,200,0.0,7
2098,-200.0,200,0.0,7
2099,-200.0,200,0.0,7
2100,-200.0,200,0.0,7
2101,-200.0,200,0.0,7
2102,-200.0,200,0.0,7
2103,-200.0,200,0.0,7
2104,-200.0,200,0.0,7
2105,-200.0,200,0.0,7
2106,-200.0,200,0.0,7
2107,-200.0,200,0.0,7
2108,-200.0,200,0.0,7
2109,-200.0,200,0.0,7
2110,-200.0,200,0.0,7
2111,-200.0,200,0.0,7
2112,-200.0,200,0.0,7
2113,-200.0,200,0.0,7
2114,-200.0,200,0.0,7
2115,-200.0,200,0.0,7
2116,-200.0,200,0.0,7
2117,-196.0,196,1.0,7
2118,-200.0,200,0.0,7
2119,-200.0,200,0.0,7
2120,-200.0,200,0.0,7
2121,-200.0,200,0.0,7
2122,-200.0,200,0.0,7
2123,-200.0,200,0.0,7
2124,-195.0,195,1.0,7
2125,-200.0,200,0.0,7
2126,-200.0,200,0.0,7
2127,-200.0,200,0.0,7
2128,-200.0,200,0.0,7
2129,-200.0,200,0.0,7
2130,-200.0,200,0.0,7
2131,-200.0,200,0.0,7
2132,-200.0,200,0.0,7
2133,-200.0,200,0.0,7
2134,-200.0,200,0.0,7
2135,-200.0,200,0.0,7
2136,-200.0,200,0.0,7
2137,-200.0,200,0.0,7
2138,-200.0,200,0.0,7
2139,-200.0,200,0.0,7
2140,-200.0,200,0.0,7
2141,-200.0,200,0.0,7
2142,-200.0,200,0.0,7
2143,-200.0,200,0.0,7
2144,-200.0,200,0.0,7
2145,-200.0,200,0.0,7
2146,-199.0,199,1.0,7
2147,-200.0,200,0.0,7
2148,-200.0,200,0.0,7
2149,-200.0,200,0.0,7
2150,-200.0,200,0.0,7
2151,-200.0,200,0.0,7
2152,-200.0,200,0.0,7
2153,-200.0,200,0.0,7
2154,-200.0,200,0.0,7
2155,-200.0,200,0.0,7
2156,-194.0,194,1.0,7
2157,-200.0,200,0.0,7
2158,-200.0,200,0.0,7
2159,-200.0,200,0.0,7
2160,-200.0,200,0.0,7
2161,-200.0,200,0.0,7
2162,-200.0,200,0.0,7
2163,-200.0,200,0.0,7
2164,-200.0,200,0.0,7
2165,-200.0,200,0.0,7
2166,-200.0,200,0.0,7
2167,-200.0,200,0.0,7
2168,-200.0,200,0.0,7
2169,-157.0,157,1.0,7
2170,-160.0,160,1.0,7
2171,-151.0,151,1.0,7
2172,-200.0,200,0.0,7
2173,-200.0,200,0.0,7
2174,-200.0,200,0.0,7
2175,-200.0,200,0.0,7
2176,-159.0,159,1.0,7
2177,-200.0,200,0.0,7
2178,-200.0,200,0.0,7
2179,-200.0,200,0.0,7
2180,-200.0,200,0.0,7
2181,-195.0,195,1.0,7
2182,-200.0,200,0.0,7
2183,-200.0,200,0.0,7
2184,-200.0,200,0.0,7
2185,-200.0,200,0.0,7
2186,-200.0,200,0.0,7
2187,-200.0,200,0.0,7
2188,-200.0,200,0.0,7
2189,-167.0,167,1.0,7
2190,-200.0,200,0.0,7
2191,-165.0,165,1.0,7
2192,-200.0,200,0.0,7
2193,-200.0,200,0.0,7
2194,-200.0,200,0.0,7
2195,-200.0,200,0.0,7
2196,-200.0,200,0.0,7
2197,-200.0,200,0.0,7
2198,-200.0,200,0.0,7
2199,-200.0,200,0.0,7
2200,-200.0,200,0.0,7
2201,-172.0,172,1.0,7
2202,-198.0,198,1.0,7
2203,-200.0,200,0.0,7
2204,-200.0,200,0.0,7
2205,-200.0,200,0.0,7
2206,-200.0,200,0.0,7
2207,-197.0,197,1.0,7
2208,-200.0,200,0.0,7
2209,-197.0,197,1.0,7
2210,-197.0,197,1.0,7
2211,-200.0,200,0.0,7
2212,-200.0,200,0.0,7
2213,-200.0,200,0.0,7
2214,-200.0,200,0.0,7
2215,-200.0,200,0.0,7
2216,-200.0,200,0.0,7
2217,-197.0,197,1.0,7
2218,-189.0,189,1.0,7
2219,-159.0,159,1.0,7
2220,-200.0,200,0.0,7
2221,-200.0,200,0.0,7
2222,-198.0,198,1.0,7
2223,-200.0,200,0.0,7
2224,-200.0,200,0.0,7
2225,-197.0,197,1.0,7
2226,-200.0,200,0.0,7
2227,-200.0,200,0.0,7
2228,-200.0,200,0.0,7
2229,-200.0,200,0.0,7
2230,-199.0,199,1.0,7
2231,-160.0,160,1.0,7
2232,-196.0,196,1.0,7
2233,-200.0,200,0.0,7
2234,-200.0,200,0.0,7
2235,-200.0,200,0.0,7
2236,-200.0,200,0.0,7
2237,-200.0,200,0.0,7
2238,-200.0,200,0.0,7
2239,-200.0,200,0.0,7
2240,-200.0,200,0.0,7
2241,-200.0,200,0.0,7
2242,-200.0,200,0.0,7
2243,-200.0,200,0.0,7
2244,-200.0,200,0.0,7
2245,-200.0,200,0.0,7
2246,-199.0,199,1.0,7
2247,-200.0,200,0.0,7
2248,-200.0,200,0.0,7
2249,-200.0,200,0.0,7
2250,-200.0,200,0.0,7
2251,-200.0,200,0.0,7
2252,-191.0,191,1.0,7
2253,-200.0,200,0.0,7
2254,-200.0,200,0.0,7
2255,-197.0,197,1.0,7
2256,-200.0,200,0.0,7
2257,-200.0,200,0.0,7
2258,-200.0,200,0.0,7
2259,-200.0,200,0.0,7
2260,-200.0,200,0.0,7
2261,-200.0,200,0.0,7
2262,-200.0,200,0.0,7
2263,-200.0,200,0.0,7
2264,-200.0,200,0.0,7
2265,-200.0,200,0.0,7
2266,-200.0,200,0.0,7
2267,-200.0,200,0.0,7
2268,-200.0,200,0.0,7
2269,-195.0,195,1.0,7
2270,-195.0,195,1.0,7
2271,-200.0,200,0.0,7
2272,-200.0,200,0.0,7
2273,-200.0,200,0.0,7
2274,-200.0,200,0.0,7
2275,-200.0,200,0.0,7
2276,-200.0,200,0.0,7
2277,-200.0,200,0.0,7
2278,-200.0,200,0.0,7
2279,-200.0,200,0.0,7
2280,-200.0,200,0.0,7
2281,-154.0,154,1.0,7
2282,-200.0,200,0.0,7
2283,-194.0,194,1.0,7
2284,-200.0,200,0.0,7
2285,-188.0,188,1.0,7
2286,-200.0,200,0.0,7
2287,-200.0,200,0.0,7
2288,-200.0,200,0.0,7
2289,-200.0,200,0.0,7
2290,-200.0,200,0.0,7
2291,-190.0,190,1.0,7
2292,-200.0,200,0.0,7
2293,-200.0,200,0.0,7
2294,-200.0,200,0.0,7
2295,-200.0,200,0.0,7
2296,-200.0,200,0.0,7
2297,-186.0,186,1.0,7
2298,-200.0,200,0.0,7
2299,-200.0,200,0.0,7
2300,-198.0,198,1.0,7
2301,-200.0,200,0.0,7
2302,-200.0,200,0.0,7
2303,-200.0,200,0.0,7
2304,-189.0,189,1.0,7
2305,-200.0,200,0.0,7
2306,-200.0,200,0.0,7
2307,-200.0,200,0.0,7
2308,-200.0,200,0.0,7
2309,-200.0,200,0.0,7
2310,-195.0,195,1.0,7
2311,-200.0,200,0.0,7
2312,-200.0,200,0.0,7
2313,-200.0,200,0.0,7
2314,-200.0,200,0.0,7
2315,-200.0,200,0.0,7
2316,-200.0,200,0.0,7
2317,-200.0,200,0.0,7
2318,-200.0,200,0.0,7
2319,-200.0,200,0.0,7
2320,-200.0,200,0.0,7
2321,-200.0,200,0.0,7
2322,-195.0,195,1.0,7
2323,-200.0,200,0.0,7
2324,-193.0,193,1.0,7
2325,-200.0,200,0.0,7
2326,-200.0,200,0.0,7
2327,-200.0,200,0.0,7
2328,-200.0,200,0.0,7
2329,-200.0,200,0.0,7
2330,-188.0,188,1.0,7
2331,-194.0,194,1.0,7
2332,-200.0,200,0.0,7
2333,-192.0,192,1.0,7
2334,-200.0,200,0.0,7
2335,-200.0,200,0.0,7
2336,-200.0,200,0.0,7
2337,-200.0,200,0.0,7
2338,-194.0,194,1.0,7
2339,-200.0,200,0.0,7
2340,-200.0,200,0.0,7
2341,-200.0,200,0.0,7
2342,-190.0,190,1.0,7
2343,-200.0,200,0.0,7
2344,-192.0,192,1.0,7
2345,-196.0,196,1.0,7
2346,-200.0,200,0.0,7
2347,-200.0,200,0.0,7
2348,-200.0,200,0.0,7
2349,-191.0,191,1.0,7
2350,-200.0,200,0.0,7
2351,-200.0,200,0.0,7
2352,-200.0,200,0.0,7
2353,-200.0,200,0.0,7
2354,-200.0,200,0.0,7
2355,-199.0,199,1.0,7
2356,-200.0,200,0.0,7
2357,-200.0,200,0.0,7
2358,-200.0,200,0.0,7
2359,-200.0,200,0.0,7
2360,-181.0,181,1.0,7
2361,-200.0,200,0.0,7
2362,-200.0,200,0.0,7
2363,-200.0,200,0.0,7
2364,-192.0,192,1.0,7
2365,-193.0,193,1.0,7
2366,-195.0,195,1.0,7
2367,-200.0,200,0.0,7
2368,-200.0,200,0.0,7
2369,-200.0,200,0.0,7
2370,-200.0,200,0.0,7
2371,-167.0,167,1.0,7
2372,-200.0,200,0.0,7
2373,-200.0,200,0.0,7
2374,-180.0,180,1.0,7
2375,-200.0,200,0.0,7
2376,-200.0,200,0.0,7
2377,-200.0,200,0.0,7
2378,-156.0,156,1.0,7
2379,-170.0,170,1.0,7
2380,-192.0,192,1.0,7
2381,-171.0,171,1.0,7
2382,-162.0,162,1.0,7
2383,-200.0,200,0.0,7
2384,-189.0,189,1.0,7
2385,-200.0,200,0.0,7
2386,-200.0,200,0.0,7
2387,-200.0,200,0.0,7
2388,-200.0,200,0.0,7
2389,-200.0,200,0.0,7
2390,-176.0,176,1.0,7
2391,-200.0,200,0.0,7
2392,-168.0,168,1.0,7
2393,-200.0,200,0.0,7
2394,-200.0,200,0.0,7
2395,-200.0,200,0.0,7
2396,-200.0,200,0.0,7
2397,-200.0,200,0.0,7
2398,-200.0,200,0.0,7
2399,-169.0,169,1.0,7
2400,-176.0,176,1.0,7
2401,-200.0,200,0.0,7
2402,-184.0,184,1.0,7
2403,-160.0,160,1.0,7
2404,-200.0,200,0.0,7
2405,-200.0,200,0.0,7
2406,-170.0,170,1.0,7
2407,-200.0,200,0.0,7
2408,-176.0,176,1.0,7
2409,-200.0,200,0.0,7
2410,-200.0,200,0.0,7
2411,-174.0,174,1.0,7
2412,-200.0,200,0.0,7
2413,-200.0,200,0.0,7
2414,-200.0,200,0.0,7
2415,-200.0,200,0.0,7
2416,-200.0,200,0.0,7
2417,-200.0,200,0.0,7
2418,-194.0,194,1.0,7
2419,-200.0,200,0.0,7
2420,-200.0,200,0.0,7
2421,-200.0,200,0.0,7
2422,-200.0,200,0.0,7
2423,-160.0,160,1.0,7
2424,-200.0,200,0.0,7
2425,-200.0,200,0.0,7
2426,-200.0,200,0.0,7
2427,-173.0,173,1.0,7
2428,-200.0,200,0.0,7
2429,-167.0,167,1.0,7
2430,-200.0,200,0.0,7
2431,-163.0,163,1.0,7
2432,-200.0,200,0.0,7
2433,-200.0,200,0.0,7
2434,-200.0,200,0.0,7
2435,-200.0,200,0.0,7
2436,-200.0,200,0.0,7
2437,-200.0,200,0.0,7
2438,-170.0,170,1.0,7
2439,-200.0,200,0.0,7
2440,-200.0,200,0.0,7
2441,-200.0,200,0.0,7
2442,-200.0,200,0.0,7
2443,-200.0,200,0.0,7
2444,-190.0,190,1.0,7
2445,-200.0,200,0.0,7
2446,-200.0,200,0.0,7
2447,-200.0,200,0.0,7
2448,-176.0,176,1.0,7
2449,-200.0,200,0.0,7
2450,-167.0,167,1.0,7
2451,-200.0,200,0.0,7
2452,-200.0,200,0.0,7
2453,-200.0,200,0.0,7
2454,-200.0,200,0.0,7
2455,-200.0,200,0.0,7
2456,-200.0,200,0.0,7
2457,-200.0,200,0.0,7
2458,-200.0,200,0.0,7
2459,-200.0,200,0.0,7
2460,-200.0,200,0.0,7
2461,-183.0,183,1.0,7
2462,-200.0,200,0.0,7
2463,-193.0,193,1.0,7
2464,-197.0,197,1.0,7
2465,-190.0,190,1.0,7
2466,-200.0,200,0.0,7
2467,-165.0,165,1.0,7
2468,-200.0,200,0.0,7
2469,-200.0,200,0.0,7
2470,-159.0,159,1.0,7
2471,-200.0,200,0.0,7
2472,-166.0,166,1.0,7
2473,-169.0,169,1.0,7
2474,-200.0,200,0.0,7
2475,-164.0,164,1.0,7
2476,-200.0,200,0.0,7
2477,-176.0,176,1.0,7
2478,-176.0,176,1.0,7
2479,-200.0,200,0.0,7
2480,-163.0,163,1.0,7
2481,-176.0,176,1.0,7
2482,-200.0,200,0.0,7
2483,-200.0,200,0.0,7
2484,-200.0,200,0.0,7
2485,-200.0,200,0.0,7
2486,-200.0,200,0.0,7
2487,-200.0,200,0.0,7
2488,-200.0,200,0.0,7
2489,-200.0,200,0.0,7
2490,-200.0,200,0.0,7
2491,-200.0,200,0.0,7
2492,-170.0,170,1.0,7
2493,-200.0,200,0.0,7
2494,-200.0,200,0.0,7
2495,-200.0,200,0.0,7
2496,-200.0,200,0.0,7
2497,-200.0,200,0.0,7
2498,-200.0,200,0.0,7
2499,-200.0,200,0.0,7
2500,-200.0,200,0.0,7
2501,-200.0,200,0.0,7
2502,-200.0,200,0.0,7
2503,-163.0,163,1.0,7
2504,-200.0,200,0.0,7
2505,-200.0,200,0.0,7
2506,-200.0,200,0.0,7
2507,-171.0,171,1.0,7
2508,-200.0,200,0.0,7
2509,-200.0,200,0.0,7
2510,-200.0,200,0.0,7
2511,-200.0,200,0.0,7
2512,-200.0,200,0.0,7
2513,-200.0,200,0.0,7
2514,-200.0,200,0.0,7
2515,-200.0,200,0.0,7
2516,-200.0,200,0.0,7
2517,-200.0,200,0.0,7
2518,-200.0,200,0.0,7
2519,-200.0,200,0.0,7
2520,-200.0,200,0.0,7
2521,-200.0,200,0.0,7
2522,-170.0,170,1.0,7
2523,-200.0,200,0.0,7
2524,-200.0,200,0.0,7
2525,-200.0,200,0.0,7
2526,-200.0,200,0.0,7
2527,-200.0,200,0.0,7
2528,-200.0,200,0.0,7
2529,-200.0,200,0.0,7
2530,-200.0,200,0.0,7
2531,-200.0,200,0.0,7
2532,-200.0,200,0.0,7
2533,-200.0,200,0.0,7
2534,-200.0,200,0.0,7
2535,-200.0,200,0.0,7
2536,-200.0,200,0.0,7
2537,-200.0,200,0.0,7
2538,-200.0,200,0.0,7
2539,-200.0,200,0.0,7
2540,-200.0,200,0.0,7
2541,-200.0,200,0.0,7
2542,-200.0,200,0.0,7
2543,-200.0,200,0.0,7
2544,-200.0,200,0.0,7
2545,-159.0,159,1.0,7
2546,-200.0,200,0.0,7
2547,-200.0,200,0.0,7
2548,-200.0,200,0.0,7
2549,-200.0,200,0.0,7
2550,-200.0,200,0.0,7
2551,-200.0,200,0.0,7
2552,-200.0,200,0.0,7
2553,-200.0,200,0.0,7
2554,-200.0,200,0.0,7
2555,-200.0,200,0.0,7
2556,-200.0,200,0.0,7
2557,-200.0,200,0.0,7
2558,-200.0,200,0.0,7
2559,-200.0,200,0.0,7
2560,-200.0,200,0.0,7
2561,-200.0,200,0.0,7
2562,-200.0,200,0.0,7
2563,-200.0,200,0.0,7
2564,-170.0,170,1.0,7
2565,-200.0,200,0.0,7
2566,-200.0,200,0.0,7
2567,-200.0,200,0.0,7
2568,-200.0,200,0.0,7
2569,-200.0,200,0.0,7
2570,-200.0,200,0.0,7
2571,-161.0,161,1.0,7
2572,-200.0,200,0.0,7
2573,-200.0,200,0.0,7
2574,-200.0,200,0.0,7
2575,-200.0,200,0.0,7
2576,-200.0,200,0.0,7
2577,-200.0,200,0.0,7
2578,-200.0,200,0.0,7
2579,-200.0,200,0.0,7
2580,-200.0,200,0.0,7
2581,-200.0,200,0.0,7
2582,-200.0,200,0.0,7
2583,-200.0,200,0.0,7
2584,-200.0,200,0.0,7
2585,-168.0,168,1.0,7
2586,-200.0,200,0.0,7
2587,-200.0,200,0.0,7
2588,-200.0,200,0.0,7
2589,-200.0,200,0.0,7
2590,-200.0,200,0.0,7
2591,-200.0,200,0.0,7
2592,-200.0,200,0.0,7
2593,-200.0,200,0.0,7
2594,-200.0,200,0.0,7
2595,-200.0,200,0.0,7
2596,-200.0,200,0.0,7
2597,-200.0,200,0.0,7
2598,-200.0,200,0.0,7
2599,-200.0,200,0.0,7
2600,-200.0,200,0.0,7
2601,-200.0,200,0.0,7
2602,-200.0,200,0.0,7
2603,-200.0,200,0.0,7
2604,-200.0,200,0.0,7
2605,-200.0,200,0.0,7
2606,-200.0,200,0.0,7
2607,-200.0,200,0.0,7
2608,-200.0,200,0.0,7
2609,-200.0,200,0.0,7
2610,-200.0,200,0.0,7
2611,-200.0,200,0.0,7
2612,-200.0,200,0.0,7
2613,-200.0,200,0.0,7
2614,-200.0,200,0.0,7
2615,-200.0,200,0.0,7
2616,-200.0,200,0.0,7
2617,-200.0,200,0.0,7
2618,-200.0,200,0.0,7
2619,-200.0,200,0.0,7
2620,-200.0,200,0.0,7
2621,-200.0,200,0.0,7
2622,-200.0,200,0.0,7
2623,-200.0,200,0.0,7
2624,-200.0,200,0.0,7
2625,-200.0,200,0.0,7
2626,-200.0,200,0.0,7
2627,-200.0,200,0.0,7
2628,-200.0,200,0.0,7
2629,-200.0,200,0.0,7
2630,-200.0,200,0.0,7
2631,-200.0,200,0.0,7
2632,-200.0,200,0.0,7
2633,-200.0,200,0.0,7
2634,-200.0,200,0.0,7
2635,-200.0,200,0.0,7
2636,-200.0,200,0.0,7
2637,-200.0,200,0.0,7
2638,-200.0,200,0.0,7
2639,-200.0,200,0.0,7
2640,-200.0,200,0.0,7
2641,-200.0,200,0.0,7
2642,-200.0,200,0.0,7
2643,-200.0,200,0.0,7
2644,-200.0,200,0.0,7
2645,-169.0,169,1.0,7
2646,-177.0,177,1.0,7
2647,-200.0,200,0.0,7
2648,-200.0,200,0.0,7
2649,-200.0,200,0.0,7
2650,-200.0,200,0.0,7
2651,-200.0,200,0.0,7
2652,-168.0,168,1.0,7
2653,-200.0,200,0.0,7
2654,-200.0,200,0.0,7
2655,-200.0,200,0.0,7
2656,-200.0,200,0.0,7
2657,-200.0,200,0.0,7
2658,-200.0,200,0.0,7
2659,-200.0,200,0.0,7
2660,-200.0,200,0.0,7
2661,-200.0,200,0.0,7
2662,-200.0,200,0.0,7
2663,-200.0,200,0.0,7
2664,-200.0,200,0.0,7
2665,-200.0,200,0.0,7
2666,-200.0,200,0.0,7
2667,-174.0,174,1.0,7
2668,-200.0,200,0.0,7
2669,-200.0,200,0.0,7
2670,-200.0,200,0.0,7
2671,-200.0,200,0.0,7
2672,-200.0,200,0.0,7
2673,-200.0,200,0.0,7
2674,-200.0,200,0.0,7
2675,-200.0,200,0.0,7
2676,-200.0,200,0.0,7
2677,-200.0,200,0.0,7
2678,-200.0,200,0.0,7
2679,-200.0,200,0.0,7
2680,-200.0,200,0.0,7
2681,-200.0,200,0.0,7
2682,-200.0,200,0.0,7
2683,-200.0,200,0.0,7
2684,-200.0,200,0.0,7
2685,-200.0,200,0.0,7
2686,-200.0,200,0.0,7
2687,-200.0,200,0.0,7
2688,-200.0,200,0.0,7
2689,-200.0,200,0.0,7
2690,-200.0,200,0.0,7
2691,-200.0,200,0.0,7
2692,-200.0,200,0.0,7
2693,-200.0,200,0.0,7
2694,-192.0,192,1.0,7
2695,-200.0,200,0.0,7
2696,-200.0,200,0.0,7
2697,-200.0,200,0.0,7
2698,-200.0,200,0.0,7
2699,-200.0,200,0.0,7
2700,-192.0,192,1.0,7
2701,-200.0,200,0.0,7
2702,-200.0,200,0.0,7
2703,-194.0,194,1.0,7
2704,-200.0,200,0.0,7
2705,-200.0,200,0.0,7
2706,-200.0,200,0.0,7
2707,-200.0,200,0.0,7
2708,-200.0,200,0.0,7
2709,-200.0,200,0.0,7
2710,-200.0,200,0.0,7
2711,-200.0,200,0.0,7
2712,-200.0,200,0.0,7
2713,-200.0,200,0.0,7
2714,-200.0,200,0.0,7
2715,-200.0,200,0.0,7
2716,-200.0,200,0.0,7
2717,-200.0,200,0.0,7
2718,-197.0,197,1.0,7
2719,-200.0,200,0.0,7
2720,-198.0,198,1.0,7
2721,-171.0,171,1.0,7
2722,-200.0,200,0.0,7
2723,-200.0,200,0.0,7
2724,-200.0,200,0.0,7
2725,-200.0,200,0.0,7
2726,-200.0,200,0.0,7
2727,-200.0,200,0.0,7
2728,-200.0,200,0.0,7
2729,-200.0,200,0.0,7
2730,-200.0,200,0.0,7
2731,-200.0,200,0.0,7
2732,-200.0,200,0.0,7
2733,-200.0,200,0.0,7
2734,-200.0,200,0.0,7
2735,-200.0,200,0.0,7
2736,-200.0,200,0.0,7
2737,-200.0,200,0.0,7
2738,-200.0,200,0.0,7
2739,-200.0,200,0.0,7
2740,-200.0,200,0.0,7
2741,-200.0,200,0.0,7
2742,-200.0,200,0.0,7
2743,-200.0,200,0.0,7
2744,-200.0,200,0.0,7
2745,-200.0,200,0.0,7
2746,-200.0,200,0.0,7
2747,-200.0,200,0.0,7
2748,-200.0,200,0.0,7
2749,-200.0,200,0.0,7
2750,-200.0,200,0.0,7
2751,-200.0,200,0.0,7
2752,-196.0,196,1.0,7
2753,-200.0,200,0.0,7
2754,-200.0,200,0.0,7
2755,-196.0,196,1.0,7
2756,-198.0,198,1.0,7
2757,-200.0,200,0.0,7
2758,-200.0,200,0.0,7
2759,-200.0,200,0.0,7
2760,-200.0,200,0.0,7
2761,-200.0,200,0.0,7
2762,-200.0,200,0.0,7
2763,-200.0,200,0.0,7
2764,-200.0,200,0.0,7
2765,-200.0,200,0.0,7
2766,-200.0,200,0.0,7
2767,-200.0,200,0.0,7
2768,-200.0,200,0.0,7
2769,-198.0,198,1.0,7
2770,-200.0,200,0.0,7
2771,-200.0,200,0.0,7
2772,-200.0,200,0.0,7
2773,-200.0,200,0.0,7
2774,-200.0,200,0.0,7
2775,-196.0,196,1.0,7
2776,-195.0,195,1.0,7
2777,-200.0,200,0.0,7
2778,-200.0,200,0.0,7
2779,-197.0,197,1.0,7
2780,-198.0,198,1.0,7
2781,-200.0,200,0.0,7
2782,-200.0,200,0.0,7
2783,-195.0,195,1.0,7
2784,-198.0,198,1.0,7
2785,-198.0,198,1.0,7
2786,-200.0,200,0.0,7
2787,-200.0,200,0.0,7
2788,-200.0,200,0.0,7
2789,-200.0,200,0.0,7
2790,-200.0,200,0.0,7
2791,-192.0,192,1.0,7
2792,-200.0,200,0.0,7
2793,-200.0,200,0.0,7
2794,-200.0,200,0.0,7
2795,-185.0,185,1.0,7
2796,-200.0,200,0.0,7
2797,-200.0,200,0.0,7
2798,-200.0,200,0.0,7
2799,-200.0,200,0.0,7
2800,-200.0,200,0.0,7
2801,-200.0,200,0.0,7
2802,-200.0,200,0.0,7
2803,-200.0,200,0.0,7
2804,-200.0,200,0.0,7
2805,-194.0,194,1.0,7
2806,-200.0,200,0.0,7
2807,-200.0,200,0.0,7
2808,-200.0,200,0.0,7
2809,-200.0,200,0.0,7
2810,-191.0,191,1.0,7
2811,-200.0,200,0.0,7
2812,-195.0,195,1.0,7
2813,-200.0,200,0.0,7
2814,-200.0,200,0.0,7
2815,-200.0,200,0.0,7
2816,-200.0,200,0.0,7
2817,-195.0,195,1.0,7
2818,-200.0,200,0.0,7
2819,-200.0,200,0.0,7
2820,-200.0,200,0.0,7
2821,-199.0,199,1.0,7
2822,-200.0,200,0.0,7
2823,-200.0,200,0.0,7
2824,-200.0,200,0.0,7
2825,-200.0,200,0.0,7
2826,-200.0,200,0.0,7
2827,-200.0,200,0.0,7
2828,-200.0,200,0.0,7
2829,-200.0,200,0.0,7
2830,-200.0,200,0.0,7
2831,-195.0,195,1.0,7
2832,-200.0,200,0.0,7
2833,-200.0,200,0.0,7
2834,-200.0,200,0.0,7
2835,-200.0,200,0.0,7
2836,-200.0,200,0.0,7
2837,-200.0,200,0.0,7
2838,-200.0,200,0.0,7
2839,-200.0,200,0.0,7
2840,-200.0,200,0.0,7
2841,-188.0,188,1.0,7
2842,-200.0,200,0.0,7
2843,-191.0,191,1.0,7
2844,-200.0,200,0.0,7
2845,-189.0,189,1.0,7
2846,-187.0,187,1.0,7
2847,-166.0,166,1.0,7
2848,-200.0,200,0.0,7
2849,-167.0,167,1.0,7
2850,-163.0,163,1.0,7
2851,-198.0,198,1.0,7
2852,-194.0,194,1.0,7
2853,-159.0,159,1.0,7
2854,-193.0,193,1.0,7
2855,-200.0,200,0.0,7
2856,-170.0,170,1.0,7
2857,-187.0,187,1.0,7
2858,-190.0,190,1.0,7
2859,-188.0,188,1.0,7
2860,-200.0,200,0.0,7
2861,-200.0,200,0.0,7
2862,-200.0,200,0.0,7
2863,-160.0,160,1.0,7
2864,-188.0,188,1.0,7
2865,-177.0,177,1.0,7
2866,-195.0,195,1.0,7
2867,-200.0,200,0.0,7
2868,-175.0,175,1.0,7
2869,-200.0,200,0.0,7
2870,-166.0,166,1.0,7
2871,-200.0,200,0.0,7
2872,-200.0,200,0.0,7
2873,-171.0,171,1.0,7
2874,-196.0,196,1.0,7
2875,-200.0,200,0.0,7
2876,-200.0,200,0.0,7
2877,-194.0,194,1.0,7
2878,-200.0,200,0.0,7
2879,-200.0,200,0.0,7
2880,-200.0,200,0.0,7
2881,-187.0,187,1.0,7
2882,-199.0,199,1.0,7
2883,-200.0,200,0.0,7
2884,-200.0,200,0.0,7
2885,-165.0,165,1.0,7
2886,-200.0,200,0.0,7
2887,-161.0,161,1.0,7
2888,-190.0,190,1.0,7
2889,-167.0,167,1.0,7
2890,-200.0,200,0.0,7
2891,-189.0,189,1.0,7
2892,-190.0,190,1.0,7
2893,-166.0,166,1.0,7
2894,-186.0,186,1.0,7
2895,-164.0,164,1.0,7
2896,-168.0,168,1.0,7
2897,-191.0,191,1.0,7
2898,-200.0,200,0.0,7
2899,-200.0,200,0.0,7
2900,-180.0,180,1.0,7
2901,-200.0,200,0.0,7
2902,-200.0,200,0.0,7
2903,-189.0,189,1.0,7
2904,-200.0,200,0.0,7
2905,-200.0,200,0.0,7
2906,-200.0,200,0.0,7
2907,-170.0,170,1.0,7
2908,-200.0,200,0.0,7
2909,-189.0,189,1.0,7
2910,-162.0,162,1.0,7
2911,-169.0,169,1.0,7
2912,-200.0,200,0.0,7
2913,-168.0,168,1.0,7
2914,-200.0,200,0.0,7
2915,-167.0,167,1.0,7
2916,-167.0,167,1.0,7
2917,-170.0,170,1.0,7
2918,-165.0,165,1.0,7
2919,-170.0,170,1.0,7
2920,-200.0,200,0.0,7
2921,-200.0,200,0.0,7
2922,-200.0,200,0.0,7
2923,-200.0,200,0.0,7
2924,-200.0,200,0.0,7
2925,-200.0,200,0.0,7
2926,-200.0,200,0.0,7
2927,-200.0,200,0.0,7
2928,-200.0,200,0.0,7
2929,-168.0,168,1.0,7
2930,-200.0,200,0.0,7
2931,-168.0,168,1.0,7
2932,-200.0,200,0.0,7
2933,-185.0,185,1.0,7
2934,-200.0,200,0.0,7
2935,-200.0,200,0.0,7
2936,-200.0,200,0.0,7
2937,-196.0,196,1.0,7
2938,-192.0,192,1.0,7
2939,-200.0,200,0.0,7
2940,-200.0,200,0.0,7
2941,-197.0,197,1.0,7
2942,-200.0,200,0.0,7
2943,-183.0,183,1.0,7
2944,-200.0,200,0.0,7
2945,-200.0,200,0.0,7
2946,-200.0,200,0.0,7
2947,-200.0,200,0.0,7
2948,-200.0,200,0.0,7
2949,-200.0,200,0.0,7
2950,-200.0,200,0.0,7
2951,-200.0,200,0.0,7
2952,-200.0,200,0.0,7
2953,-200.0,200,0.0,7
2954,-200.0,200,0.0,7
2955,-200.0,200,0.0,7
2956,-200.0,200,0.0,7
2957,-200.0,200,0.0,7
2958,-200.0,200,0.0,7
2959,-200.0,200,0.0,7
2960,-200.0,200,0.0,7
2961,-196.0,196,1.0,7
2962,-200.0,200,0.0,7
2963,-200.0,200,0.0,7
2964,-200.0,200,0.0,7
2965,-200.0,200,0.0,7
2966,-200.0,200,0.0,7
2967,-200.0,200,0.0,7
2968,-160.0,160,1.0,7
2969,-200.0,200,0.0,7
2970,-200.0,200,0.0,7
2971,-200.0,200,0.0,7
2972,-200.0,200,0.0,7
2973,-200.0,200,0.0,7
2974,-200.0,200,0.0,7
2975,-171.0,171,1.0,7
2976,-200.0,200,0.0,7
2977,-200.0,200,0.0,7
2978,-200.0,200,0.0,7
2979,-200.0,200,0.0,7
2980,-200.0,200,0.0,7
2981,-200.0,200,0.0,7
2982,-200.0,200,0.0,7
2983,-200.0,200,0.0,7
2984,-200.0,200,0.0,7
2985,-200.0,200,0.0,7
2986,-200.0,200,0.0,7
2987,-170.0,170,1.0,7
2988,-200.0,200,0.0,7
2989,-171.0,171,1.0,7
2990,-190.0,190,1.0,7
2991,-175.0,175,1.0,7
2992,-200.0,200,0.0,7
2993,-200.0,200,0.0,7
2994,-200.0,200,0.0,7
2995,-200.0,200,0.0,7
2996,-200.0,200,0.0,7
2997,-200.0,200,0.0,7
2998,-163.0,163,1.0,7
2999,-200.0,200,0.0,7
3000,-200.0,200,0.0,7
3001,-166.0,166,1.0,7
3002,-159.0,159,1.0,7
3003,-176.0,176,1.0,7
3004,-200.0,200,0.0,7
3005,-161.0,161,1.0,7
3006,-167.0,167,1.0,7
3007,-200.0,200,0.0,7
3008,-160.0,160,1.0,7
3009,-162.0,162,1.0,7
3010,-200.0,200,0.0,7
3011,-200.0,200,0.0,7
3012,-161.0,161,1.0,7
3013,-164.0,164,1.0,7
3014,-200.0,200,0.0,7
3015,-200.0,200,0.0,7
3016,-200.0,200,0.0,7
3017,-158.0,158,1.0,7
3018,-200.0,200,0.0,7
3019,-157.0,157,1.0,7
3020,-162.0,162,1.0,7
3021,-200.0,200,0.0,7
3022,-200.0,200,0.0,7
3023,-200.0,200,0.0,7
3024,-166.0,166,1.0,7
3025,-180.0,180,1.0,7
3026,-200.0,200,0.0,7
3027,-200.0,200,0.0,7
3028,-200.0,200,0.0,7
3029,-200.0,200,0.0,7
3030,-200.0,200,0.0,7
3031,-200.0,200,0.0,7
3032,-200.0,200,0.0,7
3033,-200.0,200,0.0,7
3034,-163.0,163,1.0,7
3035,-158.0,158,1.0,7
3036,-191.0,191,1.0,7
3037,-200.0,200,0.0,7
3038,-165.0,165,1.0,7
3039,-199.0,199,1.0,7
3040,-197.0,197,1.0,7
3041,-200.0,200,0.0,7
3042,-199.0,199,1.0,7
3043,-197.0,197,1.0,7
3044,-161.0,161,1.0,7
3045,-200.0,200,0.0,7
3046,-200.0,200,0.0,7
3047,-191.0,191,1.0,7
3048,-200.0,200,0.0,7
3049,-198.0,198,1.0,7
3050,-200.0,200,0.0,7
3051,-200.0,200,0.0,7
3052,-200.0,200,0.0,7
3053,-200.0,200,0.0,7
3054,-200.0,200,0.0,7
3055,-200.0,200,0.0,7
3056,-200.0,200,0.0,7
3057,-200.0,200,0.0,7
3058,-200.0,200,0.0,7
3059,-198.0,198,1.0,7
3060,-200.0,200,0.0,7
3061,-200.0,200,0.0,7
3062,-194.0,194,1.0,7
3063,-200.0,200,0.0,7
3064,-160.0,160,1.0,7
3065,-200.0,200,0.0,7
3066,-200.0,200,0.0,7
3067,-200.0,200,0.0,7
3068,-194.0,194,1.0,7
3069,-159.0,159,1.0,7
3070,-200.0,200,0.0,7
3071,-200.0,200,0.0,7
3072,-197.0,197,1.0,7
3073,-200.0,200,0.0,7
3074,-200.0,200,0.0,7
3075,-200.0,200,0.0,7
3076,-165.0,165,1.0,7
3077,-162.0,162,1.0,7
3078,-191.0,191,1.0,7
3079,-196.0,196,1.0,7
3080,-200.0,200,0.0,7
3081,-178.0,178,1.0,7
3082,-198.0,198,1.0,7
3083,-198.0,198,1.0,7
3084,-193.0,193,1.0,7
3085,-193.0,193,1.0,7
3086,-196.0,196,1.0,7
3087,-200.0,200,0.0,7
3088,-200.0,200,0.0,7
3089,-188.0,188,1.0,7
3090,-200.0,200,0.0,7
3091,-166.0,166,1.0,7
3092,-192.0,192,1.0,7
3093,-200.0,200,0.0,7
3094,-200.0,200,0.0,7
3095,-200.0,200,0.0,7
3096,-188.0,188,1.0,7
3097,-200.0,200,0.0,7
3098,-200.0,200,0.0,7
3099,-185.0,185,1.0,7
3100,-200.0,200,0.0,7
3101,-200.0,200,0.0,7
3102,-200.0,200,0.0,7
3103,-200.0,200,0.0,7
3104,-200.0,200,0.0,7
3105,-200.0,200,0.0,7
3106,-200.0,200,0.0,7
3107,-191.0,191,1.0,7
3108,-200.0,200,0.0,7
3109,-200.0,200,0.0,7
3110,-200.0,200,0.0,7
3111,-193.0,193,1.0,7
3112,-197.0,197,1.0,7
3113,-192.0,192,1.0,7
3114,-163.0,163,1.0,7
3115,-172.0,172,1.0,7
3116,-200.0,200,0.0,7
3117,-200.0,200,0.0,7
3118,-200.0,200,0.0,7
3119,-200.0,200,0.0,7
3120,-194.0,194,1.0,7
3121,-200.0,200,0.0,7
3122,-200.0,200,0.0,7
3123,-153.0,153,1.0,7
3124,-200.0,200,0.0,7
3125,-200.0,200,0.0,7
3126,-200.0,200,0.0,7
3127,-200.0,200,0.0,7
3128,-200.0,200,0.0,7
3129,-200.0,200,0.0,7
3130,-198.0,198,1.0,7
3131,-200.0,200,0.0,7
3132,-200.0,200,0.0,7
3133,-192.0,192,1.0,7
3134,-200.0,200,0.0,7
3135,-163.0,163,1.0,7
3136,-200.0,200,0.0,7
3137,-170.0,170,1.0,7
3138,-200.0,200,0.0,7
3139,-200.0,200,0.0,7
3140,-163.0,163,1.0,7
3141,-168.0,168,1.0,7
3142,-200.0,200,0.0,7
3143,-200.0,200,0.0,7
3144,-196.0,196,1.0,7
3145,-196.0,196,1.0,7
3146,-200.0,200,0.0,7
3147,-200.0,200,0.0,7
3148,-200.0,200,0.0,7
3149,-200.0,200,0.0,7
3150,-191.0,191,1.0,7
3151,-200.0,200,0.0,7
3152,-197.0,197,1.0,7
3153,-154.0,154,1.0,7
3154,-197.0,197,1.0,7
3155,-194.0,194,1.0,7
3156,-194.0,194,1.0,7
3157,-186.0,186,1.0,7
3158,-200.0,200,0.0,7
3159,-185.0,185,1.0,7
3160,-200.0,200,0.0,7
3161,-200.0,200,0.0,7
3162,-200.0,200,0.0,7
3163,-196.0,196,1.0,7
3164,-200.0,200,0.0,7
3165,-200.0,200,0.0,7
3166,-190.0,190,1.0,7
3167,-200.0,200,0.0,7
3168,-200.0,200,0.0,7
3169,-159.0,159,1.0,7
3170,-198.0,198,1.0,7
3171,-200.0,200,0.0,7
3172,-152.0,152,1.0,7
3173,-200.0,200,0.0,7
3174,-200.0,200,0.0,7
3175,-200.0,200,0.0,7
3176,-189.0,189,1.0,7
3177,-196.0,196,1.0,7
3178,-160.0,160,1.0,7
3179,-192.0,192,1.0,7
3180,-188.0,188,1.0,7
3181,-159.0,159,1.0,7
3182,-200.0,200,0.0,7
3183,-200.0,200,0.0,7
3184,-178.0,178,1.0,7
3185,-200.0,200,0.0,7
3186,-200.0,200,0.0,7
3187,-189.0,189,1.0,7
3188,-178.0,178,1.0,7
3189,-155.0,155,1.0,7
3190,-184.0,184,1.0,7
3191,-162.0,162,1.0,7
3192,-189.0,189,1.0,7
3193,-158.0,158,1.0,7
3194,-200.0,200,0.0,7
3195,-200.0,200,0.0,7
3196,-157.0,157,1.0,7
3197,-200.0,200,0.0,7
3198,-155.0,155,1.0,7
3199,-158.0,158,1.0,7
3200,-200.0,200,0.0,7
3201,-200.0,200,0.0,7
3202,-168.0,168,1.0,7
3203,-186.0,186,1.0,7
3204,-200.0,200,0.0,7
3205,-200.0,200,0.0,7
3206,-189.0,189,1.0,7
3207,-162.0,162,1.0,7
3208,-200.0,200,0.0,7
3209,-157.0,157,1.0,7
3210,-200.0,200,0.0,7
3211,-172.0,172,1.0,7
3212,-200.0,200,0.0,7
3213,-200.0,200,0.0,7
3214,-200.0,200,0.0,7
3215,-192.0,192,1.0,7
3216,-200.0,200,0.0,7
3217,-200.0,200,0.0,7
3218,-191.0,191,1.0,7
3219,-200.0,200,0.0,7
3220,-157.0,157,1.0,7
3221,-193.0,193,1.0,7
3222,-200.0,200,0.0,7
3223,-200.0,200,0.0,7
3224,-200.0,200,0.0,7
3225,-200.0,200,0.0,7
3226,-200.0,200,0.0,7
3227,-169.0,169,1.0,7
3228,-188.0,188,1.0,7
3229,-168.0,168,1.0,7
3230,-200.0,200,0.0,7
3231,-200.0,200,0.0,7
3232,-200.0,200,0.0,7
3233,-200.0,200,0.0,7
3234,-200.0,200,0.0,7
3235,-200.0,200,0.0,7
3236,-200.0,200,0.0,7
3237,-200.0,200,0.0,7
3238,-200.0,200,0.0,7
3239,-200.0,200,0.0,7
3240,-200.0,200,0.0,7
3241,-200.0,200,0.0,7
3242,-157.0,157,1.0,7
3243,-156.0,156,1.0,7
3244,-155.0,155,1.0,7
3245,-192.0,192,1.0,7
3246,-200.0,200,0.0,7
3247,-200.0,200,0.0,7
3248,-200.0,200,0.0,7
3249,-181.0,181,1.0,7
3250,-200.0,200,0.0,7
3251,-200.0,200,0.0,7
3252,-185.0,185,1.0,7
3253,-184.0,184,1.0,7
3254,-200.0,200,0.0,7
3255,-200.0,200,0.0,7
3256,-200.0,200,0.0,7
3257,-200.0,200,0.0,7
3258,-200.0,200,0.0,7
3259,-200.0,200,0.0,7
3260,-200.0,200,0.0,7
3261,-200.0,200,0.0,7
3262,-200.0,200,0.0,7
3263,-200.0,200,0.0,7
3264,-200.0,200,0.0,7
3265,-200.0,200,0.0,7
3266,-200.0,200,0.0,7
3267,-200.0,200,0.0,7
3268,-200.0,200,0.0,7
3269,-200.0,200,0.0,7
3270,-200.0,200,0.0,7
3271,-200.0,200,0.0,7
3272,-189.0,189,1.0,7
3273,-200.0,200,0.0,7
3274,-200.0,200,0.0,7
3275,-200.0,200,0.0,7
3276,-200.0,200,0.0,7
3277,-200.0,200,0.0,7
3278,-200.0,200,0.0,7
3279,-200.0,200,0.0,7
3280,-200.0,200,0.0,7
3281,-200.0,200,0.0,7
3282,-200.0,200,0.0,7
3283,-200.0,200,0.0,7
3284,-200.0,200,0.0,7
3285,-200.0,200,0.0,7
3286,-200.0,200,0.0,7
3287,-200.0,200,0.0,7
3288,-200.0,200,0.0,7
3289,-200.0,200,0.0,7
3290,-200.0,200,0.0,7
3291,-200.0,200,0.0,7
3292,-200.0,200,0.0,7
3293,-200.0,200,0.0,7
3294,-200.0,200,0.0,7
3295,-200.0,200,0.0,7
3296,-200.0,200,0.0,7
3297,-200.0,200,0.0,7
3298,-200.0,200,0.0,7
3299,-200.0,200,0.0,7
3300,-200.0,200,0.0,7
3301,-200.0,200,0.0,7
3302,-200.0,200,0.0,7
3303,-200.0,200,0.0,7
3304,-200.0,200,0.0,7
3305,-200.0,200,0.0,7
3306,-200.0,200,0.0,7
3307,-200.0,200,0.0,7
3308,-200.0,200,0.0,7
3309,-200.0,200,0.0,7
3310,-200.0,200,0.0,7
3311,-200.0,200,0.0,7
3312,-200.0,200,0.0,7
3313,-200.0,200,0.0,7
3314,-200.0,200,0.0,7
3315,-200.0,200,0.0,7
3316,-200.0,200,0.0,7
3317,-200.0,200,0.0,7
3318,-200.0,200,0.0,7
3319,-200.0,200,0.0,7
3320,-200.0,200,0.0,7
3321,-200.0,200,0.0,7
3322,-200.0,200,0.0,7
3323,-200.0,200,0.0,7
3324,-200.0,200,0.0,7
3325,-200.0,200,0.0,7
3326,-200.0,200,0.0,7
3327,-200.0,200,0.0,7
3328,-200.0,200,0.0,7
3329,-200.0,200,0.0,7
3330,-200.0,200,0.0,7
3331,-200.0,200,0.0,7
3332,-200.0,200,0.0,7
3333,-200.0,200,0.0,7
3334,-200.0,200,0.0,7
3335,-200.0,200,0.0,7
3336,-200.0,200,0.0,7
3337,-200.0,200,0.0,7
3338,-200.0,200,0.0,7
3339,-200.0,200,0.0,7
3340,-200.0,200,0.0,7
3341,-200.0,200,0.0,7
3342,-200.0,200,0.0,7
3343,-200.0,200,0.0,7
3344,-200.0,200,0.0,7
3345,-200.0,200,0.0,7
3346,-200.0,200,0.0,7
3347,-200.0,200,0.0,7
3348,-200.0,200,0.0,7
3349,-200.0,200,0.0,7
3350,-200.0,200,0.0,7
3351,-200.0,200,0.0,7
3352,-200.0,200,0.0,7
3353,-200.0,200,0.0,7
3354,-200.0,200,0.0,7
3355,-200.0,200,0.0,7
3356,-200.0,200,0.0,7
3357,-200.0,200,0.0,7
3358,-200.0,200,0.0,7
3359,-200.0,200,0.0,7
3360,-200.0,200,0.0,7
3361,-194.0,194,1.0,7
3362,-200.0,200,0.0,7
3363,-200.0,200,0.0,7
3364,-200.0,200,0.0,7
3365,-200.0,200,0.0,7
3366,-200.0,200,0.0,7
3367,-200.0,200,0.0,7
3368,-200.0,200,0.0,7
3369,-197.0,197,1.0,7
3370,-199.0,199,1.0,7
3371,-188.0,188,1.0,7
3372,-195.0,195,1.0,7
3373,-191.0,191,1.0,7
3374,-200.0,200,0.0,7
3375,-200.0,200,0.0,7
3376,-200.0,200,0.0,7
3377,-195.0,195,1.0,7
3378,-200.0,200,0.0,7
3379,-200.0,200,0.0,7
3380,-200.0,200,0.0,7
3381,-200.0,200,0.0,7
3382,-199.0,199,1.0,7
3383,-200.0,200,0.0,7
3384,-200.0,200,0.0,7
3385,-195.0,195,1.0,7
3386,-200.0,200,0.0,7
3387,-200.0,200,0.0,7
3388,-200.0,200,0.0,7
3389,-199.0,199,1.0,7
3390,-200.0,200,0.0,7
3391,-200.0,200,0.0,7
3392,-200.0,200,0.0,7
3393,-200.0,200,0.0,7
3394,-200.0,200,0.0,7
3395,-200.0,200,0.0,7
3396,-200.0,200,0.0,7
3397,-195.0,195,1.0,7
3398,-192.0,192,1.0,7
3399,-200.0,200,0.0,7
3400,-199.0,199,1.0,7
3401,-200.0,200,0.0,7
3402,-200.0,200,0.0,7
3403,-200.0,200,0.0,7
3404,-195.0,195,1.0,7
3405,-194.0,194,1.0,7
3406,-200.0,200,0.0,7
3407,-196.0,196,1.0,7
3408,-200.0,200,0.0,7
3409,-194.0,194,1.0,7
3410,-200.0,200,0.0,7
3411,-200.0,200,0.0,7
3412,-199.0,199,1.0,7
3413,-200.0,200,0.0,7
3414,-200.0,200,0.0,7
3415,-200.0,200,0.0,7
3416,-200.0,200,0.0,7
3417,-200.0,200,0.0,7
3418,-200.0,200,0.0,7
3419,-196.0,196,1.0,7
3420,-199.0,199,1.0,7
3421,-200.0,200,0.0,7
3422,-194.0,194,1.0,7
3423,-200.0,200,0.0,7
3424,-200.0,200,0.0,7
3425,-200.0,200,0.0,7
3426,-200.0,200,0.0,7
3427,-200.0,200,0.0,7
3428,-200.0,200,0.0,7
3429,-200.0,200,0.0,7
3430,-200.0,200,0.0,7
3431,-200.0,200,0.0,7
3432,-200.0,200,0.0,7
3433,-200.0,200,0.0,7
3434,-200.0,200,0.0,7
3435,-193.0,193,1.0,7
3436,-200.0,200,0.0,7
3437,-200.0,200,0.0,7
3438,-200.0,200,0.0,7
3439,-192.0,192,1.0,7
3440,-193.0,193,1.0,7
3441,-200.0,200,0.0,7
3442,-198.0,198,1.0,7
3443,-200.0,200,0.0,7
3444,-197.0,197,1.0,7
3445,-195.0,195,1.0,7
3446,-200.0,200,0.0,7
3447,-200.0,200,0.0,7
3448,-200.0,200,0.0,7
3449,-200.0,200,0.0,7
3450,-195.0,195,1.0,7
3451,-192.0,192,1.0,7
3452,-200.0,200,0.0,7
3453,-192.0,192,1.0,7
3454,-198.0,198,1.0,7
3455,-200.0,200,0.0,7
3456,-194.0,194,1.0,7
3457,-199.0,199,1.0,7
3458,-200.0,200,0.0,7
3459,-200.0,200,0.0,7
3460,-199.0,199,1.0,7
3461,-200.0,200,0.0,7
3462,-200.0,200,0.0,7
3463,-200.0,200,0.0,7
3464,-199.0,199,1.0,7
3465,-200.0,200,0.0,7
3466,-200.0,200,0.0,7
3467,-196.0,196,1.0,7
3468,-200.0,200,0.0,7
3469,-200.0,200,0.0,7
3470,-200.0,200,0.0,7
3471,-200.0,200,0.0,7
3472,-200.0,200,0.0,7
3473,-200.0,200,0.0,7
3474,-193.0,193,1.0,7
3475,-192.0,192,1.0,7
3476,-191.0,191,1.0,7
3477,-200.0,200,0.0,7
3478,-197.0,197,1.0,7
3479,-200.0,200,0.0,7
3480,-200.0,200,0.0,7
3481,-200.0,200,0.0,7
3482,-200.0,200,0.0,7
3483,-200.0,200,0.0,7
3484,-200.0,200,0.0,7
3485,-200.0,200,0.0,7
3486,-200.0,200,0.0,7
3487,-200.0,200,0.0,7
3488,-200.0,200,0.0,7
3489,-200.0,200,0.0,7
3490,-200.0,200,0.0,7
3491,-198.0,198,1.0,7
3492,-164.0,164,1.0,7
3493,-185.0,185,1.0,7
3494,-200.0,200,0.0,7
3495,-197.0,197,1.0,7
3496,-200.0,200,0.0,7
3497,-200.0,200,0.0,7
3498,-188.0,188,1.0,7
3499,-200.0,200,0.0,7
3500,-200.0,200,0.0,7
3501,-200.0,200,0.0,7
3502,-200.0,200,0.0,7
3503,-200.0,200,0.0,7
3504,-200.0,200,0.0,7
3505,-200.0,200,0.0,7
3506,-200.0,200,0.0,7
3507,-200.0,200,0.0,7
3508,-200.0,200,0.0,7
3509,-200.0,200,0.0,7
3510,-200.0,200,0.0,7
3511,-200.0,200,0.0,7
3512,-199.0,199,1.0,7
3513,-200.0,200,0.0,7
3514,-200.0,200,0.0,7
3515,-200.0,200,0.0,7
3516,-200.0,200,0.0,7
3517,-200.0,200,0.0,7
3518,-200.0,200,0.0,7
3519,-200.0,200,0.0,7
3520,-200.0,200,0.0,7
3521,-200.0,200,0.0,7
3522,-200.0,200,0.0,7
3523,-200.0,200,0.0,7
3524,-200.0,200,0.0,7
3525,-151.0,151,1.0,7
3526,-200.0,200,0.0,7
3527,-200.0,200,0.0,7
3528,-200.0,200,0.0,7
3529,-148.0,148,1.0,7
3530,-176.0,176,1.0,7
3531,-200.0,200,0.0,7
3532,-151.0,151,1.0,7
3533,-157.0,157,1.0,7
3534,-164.0,164,1.0,7
3535,-161.0,161,1.0,7
3536,-199.0,199,1.0,7
3537,-192.0,192,1.0,7
3538,-200.0,200,0.0,7
3539,-156.0,156,1.0,7
3540,-159.0,159,1.0,7
3541,-149.0,149,1.0,7
3542,-153.0,153,1.0,7
3543,-193.0,193,1.0,7
3544,-200.0,200,0.0,7
3545,-162.0,162,1.0,7
3546,-200.0,200,0.0,7
3547,-200.0,200,0.0,7
3548,-200.0,200,0.0,7
3549,-200.0,200,0.0,7
3550,-160.0,160,1.0,7
3551,-200.0,200,0.0,7
3552,-200.0,200,0.0,7
3553,-200.0,200,0.0,7
3554,-200.0,200,0.0,7
3555,-200.0,200,0.0,7
3556,-200.0,200,0.0,7
3557,-200.0,200,0.0,7
3558,-179.0,179,1.0,7
3559,-200.0,200,0.0,7
3560,-160.0,160,1.0,7
3561,-200.0,200,0.0,7
3562,-200.0,200,0.0,7
3563,-200.0,200,0.0,7
3564,-200.0,200,0.0,7
3565,-200.0,200,0.0,7
3566,-200.0,200,0.0,7
3567,-200.0,200,0.0,7
3568,-200.0,200,0.0,7
3569,-200.0,200,0.0,7
3570,-200.0,200,0.0,7
3571,-200.0,200,0.0,7
3572,-200.0,200,0.0,7
3573,-200.0,200,0.0,7
3574,-200.0,200,0.0,7
3575,-200.0,200,0.0,7
3576,-200.0,200,0.0,7
3577,-200.0,200,0.0,7
3578,-200.0,200,0.0,7
3579,-200.0,200,0.0,7
3580,-200.0,200,0.0,7
3581,-200.0,200,0.0,7
3582,-169.0,169,1.0,7
3583,-200.0,200,0.0,7
3584,-197.0,197,1.0,7
3585,-159.0,159,1.0,7
3586,-200.0,200,0.0,7
3587,-200.0,200,0.0,7
3588,-168.0,168,1.0,7
3589,-200.0,200,0.0,7
3590,-200.0,200,0.0,7
3591,-200.0,200,0.0,7
3592,-200.0,200,0.0,7
3593,-158.0,158,1.0,7
3594,-200.0,200,0.0,7
3595,-199.0,199,1.0,7
3596,-200.0,200,0.0,7
3597,-200.0,200,0.0,7
3598,-198.0,198,1.0,7
3599,-195.0,195,1.0,7
3600,-197.0,197,1.0,7
3601,-161.0,161,1.0,7
3602,-200.0,200,0.0,7
3603,-186.0,186,1.0,7
3604,-198.0,198,1.0,7
3605,-200.0,200,0.0,7
3606,-200.0,200,0.0,7
3607,-185.0,185,1.0,7
3608,-159.0,159,1.0,7
3609,-162.0,162,1.0,7
3610,-200.0,200,0.0,7
3611,-200.0,200,0.0,7
3612,-200.0,200,0.0,7
3613,-200.0,200,0.0,7
3614,-150.0,150,1.0,7
3615,-194.0,194,1.0,7
3616,-153.0,153,1.0,7
3617,-200.0,200,0.0,7
3618,-170.0,170,1.0,7
3619,-193.0,193,1.0,7
3620,-200.0,200,0.0,7
3621,-200.0,200,0.0,7
3622,-163.0,163,1.0,7
3623,-163.0,163,1.0,7
3624,-200.0,200,0.0,7
3625,-200.0,200,0.0,7
3626,-200.0,200,0.0,7
3627,-200.0,200,0.0,7
3628,-200.0,200,0.0,7
3629,-166.0,166,1.0,7
3630,-200.0,200,0.0,7
3631,-170.0,170,1.0,7
3632,-196.0,196,1.0,7
3633,-200.0,200,0.0,7
3634,-200.0,200,0.0,7
3635,-200.0,200,0.0,7
3636,-200.0,200,0.0,7
3637,-200.0,200,0.0,7
3638,-200.0,200,0.0,7
3639,-199.0,199,1.0,7
3640,-173.0,173,1.0,7
3641,-195.0,195,1.0,7
3642,-200.0,200,0.0,7
3643,-195.0,195,1.0,7
3644,-200.0,200,0.0,7
3645,-171.0,171,1.0,7
3646,-200.0,200,0.0,7
3647,-200.0,200,0.0,7
3648,-200.0,200,0.0,7
3649,-199.0,199,1.0,7
3650,-200.0,200,0.0,7
3651,-200.0,200,0.0,7
3652,-200.0,200,0.0,7
3653,-161.0,161,1.0,7
3654,-199.0,199,1.0,7
3655,-200.0,200,0.0,7
3656,-200.0,200,0.0,7
3657,-199.0,199,1.0,7
3658,-200.0,200,0.0,7
3659,-197.0,197,1.0,7
3660,-200.0,200,0.0,7
3661,-162.0,162,1.0,7
3662,-161.0,161,1.0,7
3663,-187.0,187,1.0,7
3664,-160.0,160,1.0,7
3665,-192.0,192,1.0,7
3666,-158.0,158,1.0,7
3667,-200.0,200,0.0,7
3668,-165.0,165,1.0,7
3669,-197.0,197,1.0,7
3670,-167.0,167,1.0,7
3671,-163.0,163,1.0,7
3672,-156.0,156,1.0,7
3673,-196.0,196,1.0,7
3674,-163.0,163,1.0,7
3675,-199.0,199,1.0,7
3676,-194.0,194,1.0,7
3677,-196.0,196,1.0,7
3678,-163.0,163,1.0,7
3679,-158.0,158,1.0,7
3680,-158.0,158,1.0,7
3681,-165.0,165,1.0,7
3682,-149.0,149,1.0,7
3683,-197.0,197,1.0,7
3684,-194.0,194,1.0,7
3685,-158.0,158,1.0,7
3686,-160.0,160,1.0,7
3687,-152.0,152,1.0,7
3688,-159.0,159,1.0,7
3689,-167.0,167,1.0,7
3690,-171.0,171,1.0,7
3691,-162.0,162,1.0,7
3692,-158.0,158,1.0,7
3693,-193.0,193,1.0,7
3694,-157.0,157,1.0,7
3695,-153.0,153,1.0,7
3696,-162.0,162,1.0,7
3697,-199.0,199,1.0,7
3698,-168.0,168,1.0,7
3699,-199.0,199,1.0,7
3700,-166.0,166,1.0,7
3701,-164.0,164,1.0,7
3702,-161.0,161,1.0,7
3703,-155.0,155,1.0,7
3704,-174.0,174,1.0,7
3705,-194.0,194,1.0,7
3706,-166.0,166,1.0,7
3707,-171.0,171,1.0,7
3708,-167.0,167,1.0,7
3709,-167.0,167,1.0,7
3710,-170.0,170,1.0,7
3711,-170.0,170,1.0,7
3712,-161.0,161,1.0,7
3713,-168.0,168,1.0,7
3714,-169.0,169,1.0,7
3715,-200.0,200,0.0,7
3716,-163.0,163,1.0,7
3717,-200.0,200,0.0,7
3718,-200.0,200,0.0,7
3719,-200.0,200,0.0,7
3720,-200.0,200,0.0,7
3721,-166.0,166,1.0,7
3722,-200.0,200,0.0,7
3723,-200.0,200,0.0,7
3724,-200.0,200,0.0,7
3725,-200.0,200,0.0,7
3726,-168.0,168,1.0,7
3727,-164.0,164,1.0,7
3728,-200.0,200,0.0,7
3729,-200.0,200,0.0,7
3730,-200.0,200,0.0,7
3731,-200.0,200,0.0,7
3732,-200.0,200,0.0,7
3733,-177.0,177,1.0,7
3734,-200.0,200,0.0,7
3735,-200.0,200,0.0,7
3736,-200.0,200,0.0,7
3737,-200.0,200,0.0,7
3738,-200.0,200,0.0,7
3739,-200.0,200,0.0,7
3740,-200.0,200,0.0,7
3741,-164.0,164,1.0,7
3742,-200.0,200,0.0,7
3743,-168.0,168,1.0,7
3744,-200.0,200,0.0,7
3745,-200.0,200,0.0,7
3746,-200.0,200,0.0,7
3747,-200.0,200,0.0,7
3748,-168.0,168,1.0,7
3749,-200.0,200,0.0,7
3750,-200.0,200,0.0,7
3751,-200.0,200,0.0,7
3752,-200.0,200,0.0,7
3753,-200.0,200,0.0,7
3754,-200.0,200,0.0,7
3755,-200.0,200,0.0,7
3756,-200.0,200,0.0,7
3757,-172.0,172,1.0,7
3758,-200.0,200,0.0,7
3759,-200.0,200,0.0,7
3760,-200.0,200,0.0,7
3761,-200.0,200,0.0,7
3762,-200.0,200,0.0,7
3763,-200.0,200,0.0,7
3764,-200.0,200,0.0,7
3765,-200.0,200,0.0,7
3766,-175.0,175,1.0,7
3767,-200.0,200,0.0,7
3768,-200.0,200,0.0,7
3769,-200.0,200,0.0,7
3770,-200.0,200,0.0,7
3771,-200.0,200,0.0,7
3772,-169.0,169,1.0,7
3773,-200.0,200,0.0,7
3774,-200.0,200,0.0,7
3775,-200.0,200,0.0,7
3776,-200.0,200,0.0,7
3777,-200.0,200,0.0,7
3778,-200.0,200,0.0,7
3779,-200.0,200,0.0,7
3780,-200.0,200,0.0,7
3781,-200.0,200,0.0,7
3782,-200.0,200,0.0,7
3783,-200.0,200,0.0,7
3784,-200.0,200,0.0,7
3785,-200.0,200,0.0,7
3786,-200.0,200,0.0,7
3787,-200.0,200,0.0,7
3788,-200.0,200,0.0,7
3789,-200.0,200,0.0,7
3790,-200.0,200,0.0,7
3791,-200.0,200,0.0,7
3792,-200.0,200,0.0,7
3793,-200.0,200,0.0,7
3794,-200.0,200,0.0,7
3795,-200.0,200,0.0,7
3796,-200.0,200,0.0,7
3797,-200.0,200,0.0,7
3798,-200.0,200,0.0,7
3799,-200.0,200,0.0,7
3800,-200.0,200,0.0,7
3801,-200.0,200,0.0,7
3802,-200.0,200,0.0,7
3803,-200.0,200,0.0,7
3804,-200.0,200,0.0,7
3805,-200.0,200,0.0,7
3806,-200.0,200,0.0,7
3807,-200.0,200,0.0,7
3808,-200.0,200,0.0,7
3809,-200.0,200,0.0,7
3810,-200.0,200,0.0,7
3811,-164.0,164,1.0,7
3812,-200.0,200,0.0,7
3813,-200.0,200,0.0,7
3814,-200.0,200,0.0,7
3815,-200.0,200,0.0,7
3816,-200.0,200,0.0,7
3817,-200.0,200,0.0,7
3818,-200.0,200,0.0,7
3819,-200.0,200,0.0,7
3820,-200.0,200,0.0,7
3821,-200.0,200,0.0,7
3822,-200.0,200,0.0,7
3823,-200.0,200,0.0,7
3824,-200.0,200,0.0,7
3825,-200.0,200,0.0,7
3826,-195.0,195,1.0,7
3827,-177.0,177,1.0,7
3828,-200.0,200,0.0,7
3829,-200.0,200,0.0,7
3830,-200.0,200,0.0,7
3831,-200.0,200,0.0,7
3832,-200.0,200,0.0,7
3833,-200.0,200,0.0,7
3834,-200.0,200,0.0,7
3835,-191.0,191,1.0,7
3836,-163.0,163,1.0,7
3837,-173.0,173,1.0,7
3838,-200.0,200,0.0,7
3839,-200.0,200,0.0,7
3840,-178.0,178,1.0,7
3841,-200.0,200,0.0,7
3842,-200.0,200,0.0,7
3843,-200.0,200,0.0,7
3844,-195.0,195,1.0,7
3845,-200.0,200,0.0,7
3846,-164.0,164,1.0,7
3847,-160.0,160,1.0,7
3848,-200.0,200,0.0,7
3849,-164.0,164,1.0,7
3850,-182.0,182,1.0,7
3851,-200.0,200,0.0,7
3852,-197.0,197,1.0,7
3853,-155.0,155,1.0,7
3854,-200.0,200,0.0,7
3855,-200.0,200,0.0,7
3856,-200.0,200,0.0,7
3857,-200.0,200,0.0,7
3858,-200.0,200,0.0,7
3859,-200.0,200,0.0,7
3860,-200.0,200,0.0,7
3861,-200.0,200,0.0,7
3862,-200.0,200,0.0,7
3863,-200.0,200,0.0,7
3864,-200.0,200,0.0,7
3865,-200.0,200,0.0,7
3866,-200.0,200,0.0,7
3867,-200.0,200,0.0,7
3868,-200.0,200,0.0,7
3869,-200.0,200,0.0,7
3870,-200.0,200,0.0,7
3871,-200.0,200,0.0,7
3872,-200.0,200,0.0,7
3873,-200.0,200,0.0,7
3874,-200.0,200,0.0,7
3875,-162.0,162,1.0,7
3876,-200.0,200,0.0,7
3877,-200.0,200,0.0,7
3878,-200.0,200,0.0,7
3879,-200.0,200,0.0,7
3880,-200.0,200,0.0,7
3881,-200.0,200,0.0,7
3882,-200.0,200,0.0,7
3883,-200.0,200,0.0,7
3884,-156.0,156,1.0,7
3885,-200.0,200,0.0,7
3886,-200.0,200,0.0,7
3887,-200.0,200,0.0,7
3888,-200.0,200,0.0,7
3889,-200.0,200,0.0,7
3890,-200.0,200,0.0,7
3891,-200.0,200,0.0,7
3892,-200.0,200,0.0,7
3893,-155.0,155,1.0,7
3894,-150.0,150,1.0,7
3895,-154.0,154,1.0,7
3896,-150.0,150,1.0,7
3897,-186.0,186,1.0,7
3898,-200.0,200,0.0,7
3899,-155.0,155,1.0,7
3900,-200.0,200,0.0,7
3901,-154.0,154,1.0,7
3902,-155.0,155,1.0,7
3903,-187.0,187,1.0,7
3904,-200.0,200,0.0,7
3905,-200.0,200,0.0,7
3906,-200.0,200,0.0,7
3907,-200.0,200,0.0,7
3908,-200.0,200,0.0,7
3909,-200.0,200,0.0,7
3910,-200.0,200,0.0,7
3911,-200.0,200,0.0,7
3912,-200.0,200,0.0,7
3913,-200.0,200,0.0,7
3914,-200.0,200,0.0,7
3915,-200.0,200,0.0,7
3916,-200.0,200,0.0,7
3917,-200.0,200,0.0,7
3918,-200.0,200,0.0,7
3919,-200.0,200,0.0,7
3920,-200.0,200,0.0,7
3921,-200.0,200,0.0,7
3922,-200.0,200,0.0,7
3923,-200.0,200,0.0,7
3924,-200.0,200,0.0,7
3925,-200.0,200,0.0,7
3926,-200.0,200,0.0,7
3927,-200.0,200,0.0,7
3928,-200.0,200,0.0,7
3929,-200.0,200,0.0,7
3930,-200.0,200,0.0,7
3931,-200.0,200,0.0,7
3932,-200.0,200,0.0,7
3933,-200.0,200,0.0,7
3934,-200.0,200,0.0,7
3935,-200.0,200,0.0,7
3936,-200.0,200,0.0,7
3937,-197.0,197,1.0,7
3938,-200.0,200,0.0,7
3939,-200.0,200,0.0,7
3940,-197.0,197,1.0,7
3941,-200.0,200,0.0,7
3942,-200.0,200,0.0,7
3943,-193.0,193,1.0,7
3944,-200.0,200,0.0,7
3945,-200.0,200,0.0,7
3946,-190.0,190,1.0,7
3947,-200.0,200,0.0,7
3948,-200.0,200,0.0,7
3949,-196.0,196,1.0,7
3950,-200.0,200,0.0,7
3951,-200.0,200,0.0,7
3952,-199.0,199,1.0,7
3953,-200.0,200,0.0,7
3954,-200.0,200,0.0,7
3955,-196.0,196,1.0,7
3956,-200.0,200,0.0,7
3957,-193.0,193,1.0,7
3958,-200.0,200,0.0,7
3959,-200.0,200,0.0,7
3960,-190.0,190,1.0,7
3961,-200.0,200,0.0,7
3962,-190.0,190,1.0,7
3963,-194.0,194,1.0,7
3964,-198.0,198,1.0,7
3965,-200.0,200,0.0,7
3966,-200.0,200,0.0,7
3967,-163.0,163,1.0,7
3968,-200.0,200,0.0,7
3969,-200.0,200,0.0,7
3970,-160.0,160,1.0,7
3971,-200.0,200,0.0,7
3972,-200.0,200,0.0,7
3973,-200.0,200,0.0,7
3974,-200.0,200,0.0,7
3975,-154.0,154,1.0,7
3976,-200.0,200,0.0,7
3977,-147.0,147,1.0,7
3978,-200.0,200,0.0,7
3979,-151.0,151,1.0,7
3980,-197.0,197,1.0,7
3981,-200.0,200,0.0,7
3982,-200.0,200,0.0,7
3983,-200.0,200,0.0,7
3984,-198.0,198,1.0,7
3985,-200.0,200,0.0,7
3986,-200.0,200,0.0,7
3987,-200.0,200,0.0,7
3988,-200.0,200,0.0,7
3989,-200.0,200,0.0,7
3990,-188.0,188,1.0,7
3991,-200.0,200,0.0,7
3992,-195.0,195,1.0,7
3993,-199.0,199,1.0,7
3994,-200.0,200,0.0,7
3995,-190.0,190,1.0,7
3996,-200.0,200,0.0,7
3997,-200.0,200,0.0,7
3998,-200.0,200,0.0,7
3999,-189.0,189,1.0,7
4000,-200.0,200,0.0,7
4001,-200.0,200,0.0,7
4002,-200.0,200,0.0,7
4003,-200.0,200,0.0,7
4004,-189.0,189,1.0,7
4005,-200.0,200,0.0,7
4006,-200.0,200,0.0,7
4007,-193.0,193,1.0,7
4008,-187.0,187,1.0,7
4009,-200.0,200,0.0,7
4010,-200.0,200,0.0,7
4011,-200.0,200,0.0,7
4012,-200.0,200,0.0,7
4013,-200.0,200,0.0,7
4014,-200.0,200,0.0,7
4015,-195.0,195,1.0,7
4016,-200.0,200,0.0,7
4017,-195.0,195,1.0,7
4018,-200.0,200,0.0,7
4019,-199.0,199,1.0,7
4020,-196.0,196,1.0,7
4021,-200.0,200,0.0,7
4022,-190.0,190,1.0,7
4023,-200.0,200,0.0,7
4024,-194.0,194,1.0,7
4025,-163.0,163,1.0,7
4026,-195.0,195,1.0,7
4027,-200.0,200,0.0,7
4028,-200.0,200,0.0,7
4029,-190.0,190,1.0,7
4030,-197.0,197,1.0,7
4031,-200.0,200,0.0,7
4032,-198.0,198,1.0,7
4033,-200.0,200,0.0,7
4034,-200.0,200,0.0,7
4035,-200.0,200,0.0,7
4036,-200.0,200,0.0,7
4037,-200.0,200,0.0,7
4038,-199.0,199,1.0,7
4039,-193.0,193,1.0,7
4040,-200.0,200,0.0,7
4041,-200.0,200,0.0,7
4042,-200.0,200,0.0,7
4043,-200.0,200,0.0,7
4044,-173.0,173,1.0,7
4045,-195.0,195,1.0,7
4046,-200.0,200,0.0,7
4047,-200.0,200,0.0,7
4048,-200.0,200,0.0,7
4049,-200.0,200,0.0,7
4050,-200.0,200,0.0,7
4051,-191.0,191,1.0,7
4052,-193.0,193,1.0,7
4053,-195.0,195,1.0,7
4054,-200.0,200,0.0,7
4055,-191.0,191,1.0,7
4056,-200.0,200,0.0,7
4057,-192.0,192,1.0,7
4058,-200.0,200,0.0,7
4059,-200.0,200,0.0,7
4060,-200.0,200,0.0,7
4061,-200.0,200,0.0,7
4062,-200.0,200,0.0,7
4063,-195.0,195,1.0,7
4064,-200.0,200,0.0,7
4065,-200.0,200,0.0,7
4066,-200.0,200,0.0,7
4067,-200.0,200,0.0,7
4068,-200.0,200,0.0,7
4069,-200.0,200,0.0,7
4070,-196.0,196,1.0,7
4071,-200.0,200,0.0,7
4072,-200.0,200,0.0,7
4073,-200.0,200,0.0,7
4074,-200.0,200,0.0,7
4075,-194.0,194,1.0,7
4076,-200.0,200,0.0,7
4077,-200.0,200,0.0,7
4078,-200.0,200,0.0,7
4079,-196.0,196,1.0,7
4080,-200.0,200,0.0,7
4081,-200.0,200,0.0,7
4082,-200.0,200,0.0,7
4083,-199.0,199,1.0,7
4084,-200.0,200,0.0,7
4085,-189.0,189,1.0,7
4086,-192.0,192,1.0,7
4087,-200.0,200,0.0,7
4088,-200.0,200,0.0,7
4089,-200.0,200,0.0,7
4090,-200.0,200,0.0,7
4091,-200.0,200,0.0,7
4092,-193.0,193,1.0,7
4093,-192.0,192,1.0,7
4094,-200.0,200,0.0,7
4095,-200.0,200,0.0,7
4096,-194.0,194,1.0,7
4097,-200.0,200,0.0,7
4098,-200.0,200,0.0,7
4099,-200.0,200,0.0,7
4100,-190.0,190,1.0,7
4101,-200.0,200,0.0,7
4102,-191.0,191,1.0,7
4103,-200.0,200,0.0,7
4104,-200.0,200,0.0,7
4105,-200.0,200,0.0,7
4106,-200.0,200,0.0,7
4107,-200.0,200,0.0,7
4108,-200.0,200,0.0,7
4109,-200.0,200,0.0,7
4110,-200.0,200,0.0,7
4111,-200.0,200,0.0,7
4112,-200.0,200,0.0,7
4113,-200.0,200,0.0,7
4114,-200.0,200,0.0,7
4115,-200.0,200,0.0,7
4116,-200.0,200,0.0,7
4117,-200.0,200,0.0,7
4118,-189.0,189,1.0,7
4119,-192.0,192,1.0,7
4120,-190.0,190,1.0,7
4121,-200.0,200,0.0,7
4122,-200.0,200,0.0,7
4123,-200.0,200,0.0,7
4124,-200.0,200,0.0,7
4125,-200.0,200,0.0,7
4126,-200.0,200,0.0,7
4127,-200.0,200,0.0,7
4128,-200.0,200,0.0,7
4129,-200.0,200,0.0,7
4130,-200.0,200,0.0,7
4131,-200.0,200,0.0,7
4132,-200.0,200,0.0,7
4133,-200.0,200,0.0,7
4134,-192.0,192,1.0,7
4135,-193.0,193,1.0,7
4136,-200.0,200,0.0,7
4137,-200.0,200,0.0,7
4138,-200.0,200,0.0,7
4139,-200.0,200,0.0,7
4140,-200.0,200,0.0,7
4141,-200.0,200,0.0,7
4142,-200.0,200,0.0,7
4143,-188.0,188,1.0,7
4144,-200.0,200,0.0,7
4145,-200.0,200,0.0,7
4146,-188.0,188,1.0,7
4147,-200.0,200,0.0,7
4148,-190.0,190,1.0,7
4149,-200.0,200,0.0,7
4150,-190.0,190,1.0,7
4151,-200.0,200,0.0,7
4152,-200.0,200,0.0,7
4153,-188.0,188,1.0,7
4154,-193.0,193,1.0,7
4155,-200.0,200,0.0,7
4156,-200.0,200,0.0,7
4157,-197.0,197,1.0,7
4158,-200.0,200,0.0,7
4159,-159.0,159,1.0,7
4160,-190.0,190,1.0,7
4161,-200.0,200,0.0,7
4162,-188.0,188,1.0,7
4163,-200.0,200,0.0,7
4164,-159.0,159,1.0,7
4165,-190.0,190,1.0,7
4166,-200.0,200,0.0,7
4167,-183.0,183,1.0,7
4168,-153.0,153,1.0,7
4169,-185.0,185,1.0,7
4170,-200.0,200,0.0,7
4171,-200.0,200,0.0,7
4172,-200.0,200,0.0,7
4173,-200.0,200,0.0,7
4174,-189.0,189,1.0,7
4175,-200.0,200,0.0,7
4176,-189.0,189,1.0,7
4177,-200.0,200,0.0,7
4178,-182.0,182,1.0,7
4179,-183.0,183,1.0,7
4180,-200.0,200,0.0,7
4181,-200.0,200,0.0,7
4182,-186.0,186,1.0,7
4183,-159.0,159,1.0,7
4184,-185.0,185,1.0,7
4185,-160.0,160,1.0,7
4186,-200.0,200,0.0,7
4187,-163.0,163,1.0,7
4188,-200.0,200,0.0,7
4189,-160.0,160,1.0,7
4190,-200.0,200,0.0,7
4191,-153.0,153,1.0,7
4192,-200.0,200,0.0,7
4193,-189.0,189,1.0,7
4194,-200.0,200,0.0,7
4195,-154.0,154,1.0,7
4196,-153.0,153,1.0,7
4197,-157.0,157,1.0,7
4198,-200.0,200,0.0,7
4199,-156.0,156,1.0,7
4200,-164.0,164,1.0,7
4201,-200.0,200,0.0,7
4202,-154.0,154,1.0,7
4203,-174.0,174,1.0,7
4204,-200.0,200,0.0,7
4205,-155.0,155,1.0,7
4206,-190.0,190,1.0,7
4207,-153.0,153,1.0,7
4208,-200.0,200,0.0,7
4209,-200.0,200,0.0,7
4210,-188.0,188,1.0,7
4211,-200.0,200,0.0,7
4212,-160.0,160,1.0,7
4213,-190.0,190,1.0,7
4214,-166.0,166,1.0,7
4215,-169.0,169,1.0,7
4216,-185.0,185,1.0,7
4217,-157.0,157,1.0,7
4218,-185.0,185,1.0,7
4219,-157.0,157,1.0,7
4220,-160.0,160,1.0,7
4221,-162.0,162,1.0,7
4222,-148.0,148,1.0,7
4223,-193.0,193,1.0,7
4224,-157.0,157,1.0,7
4225,-186.0,186,1.0,7
4226,-191.0,191,1.0,7
4227,-194.0,194,1.0,7
4228,-194.0,194,1.0,7
4229,-186.0,186,1.0,7
4230,-159.0,159,1.0,7
4231,-192.0,192,1.0,7
4232,-158.0,158,1.0,7
4233,-159.0,159,1.0,7
4234,-156.0,156,1.0,7
4235,-153.0,153,1.0,7
4236,-153.0,153,1.0,7
4237,-161.0,161,1.0,7
4238,-157.0,157,1.0,7
4239,-159.0,159,1.0,7
4240,-153.0,153,1.0,7
4241,-153.0,153,1.0,7
4242,-155.0,155,1.0,7
4243,-157.0,157,1.0,7
4244,-161.0,161,1.0,7
4245,-153.0,153,1.0,7
4246,-197.0,197,1.0,7
4247,-159.0,159,1.0,7
4248,-156.0,156,1.0,7
4249,-159.0,159,1.0,7
4250,-195.0,195,1.0,7
4251,-198.0,198,1.0,7
4252,-154.0,154,1.0,7
4253,-158.0,158,1.0,7
4254,-200.0,200,0.0,7
4255,-200.0,200,0.0,7
4256,-165.0,165,1.0,7
4257,-161.0,161,1.0,7
4258,-195.0,195,1.0,7
4259,-192.0,192,1.0,7
4260,-196.0,196,1.0,7
4261,-200.0,200,0.0,7
4262,-194.0,194,1.0,7
4263,-200.0,200,0.0,7
4264,-163.0,163,1.0,7
4265,-162.0,162,1.0,7
4266,-159.0,159,1.0,7
4267,-161.0,161,1.0,7
4268,-154.0,154,1.0,7
4269,-195.0,195,1.0,7
4270,-197.0,197,1.0,7
4271,-196.0,196,1.0,7
4272,-169.0,169,1.0,7
4273,-161.0,161,1.0,7
4274,-156.0,156,1.0,7
4275,-161.0,161,1.0,7
4276,-157.0,157,1.0,7
4277,-162.0,162,1.0,7
4278,-194.0,194,1.0,7
4279,-163.0,163,1.0,7
4280,-163.0,163,1.0,7
4281,-183.0,183,1.0,7
4282,-189.0,189,1.0,7
4283,-190.0,190,1.0,7
4284,-154.0,154,1.0,7
4285,-160.0,160,1.0,7
4286,-161.0,161,1.0,7
4287,-190.0,190,1.0,7
4288,-196.0,196,1.0,7
4289,-193.0,193,1.0,7
4290,-195.0,195,1.0,7
4291,-193.0,193,1.0,7
4292,-160.0,160,1.0,7
4293,-198.0,198,1.0,7
4294,-163.0,163,1.0,7
4295,-195.0,195,1.0,7
4296,-176.0,176,1.0,7
4297,-167.0,167,1.0,7
4298,-200.0,200,0.0,7
4299,-159.0,159,1.0,7
4300,-175.0,175,1.0,7
4301,-163.0,163,1.0,7
4302,-159.0,159,1.0,7
4303,-186.0,186,1.0,7
4304,-200.0,200,0.0,7
4305,-198.0,198,1.0,7
4306,-183.0,183,1.0,7
4307,-154.0,154,1.0,7
4308,-163.0,163,1.0,7
4309,-185.0,185,1.0,7
4310,-191.0,191,1.0,7
4311,-163.0,163,1.0,7
4312,-159.0,159,1.0,7
4313,-200.0,200,0.0,7
4314,-160.0,160,1.0,7
4315,-196.0,196,1.0,7
4316,-190.0,190,1.0,7
4317,-198.0,198,1.0,7
4318,-162.0,162,1.0,7
4319,-147.0,147,1.0,7
4320,-160.0,160,1.0,7
4321,-194.0,194,1.0,7
4322,-149.0,149,1.0,7
4323,-165.0,165,1.0,7
4324,-200.0,200,0.0,7
4325,-200.0,200,0.0,7
4326,-200.0,200,0.0,7
4327,-196.0,196,1.0,7
4328,-158.0,158,1.0,7
4329,-188.0,188,1.0,7
4330,-166.0,166,1.0,7
4331,-159.0,159,1.0,7
4332,-160.0,160,1.0,7
4333,-200.0,200,0.0,7
4334,-165.0,165,1.0,7
4335,-164.0,164,1.0,7
4336,-195.0,195,1.0,7
4337,-167.0,167,1.0,7
4338,-199.0,199,1.0,7
4339,-168.0,168,1.0,7
4340,-190.0,190,1.0,7
4341,-178.0,178,1.0,7
4342,-175.0,175,1.0,7
4343,-161.0,161,1.0,7
4344,-157.0,157,1.0,7
4345,-162.0,162,1.0,7
4346,-200.0,200,0.0,7
4347,-176.0,176,1.0,7
4348,-194.0,194,1.0,7
4349,-162.0,162,1.0,7
4350,-158.0,158,1.0,7
4351,-188.0,188,1.0,7
4352,-157.0,157,1.0,7
4353,-199.0,199,1.0,7
4354,-167.0,167,1.0,7
4355,-197.0,197,1.0,7
4356,-169.0,169,1.0,7
4357,-170.0,170,1.0,7
4358,-171.0,171,1.0,7
4359,-180.0,180,1.0,7
4360,-165.0,165,1.0,7
4361,-196.0,196,1.0,7
4362,-200.0,200,0.0,7
4363,-161.0,161,1.0,7
4364,-196.0,196,1.0,7
4365,-194.0,194,1.0,7
4366,-200.0,200,0.0,7
4367,-165.0,165,1.0,7
4368,-171.0,171,1.0,7
4369,-198.0,198,1.0,7
4370,-172.0,172,1.0,7
4371,-169.0,169,1.0,7
4372,-169.0,169,1.0,7
4373,-200.0,200,0.0,7
4374,-168.0,168,1.0,7
4375,-173.0,173,1.0,7
4376,-171.0,171,1.0,7
4377,-172.0,172,1.0,7
4378,-167.0,167,1.0,7
4379,-165.0,165,1.0,7
4380,-174.0,174,1.0,7
4381,-181.0,181,1.0,7
4382,-174.0,174,1.0,7
4383,-156.0,156,1.0,7
4384,-197.0,197,1.0,7
4385,-180.0,180,1.0,7
4386,-159.0,159,1.0,7
4387,-164.0,164,1.0,7
4388,-177.0,177,1.0,7
4389,-153.0,153,1.0,7
4390,-158.0,158,1.0,7
4391,-200.0,200,0.0,7
4392,-200.0,200,0.0,7
4393,-180.0,180,1.0,7
4394,-175.0,175,1.0,7
4395,-168.0,168,1.0,7
4396,-167.0,167,1.0,7
4397,-200.0,200,0.0,7
4398,-172.0,172,1.0,7
4399,-164.0,164,1.0,7
4400,-162.0,162,1.0,7
4401,-193.0,193,1.0,7
4402,-195.0,195,1.0,7
4403,-165.0,165,1.0,7
4404,-161.0,161,1.0,7
4405,-154.0,154,1.0,7
4406,-157.0,157,1.0,7
4407,-158.0,158,1.0,7
4408,-200.0,200,0.0,7
4409,-169.0,169,1.0,7
4410,-192.0,192,1.0,7
4411,-200.0,200,0.0,7
4412,-200.0,200,0.0,7
4413,-198.0,198,1.0,7
4414,-200.0,200,0.0,7
4415,-200.0,200,0.0,7
4416,-157.0,157,1.0,7
4417,-171.0,171,1.0,7
4418,-160.0,160,1.0,7
4419,-200.0,200,0.0,7
4420,-181.0,181,1.0,7
4421,-163.0,163,1.0,7
4422,-200.0,200,0.0,7
4423,-200.0,200,0.0,7
4424,-165.0,165,1.0,7
4425,-200.0,200,0.0,7
4426,-162.0,162,1.0,7
4427,-200.0,200,0.0,7
4428,-160.0,160,1.0,7
4429,-200.0,200,0.0,7
4430,-200.0,200,0.0,7
4431,-167.0,167,1.0,7
4432,-168.0,168,1.0,7
4433,-200.0,200,0.0,7
4434,-166.0,166,1.0,7
4435,-178.0,178,1.0,7
4436,-200.0,200,0.0,7
4437,-200.0,200,0.0,7
4438,-200.0,200,0.0,7
4439,-169.0,169,1.0,7
4440,-171.0,171,1.0,7
4441,-158.0,158,1.0,7
4442,-161.0,161,1.0,7
4443,-200.0,200,0.0,7
4444,-200.0,200,0.0,7
4445,-200.0,200,0.0,7
4446,-200.0,200,0.0,7
4447,-160.0,160,1.0,7
4448,-200.0,200,0.0,7
4449,-159.0,159,1.0,7
4450,-197.0,197,1.0,7
4451,-167.0,167,1.0,7
4452,-176.0,176,1.0,7
4453,-200.0,200,0.0,7
4454,-159.0,159,1.0,7
4455,-200.0,200,0.0,7
4456,-200.0,200,0.0,7
4457,-200.0,200,0.0,7
4458,-161.0,161,1.0,7
4459,-200.0,200,0.0,7
4460,-200.0,200,0.0,7
4461,-200.0,200,0.0,7
4462,-200.0,200,0.0,7
4463,-165.0,165,1.0,7
4464,-200.0,200,0.0,7
4465,-200.0,200,0.0,7
4466,-160.0,160,1.0,7
4467,-200.0,200,0.0,7
4468,-168.0,168,1.0,7
4469,-200.0,200,0.0,7
4470,-200.0,200,0.0,7
4471,-200.0,200,0.0,7
4472,-200.0,200,0.0,7
4473,-200.0,200,0.0,7
4474,-200.0,200,0.0,7
4475,-200.0,200,0.0,7
4476,-200.0,200,0.0,7
4477,-200.0,200,0.0,7
4478,-200.0,200,0.0,7
4479,-200.0,200,0.0,7
4480,-200.0,200,0.0,7
4481,-200.0,200,0.0,7
4482,-200.0,200,0.0,7
4483,-200.0,200,0.0,7
4484,-200.0,200,0.0,7
4485,-200.0,200,0.0,7
4486,-200.0,200,0.0,7
4487,-200.0,200,0.0,7
4488,-200.0,200,0.0,7
4489,-200.0,200,0.0,7
4490,-173.0,173,1.0,7
4491,-200.0,200,0.0,7
4492,-200.0,200,0.0,7
4493,-200.0,200,0.0,7
4494,-200.0,200,0.0,7
4495,-200.0,200,0.0,7
4496,-200.0,200,0.0,7
4497,-200.0,200,0.0,7
4498,-200.0,200,0.0,7
4499,-200.0,200,0.0,7
4500,-160.0,160,1.0,7
4501,-200.0,200,0.0,7
4502,-200.0,200,0.0,7
4503,-200.0,200,0.0,7
4504,-200.0,200,0.0,7
4505,-200.0,200,0.0,7
4506,-200.0,200,0.0,7
4507,-200.0,200,0.0,7
4508,-200.0,200,0.0,7
4509,-200.0,200,0.0,7
4510,-200.0,200,0.0,7
4511,-200.0,200,0.0,7
4512,-200.0,200,0.0,7
4513,-170.0,170,1.0,7
4514,-200.0,200,0.0,7
4515,-200.0,200,0.0,7
4516,-200.0,200,0.0,7
4517,-200.0,200,0.0,7
4518,-200.0,200,0.0,7
4519,-200.0,200,0.0,7
4520,-200.0,200,0.0,7
4521,-200.0,200,0.0,7
4522,-200.0,200,0.0,7
4523,-200.0,200,0.0,7
4524,-200.0,200,0.0,7
4525,-200.0,200,0.0,7
4526,-200.0,200,0.0,7
4527,-200.0,200,0.0,7
4528,-200.0,200,0.0,7
4529,-200.0,200,0.0,7
4530,-200.0,200,0.0,7
4531,-200.0,200,0.0,7
4532,-200.0,200,0.0,7
4533,-200.0,200,0.0,7
4534,-200.0,200,0.0,7
4535,-200.0,200,0.0,7
4536,-200.0,200,0.0,7
4537,-200.0,200,0.0,7
4538,-200.0,200,0.0,7
4539,-191.0,191,1.0,7
4540,-200.0,200,0.0,7
4541,-200.0,200,0.0,7
4542,-200.0,200,0.0,7
4543,-200.0,200,0.0,7
4544,-200.0,200,0.0,7
4545,-200.0,200,0.0,7
4546,-200.0,200,0.0,7
4547,-200.0,200,0.0,7
4548,-200.0,200,0.0,7
4549,-200.0,200,0.0,7
4550,-200.0,200,0.0,7
4551,-200.0,200,0.0,7
4552,-197.0,197,1.0,7
4553,-200.0,200,0.0,7
4554,-200.0,200,0.0,7
4555,-200.0,200,0.0,7
4556,-200.0,200,0.0,7
4557,-200.0,200,0.0,7
4558,-196.0,196,1.0,7
4559,-200.0,200,0.0,7
4560,-200.0,200,0.0,7
4561,-198.0,198,1.0,7
4562,-200.0,200,0.0,7
4563,-200.0,200,0.0,7
4564,-199.0,199,1.0,7
4565,-200.0,200,0.0,7
4566,-200.0,200,0.0,7
4567,-200.0,200,0.0,7
4568,-200.0,200,0.0,7
4569,-200.0,200,0.0,7
4570,-200.0,200,0.0,7
4571,-200.0,200,0.0,7
4572,-200.0,200,0.0,7
4573,-200.0,200,0.0,7
4574,-200.0,200,0.0,7
4575,-200.0,200,0.0,7
4576,-160.0,160,1.0,7
4577,-200.0,200,0.0,7
4578,-200.0,200,0.0,7
4579,-200.0,200,0.0,7
4580,-192.0,192,1.0,7
4581,-200.0,200,0.0,7
4582,-200.0,200,0.0,7
4583,-160.0,160,1.0,7
4584,-200.0,200,0.0,7
4585,-200.0,200,0.0,7
4586,-200.0,200,0.0,7
4587,-200.0,200,0.0,7
4588,-198.0,198,1.0,7
4589,-193.0,193,1.0,7
4590,-200.0,200,0.0,7
4591,-200.0,200,0.0,7
4592,-200.0,200,0.0,7
4593,-200.0,200,0.0,7
4594,-200.0,200,0.0,7
4595,-200.0,200,0.0,7
4596,-197.0,197,1.0,7
4597,-200.0,200,0.0,7
4598,-198.0,198,1.0,7
4599,-200.0,200,0.0,7
4600,-200.0,200,0.0,7
4601,-200.0,200,0.0,7
4602,-200.0,200,0.0,7
4603,-200.0,200,0.0,7
4604,-200.0,200,0.0,7
4605,-192.0,192,1.0,7
4606,-200.0,200,0.0,7
4607,-200.0,200,0.0,7
4608,-200.0,200,0.0,7
4609,-200.0,200,0.0,7
4610,-200.0,200,0.0,7
4611,-200.0,200,0.0,7
4612,-200.0,200,0.0,7
4613,-189.0,189,1.0,7
4614,-190.0,190,1.0,7
4615,-197.0,197,1.0,7
4616,-200.0,200,0.0,7
4617,-200.0,200,0.0,7
4618,-200.0,200,0.0,7
4619,-189.0,189,1.0,7
4620,-192.0,192,1.0,7
4621,-199.0,199,1.0,7
4622,-200.0,200,0.0,7
4623,-183.0,183,1.0,7
4624,-186.0,186,1.0,7
4625,-200.0,200,0.0,7
4626,-200.0,200,0.0,7
4627,-200.0,200,0.0,7
4628,-167.0,167,1.0,7
4629,-191.0,191,1.0,7
4630,-193.0,193,1.0,7
4631,-200.0,200,0.0,7
4632,-161.0,161,1.0,7
4633,-200.0,200,0.0,7
4634,-158.0,158,1.0,7
4635,-177.0,177,1.0,7
4636,-167.0,167,1.0,7
4637,-159.0,159,1.0,7
4638,-183.0,183,1.0,7
4639,-154.0,154,1.0,7
4640,-200.0,200,0.0,7
4641,-200.0,200,0.0,7
4642,-200.0,200,0.0,7
4643,-200.0,200,0.0,7
4644,-200.0,200,0.0,7
4645,-200.0,200,0.0,7
4646,-200.0,200,0.0,7
4647,-200.0,200,0.0,7
4648,-200.0,200,0.0,7
4649,-200.0,200,0.0,7
4650,-200.0,200,0.0,7
4651,-200.0,200,0.0,7
4652,-200.0,200,0.0,7
4653,-200.0,200,0.0,7
4654,-162.0,162,1.0,7
4655,-166.0,166,1.0,7
4656,-165.0,165,1.0,7
4657,-200.0,200,0.0,7
4658,-198.0,198,1.0,7
4659,-193.0,193,1.0,7
4660,-158.0,158,1.0,7
4661,-200.0,200,0.0,7
4662,-158.0,158,1.0,7
4663,-153.0,153,1.0,7
4664,-200.0,200,0.0,7
4665,-157.0,157,1.0,7
4666,-200.0,200,0.0,7
4667,-200.0,200,0.0,7
4668,-158.0,158,1.0,7
4669,-200.0,200,0.0,7
4670,-161.0,161,1.0,7
4671,-160.0,160,1.0,7
4672,-200.0,200,0.0,7
4673,-176.0,176,1.0,7
4674,-192.0,192,1.0,7
4675,-200.0,200,0.0,7
4676,-154.0,154,1.0,7
4677,-154.0,154,1.0,7
4678,-160.0,160,1.0,7
4679,-165.0,165,1.0,7
4680,-200.0,200,0.0,7
4681,-158.0,158,1.0,7
4682,-200.0,200,0.0,7
4683,-200.0,200,0.0,7
4684,-200.0,200,0.0,7
4685,-200.0,200,0.0,7
4686,-155.0,155,1.0,7
4687,-200.0,200,0.0,7
4688,-200.0,200,0.0,7
4689,-152.0,152,1.0,7
4690,-157.0,157,1.0,7
4691,-156.0,156,1.0,7
4692,-167.0,167,1.0,7
4693,-200.0,200,0.0,7
4694,-157.0,157,1.0,7
4695,-157.0,157,1.0,7
4696,-160.0,160,1.0,7
4697,-200.0,200,0.0,7
4698,-200.0,200,0.0,7
4699,-155.0,155,1.0,7
4700,-200.0,200,0.0,7
4701,-200.0,200,0.0,7
4702,-162.0,162,1.0,7
4703,-197.0,197,1.0,7
4704,-165.0,165,1.0,7
4705,-163.0,163,1.0,7
4706,-168.0,168,1.0,7
4707,-200.0,200,0.0,7
4708,-199.0,199,1.0,7
4709,-177.0,177,1.0,7
4710,-158.0,158,1.0,7
4711,-199.0,199,1.0,7
4712,-162.0,162,1.0,7
4713,-159.0,159,1.0,7
4714,-162.0,162,1.0,7
4715,-200.0,200,0.0,7
4716,-194.0,194,1.0,7
4717,-156.0,156,1.0,7
4718,-174.0,174,1.0,7
4719,-190.0,190,1.0,7
4720,-196.0,196,1.0,7
4721,-192.0,192,1.0,7
4722,-200.0,200,0.0,7
4723,-155.0,155,1.0,7
4724,-200.0,200,0.0,7
4725,-157.0,157,1.0,7
4726,-157.0,157,1.0,7
4727,-154.0,154,1.0,7
4728,-200.0,200,0.0,7
4729,-200.0,200,0.0,7
4730,-200.0,200,0.0,7
4731,-154.0,154,1.0,7
4732,-162.0,162,1.0,7
4733,-198.0,198,1.0,7
4734,-200.0,200,0.0,7
4735,-166.0,166,1.0,7
4736,-154.0,154,1.0,7
4737,-195.0,195,1.0,7
4738,-200.0,200,0.0,7
4739,-200.0,200,0.0,7
4740,-193.0,193,1.0,7
4741,-157.0,157,1.0,7
4742,-155.0,155,1.0,7
4743,-189.0,189,1.0,7
4744,-178.0,178,1.0,7
4745,-185.0,185,1.0,7
4746,-194.0,194,1.0,7
4747,-186.0,186,1.0,7
4748,-195.0,195,1.0,7
4749,-156.0,156,1.0,7
4750,-188.0,188,1.0,7
4751,-155.0,155,1.0,7
4752,-165.0,165,1.0,7
4753,-173.0,173,1.0,7
4754,-179.0,179,1.0,7
4755,-188.0,188,1.0,7
4756,-162.0,162,1.0,7
4757,-165.0,165,1.0,7
4758,-159.0,159,1.0,7
4759,-190.0,190,1.0,7
4760,-198.0,198,1.0,7
4761,-161.0,161,1.0,7
4762,-175.0,175,1.0,7
4763,-192.0,192,1.0,7
4764,-158.0,158,1.0,7
4765,-200.0,200,0.0,7
4766,-166.0,166,1.0,7
4767,-199.0,199,1.0,7
4768,-159.0,159,1.0,7
4769,-200.0,200,0.0,7
4770,-158.0,158,1.0,7
4771,-175.0,175,1.0,7
4772,-160.0,160,1.0,7
4773,-158.0,158,1.0,7
4774,-185.0,185,1.0,7
4775,-165.0,165,1.0,7
4776,-171.0,171,1.0,7
4777,-157.0,157,1.0,7
4778,-159.0,159,1.0,7
4779,-198.0,198,1.0,7
4780,-159.0,159,1.0,7
4781,-167.0,167,1.0,7
4782,-196.0,196,1.0,7
4783,-196.0,196,1.0,7
4784,-196.0,196,1.0,7
4785,-177.0,177,1.0,7
4786,-156.0,156,1.0,7
4787,-186.0,186,1.0,7
4788,-186.0,186,1.0,7
4789,-163.0,163,1.0,7
4790,-200.0,200,0.0,7
4791,-200.0,200,0.0,7
4792,-159.0,159,1.0,7
4793,-200.0,200,0.0,7
4794,-169.0,169,1.0,7
4795,-160.0,160,1.0,7
4796,-180.0,180,1.0,7
4797,-199.0,199,1.0,7
4798,-199.0,199,1.0,7
4799,-176.0,176,1.0,7
4800,-163.0,163,1.0,7
4801,-167.0,167,1.0,7
4802,-188.0,188,1.0,7
4803,-200.0,200,0.0,7
4804,-200.0,200,0.0,7
4805,-199.0,199,1.0,7
4806,-160.0,160,1.0,7
4807,-199.0,199,1.0,7
4808,-200.0,200,0.0,7
4809,-160.0,160,1.0,7
4810,-192.0,192,1.0,7
4811,-168.0,168,1.0,7
4812,-163.0,163,1.0,7
4813,-160.0,160,1.0,7
4814,-200.0,200,0.0,7
4815,-195.0,195,1.0,7
4816,-194.0,194,1.0,7
4817,-158.0,158,1.0,7
4818,-193.0,193,1.0,7
4819,-200.0,200,0.0,7
4820,-200.0,200,0.0,7
4821,-197.0,197,1.0,7
4822,-160.0,160,1.0,7
4823,-200.0,200,0.0,7
4824,-200.0,200,0.0,7
4825,-200.0,200,0.0,7
4826,-200.0,200,0.0,7
4827,-200.0,200,0.0,7
4828,-197.0,197,1.0,7
4829,-158.0,158,1.0,7
4830,-200.0,200,0.0,7
4831,-157.0,157,1.0,7
4832,-200.0,200,0.0,7
4833,-200.0,200,0.0,7
4834,-200.0,200,0.0,7
4835,-155.0,155,1.0,7
4836,-200.0,200,0.0,7
4837,-196.0,196,1.0,7
4838,-159.0,159,1.0,7
4839,-198.0,198,1.0,7
4840,-200.0,200,0.0,7
4841,-199.0,199,1.0,7
4842,-158.0,158,1.0,7
4843,-200.0,200,0.0,7
4844,-156.0,156,1.0,7
4845,-200.0,200,0.0,7
4846,-192.0,192,1.0,7
4847,-159.0,159,1.0,7
4848,-187.0,187,1.0,7
4849,-181.0,181,1.0,7
4850,-183.0,183,1.0,7
4851,-200.0,200,0.0,7
4852,-158.0,158,1.0,7
4853,-197.0,197,1.0,7
4854,-158.0,158,1.0,7
4855,-176.0,176,1.0,7
4856,-162.0,162,1.0,7
4857,-200.0,200,0.0,7
4858,-191.0,191,1.0,7
4859,-160.0,160,1.0,7
4860,-180.0,180,1.0,7
4861,-161.0,161,1.0,7
4862,-162.0,162,1.0,7
4863,-158.0,158,1.0,7
4864,-166.0,166,1.0,7
4865,-169.0,169,1.0,7
4866,-200.0,200,0.0,7
4867,-161.0,161,1.0,7
4868,-200.0,200,0.0,7
4869,-158.0,158,1.0,7
4870,-200.0,200,0.0,7
4871,-158.0,158,1.0,7
4872,-165.0,165,1.0,7
4873,-200.0,200,0.0,7
4874,-169.0,169,1.0,7
4875,-180.0,180,1.0,7
4876,-200.0,200,0.0,7
4877,-165.0,165,1.0,7
4878,-173.0,173,1.0,7
4879,-181.0,181,1.0,7
4880,-165.0,165,1.0,7
4881,-200.0,200,0.0,7
4882,-200.0,200,0.0,7
4883,-167.0,167,1.0,7
4884,-200.0,200,0.0,7
4885,-170.0,170,1.0,7
4886,-200.0,200,0.0,7
4887,-164.0,164,1.0,7
4888,-200.0,200,0.0,7
4889,-169.0,169,1.0,7
4890,-167.0,167,1.0,7
4891,-200.0,200,0.0,7
4892,-180.0,180,1.0,7
4893,-162.0,162,1.0,7
4894,-200.0,200,0.0,7
4895,-156.0,156,1.0,7
4896,-158.0,158,1.0,7
4897,-200.0,200,0.0,7
4898,-200.0,200,0.0,7
4899,-200.0,200,0.0,7
4900,-159.0,159,1.0,7
4901,-200.0,200,0.0,7
4902,-160.0,160,1.0,7
4903,-179.0,179,1.0,7
4904,-165.0,165,1.0,7
4905,-200.0,200,0.0,7
4906,-155.0,155,1.0,7
4907,-154.0,154,1.0,7
4908,-165.0,165,1.0,7
4909,-159.0,159,1.0,7
4910,-180.0,180,1.0,7
4911,-200.0,200,0.0,7
4912,-162.0,162,1.0,7
4913,-174.0,174,1.0,7
4914,-168.0,168,1.0,7
4915,-163.0,163,1.0,7
4916,-200.0,200,0.0,7
4917,-178.0,178,1.0,7
4918,-196.0,196,1.0,7
4919,-159.0,159,1.0,7
4920,-161.0,161,1.0,7
4921,-160.0,160,1.0,7
4922,-159.0,159,1.0,7
4923,-178.0,178,1.0,7
4924,-200.0,200,0.0,7
4925,-200.0,200,0.0,7
4926,-199.0,199,1.0,7
4927,-177.0,177,1.0,7
4928,-200.0,200,0.0,7
4929,-197.0,197,1.0,7
4930,-156.0,156,1.0,7
4931,-160.0,160,1.0,7
4932,-156.0,156,1.0,7
4933,-161.0,161,1.0,7
4934,-200.0,200,0.0,7
4935,-161.0,161,1.0,7
4936,-162.0,162,1.0,7
4937,-166.0,166,1.0,7
4938,-157.0,157,1.0,7
4939,-160.0,160,1.0,7
4940,-200.0,200,0.0,7
4941,-200.0,200,0.0,7
4942,-182.0,182,1.0,7
4943,-158.0,158,1.0,7
4944,-155.0,155,1.0,7
4945,-160.0,160,1.0,7
4946,-192.0,192,1.0,7
4947,-173.0,173,1.0,7
4948,-155.0,155,1.0,7
4949,-155.0,155,1.0,7
4950,-158.0,158,1.0,7
4951,-165.0,165,1.0,7
4952,-166.0,166,1.0,7
4953,-158.0,158,1.0,7
4954,-155.0,155,1.0,7
4955,-171.0,171,1.0,7
4956,-163.0,163,1.0,7
4957,-200.0,200,0.0,7
4958,-195.0,195,1.0,7
4959,-152.0,152,1.0,7
4960,-157.0,157,1.0,7
4961,-155.0,155,1.0,7
4962,-152.0,152,1.0,7
4963,-158.0,158,1.0,7
4964,-158.0,158,1.0,7
4965,-200.0,200,0.0,7
4966,-151.0,151,1.0,7
4967,-158.0,158,1.0,7
4968,-200.0,200,0.0,7
4969,-200.0,200,0.0,7
4970,-153.0,153,1.0,7
4971,-160.0,160,1.0,7
4972,-162.0,162,1.0,7
4973,-155.0,155,1.0,7
4974,-151.0,151,1.0,7
4975,-155.0,155,1.0,7
4976,-157.0,157,1.0,7
4977,-164.0,164,1.0,7
4978,-164.0,164,1.0,7
4979,-159.0,159,1.0,7
4980,-194.0,194,1.0,7
4981,-154.0,154,1.0,7
4982,-200.0,200,0.0,7
4983,-152.0,152,1.0,7
4984,-157.0,157,1.0,7
4985,-159.0,159,1.0,7
4986,-158.0,158,1.0,7
4987,-158.0,158,1.0,7
4988,-200.0,200,0.0,7
4989,-150.0,150,1.0,7
4990,-156.0,156,1.0,7
4991,-153.0,153,1.0,7
4992,-150.0,150,1.0,7
4993,-158.0,158,1.0,7
4994,-174.0,174,1.0,7
4995,-197.0,197,1.0,7
4996,-156.0,156,1.0,7
4997,-161.0,161,1.0,7
4998,-194.0,194,1.0,7
4999,-156.0,156,1.0,7
5000,-156.0,156,1.0,7
