episode,reward,length,success,seed
1,-200.0,200,0.0,84
2,-200.0,200,0.0,84
3,-200.0,200,0.0,84
4,-200.0,200,0.0,84
5,-200.0,200,0.0,84
6,-200.0,200,0.0,84
7,-200.0,200,0.0,84
8,-200.0,200,0.0,84
9,-200.0,200,0.0,84
10,-200.0,200,0.0,84
11,-200.0,200,0.0,84
12,-200.0,200,0.0,84
13,-200.0,200,0.0,84
14,-200.0,200,0.0,84
15,-200.0,200,0.0,84
16,-200.0,200,0.0,84
17,-200.0,200,0.0,84
18,-200.0,200,0.0,84
19,-200.0,200,0.0,84
20,-200.0,200,0.0,84
21,-200.0,200,0.0,84
22,-200.0,200,0.0,84
23,-200.0,200,0.0,84
24,-200.0,200,0.0,84
25,-200.0,200,0.0,84
26,-200.0,200,0.0,84
27,-200.0,200,0.0,84
28,-200.0,200,0.0,84
29,-200.0,200,0.0,84
30,-200.0,200,0.0,84
31,-200.0,200,0.0,84
32,-200.0,200,0.0,84
33,-200.0,200,0.0,84
34,-200.0,200,0.0,84
35,-200.0,200,0.0,84
36,-200.0,200,0.0,84
37,-200.0,200,0.0,84
38,-200.0,200,0.0,84
39,-200.0,200,0.0,84
40,-200.0,200,0.0,84
41,-200.0,200,0.0,84
42,-200.0,200,0.0,84
43,-200.0,200,0.0,84
44,-200.0,200,0.0,84
45,-200.0,200,0.0,84
46,-200.0,200,0.0,84
47,-200.0,200,0.0,84
48,-200.0,200,0.0,84
49,-200.0,200,0.0,84
50,-200.0,200,0.0,84
51,-200.0,200,0.0,84
52,-200.0,200,0.0,84
53,-200.0,200,0.0,84
54,-200.0,200,0.0,84
55,-200.0,200,0.0,84
56,-200.0,200,0.0,84
57,-200.0,200,0.0,84
58,-200.0,200,0.0,84
59,-200.0,200,0.0,84
60,-200.0,200,0.0,84
61,-200.0,200,0.0,84
62,-200.0,200,0.0,84
63,-200.0,200,0.0,84
64,-200.0,200,0.0,84
65,-200.0,200,0.0,84
66,-200.0,200,0.0,84
67,-200.0,200,0.0,84
68,-200.0,200,0.0,84
69,-200.0,200,0.0,84
70,-200.0,200,0.0,84
71,-200.0,200,0.0,84
72,-200.0,200,0.0,84
73,-200.0,200,0.0,84
74,-200.0,200,0.0,84
75,-200.0,200,0.0,84
76,-200.0,200,0.0,84
77,-200.0,200,0.0,84
78,-200.0,200,0.0,84
79,-200.0,200,0.0,84
80,-200.0,200,0.0,84
81,-200.0,200,0.0,84
82,-200.0,200,0.0,84
83,-200.0,200,0.0,84
84,-200.0,200,0.0,84
85,-200.0,200,0.0,84
86,-200.0,200,0.0,84
87,-200.0,200,0.0,84
88,-200.0,200,0.0,84
89,-200.0,200,0.0,84
90,-200.0,200,0.0,84
91,-200.0,200,0.0,84
92,-200.0,200,0.0,84
93,-200.0,200,0.0,84
94,-200.0,200,0.0,84
95,-200.0,200,0.0,84
96,-200.0,200,0.0,84
97,-200.0,200,0.0,84
98,-200.0,200,0.0,84
99,-200.0,200,0.0,84
100,-200.0,200,0.0,84
101,-200.0,200,0.0,84
102,-200.0,200,0.0,84
103,-200.0,200,0.0,84
104,-200.0,200,0.0,84
105,-200.0,200,0.0,84
106,-200.0,200,0.0,84
107,-200.0,200,0.0,84
108,-200.0,200,0.0,84
109,-200.0,200,0.0,84
110,-200.0,200,0.0,84
111,-200.0,200,0.0,84
112,-200.0,200,0.0,84
113,-200.0,200,0.0,84
114,-200.0,200,0.0,84
115,-200.0,200,0.0,84
116,-200.0,200,0.0,84
117,-200.0,200,0.0,84
118,-200.0,200,0.0,84
119,-200.0,200,0.0,84
120,-200.0,200,0.0,84
121,-200.0,200,0.0,84
122,-200.0,200,0.0,84
123,-200.0,200,0.0,84
124,-200.0,200,0.0,84
125,-200.0,200,0.0,84
126,-200.0,200,0.0,84
127,-200.0,200,0.0,84
128,-200.0,200,0.0,84
129,-200.0,200,0.0,84
130,-200.0,200,0.0,84
131,-200.0,200,0.0,84
132,-200.0,200,0.0,84
133,-200.0,200,0.0,84
134,-200.0,200,0.0,84
135,-200.0,200,0.0,84
136,-200.0,200,0.0,84
137,-200.0,200,0.0,84
138,-200.0,200,0.0,84
139,-200.0,200,0.0,84
140,-200.0,200,0.0,84
141,-200.0,200,0.0,84
142,-200.0,200,0.0,84
143,-200.0,200,0.0,84
144,-200.0,200,0.0,84
145,-200.0,200,0.0,84
146,-200.0,200,0.0,84
147,-200.0,200,0.0,84
148,-200.0,200,0.0,84
149,-200.0,200,0.0,84
150,-200.0,200,0.0,84
151,-200.0,200,0.0,84
152,-200.0,200,0.0,84
153,-200.0,200,0.0,84
154,-200.0,200,0.0,84
155,-200.0,200,0.0,84
156,-200.0,200,0.0,84
157,-200.0,200,0.0,84
158,-200.0,200,0.0,84
159,-200.0,200,0.0,84
160,-200.0,200,0.0,84
161,-200.0,200,0.0,84
162,-200.0,200,0.0,84
163,-200.0,200,0.0,84
164,-200.0,200,0.0,84
165,-200.0,200,0.0,84
166,-200.0,200,0.0,84
167,-200.0,200,0.0,84
168,-200.0,200,0.0,84
169,-200.0,200,0.0,84
170,-200.0,200,0.0,84
171,-200.0,200,0.0,84
172,-200.0,200,0.0,84
173,-200.0,200,0.0,84
174,-200.0,200,0.0,84
175,-200.0,200,0.0,84
176,-200.0,200,0.0,84
177,-200.0,200,0.0,84
178,-200.0,200,0.0,84
179,-200.0,200,0.0,84
180,-200.0,200,0.0,84
181,-200.0,200,0.0,84
182,-200.0,200,0.0,84
183,-200.0,200,0.0,84
184,-200.0,200,0.0,84
185,-200.0,200,0.0,84
186,-200.0,200,0.0,84
187,-200.0,200,0.0,84
188,-200.0,200,0.0,84
189,-200.0,200,0.0,84
190,-200.0,200,0.0,84
191,-200.0,200,0.0,84
192,-200.0,200,0.0,84
193,-200.0,200,0.0,84
194,-200.0,200,0.0,84
195,-200.0,200,0.0,84
196,-200.0,200,0.0,84
197,-200.0,200,0.0,84
198,-200.0,200,0.0,84
199,-200.0,200,0.0,84
200,-200.0,200,0.0,84
201,-200.0,200,0.0,84
202,-200.0,200,0.0,84
203,-200.0,200,0.0,84
204,-200.0,200,0.0,84
205,-200.0,200,0.0,84
206,-200.0,200,0.0,84
207,-200.0,200,0.0,84
208,-200.0,200,0.0,84
209,-200.0,200,0.0,84
210,-200.0,200,0.0,84
211,-200.0,200,0.0,84
212,-200.0,200,0.0,84
213,-200.0,200,0.0,84
214,-200.0,200,0.0,84
215,-200.0,200,0.0,84
216,-200.0,200,0.0,84
217,-200.0,200,0.0,84
218,-200.0,200,0.0,84
219,-200.0,200,0.0,84
220,-200.0,200,0.0,84
221,-200.0,200,0.0,84
222,-200.0,200,0.0,84
223,-200.0,200,0.0,84
224,-200.0,200,0.0,84
225,-200.0,200,0.0,84
226,-200.0,200,0.0,84
227,-200.0,200,0.0,84
228,-200.0,200,0.0,84
229,-200.0,200,0.0,84
230,-200.0,200,0.0,84
231,-200.0,200,0.0,84
232,-200.0,200,0.0,84
233,-200.0,200,0.0,84
234,-200.0,200,0.0,84
235,-200.0,200,0.0,84
236,-200.0,200,0.0,84
237,-200.0,200,0.0,84
238,-200.0,200,0.0,84
239,-200.0,200,0.0,84
240,-200.0,200,0.0,84
241,-200.0,200,0.0,84
242,-200.0,200,0.0,84
243,-200.0,200,0.0,84
244,-200.0,200,0.0,84
245,-200.0,200,0.0,84
246,-200.0,200,0.0,84
247,-200.0,200,0.0,84
248,-200.0,200,0.0,84
249,-200.0,200,0.0,84
250,-200.0,200,0.0,84
251,-200.0,200,0.0,84
252,-200.0,200,0.0,84
253,-200.0,200,0.0,84
254,-200.0,200,0.0,84
255,-200.0,200,0.0,84
256,-200.0,200,0.0,84
257,-200.0,200,0.0,84
258,-200.0,200,0.0,84
259,-200.0,200,0.0,84
260,-200.0,200,0.0,84
261,-200.0,200,0.0,84
262,-200.0,200,0.0,84
263,-200.0,200,0.0,84
264,-200.0,200,0.0,84
265,-200.0,200,0.0,84
266,-200.0,200,0.0,84
267,-200.0,200,0.0,84
268,-200.0,200,0.0,84
269,-200.0,200,0.0,84
270,-200.0,200,0.0,84
271,-200.0,200,0.0,84
272,-200.0,200,0.0,84
273,-200.0,200,0.0,84
274,-200.0,200,0.0,84
275,-200.0,200,0.0,84
276,-200.0,200,0.0,84
277,-200.0,200,0.0,84
278,-200.0,200,0.0,84
279,-200.0,200,0.0,84
280,-200.0,200,0.0,84
281,-200.0,200,0.0,84
282,-200.0,200,0.0,84
283,-200.0,200,0.0,84
284,-200.0,200,0.0,84
285,-200.0,200,0.0,84
286,-200.0,200,0.0,84
287,-200.0,200,0.0,84
288,-200.0,200,0.0,84
289,-200.0,200,0.0,84
290,-200.0,200,0.0,84
291,-200.0,200,0.0,84
292,-200.0,200,0.0,84
293,-200.0,200,0.0,84
294,-200.0,200,0.0,84
295,-200.0,200,0.0,84
296,-200.0,200,0.0,84
297,-200.0,200,0.0,84
298,-200.0,200,0.0,84
299,-200.0,200,0.0,84
300,-200.0,200,0.0,84
301,-200.0,200,0.0,84
302,-200.0,200,0.0,84
303,-200.0,200,0.0,84
304,-200.0,200,0.0,84
305,-200.0,200,0.0,84
306,-200.0,200,0.0,84
307,-200.0,200,0.0,84
308,-200.0,200,0.0,84
309,-200.0,200,0.0,84
310,-200.0,200,0.0,84
311,-200.0,200,0.0,84
312,-200.0,200,0.0,84
313,-200.0,200,0.0,84
314,-200.0,200,0.0,84
315,-200.0,200,0.0,84
316,-200.0,200,0.0,84
317,-200.0,200,0.0,84
318,-200.0,200,0.0,84
319,-200.0,200,0.0,84
320,-200.0,200,0.0,84
321,-200.0,200,0.0,84
322,-200.0,200,0.0,84
323,-200.0,200,0.0,84
324,-200.0,200,0.0,84
325,-200.0,200,0.0,84
326,-200.0,200,0.0,84
327,-200.0,200,0.0,84
328,-200.0,200,0.0,84
329,-200.0,200,0.0,84
330,-200.0,200,0.0,84
331,-200.0,200,0.0,84
332,-200.0,200,0.0,84
333,-200.0,200,0.0,84
334,-200.0,200,0.0,84
335,-200.0,200,0.0,84
336,-200.0,200,0.0,84
337,-200.0,200,0.0,84
338,-200.0,200,0.0,84
339,-200.0,200,0.0,84
340,-200.0,200,0.0,84
341,-200.0,200,0.0,84
342,-200.0,200,0.0,84
343,-200.0,200,0.0,84
344,-200.0,200,0.0,84
345,-200.0,200,0.0,84
346,-200.0,200,0.0,84
347,-200.0,200,0.0,84
348,-200.0,200,0.0,84
349,-200.0,200,0.0,84
350,-200.0,200,0.0,84
351,-200.0,200,0.0,84
352,-200.0,200,0.0,84
353,-200.0,200,0.0,84
354,-200.0,200,0.0,84
355,-200.0,200,0.0,84
356,-200.0,200,0.0,84
357,-200.0,200,0.0,84
358,-200.0,200,0.0,84
359,-200.0,200,0.0,84
360,-200.0,200,0.0,84
361,-200.0,200,0.0,84
362,-200.0,200,0.0,84
363,-200.0,200,0.0,84
364,-200.0,200,0.0,84
365,-200.0,200,0.0,84
366,-200.0,200,0.0,84
367,-200.0,200,0.0,84
368,-200.0,200,0.0,84
369,-200.0,200,0.0,84
370,-200.0,200,0.0,84
371,-200.0,200,0.0,84
372,-200.0,200,0.0,84
373,-200.0,200,0.0,84
374,-200.0,200,0.0,84
375,-200.0,200,0.0,84
376,-200.0,200,0.0,84
377,-200.0,200,0.0,84
378,-200.0,200,0.0,84
379,-200.0,200,0.0,84
380,-200.0,200,0.0,84
381,-200.0,200,0.0,84
382,-200.0,200,0.0,84
383,-200.0,200,0.0,84
384,-200.0,200,0.0,84
385,-200.0,200,0.0,84
386,-200.0,200,0.0,84
387,-200.0,200,0.0,84
388,-200.0,200,0.0,84
389,-200.0,200,0.0,84
390,-200.0,200,0.0,84
391,-200.0,200,0.0,84
392,-200.0,200,0.0,84
393,-200.0,200,0.0,84
394,-200.0,200,0.0,84
395,-200.0,200,0.0,84
396,-200.0,200,0.0,84
397,-200.0,200,0.0,84
398,-200.0,200,0.0,84
399,-200.0,200,0.0,84
400,-200.0,200,0.0,84
401,-200.0,200,0.0,84
402,-200.0,200,0.0,84
403,-200.0,200,0.0,84
404,-200.0,200,0.0,84
405,-200.0,200,0.0,84
406,-200.0,200,0.0,84
407,-200.0,200,0.0,84
408,-200.0,200,0.0,84
409,-200.0,200,0.0,84
410,-200.0,200,0.0,84
411,-200.0,200,0.0,84
412,-200.0,200,0.0,84
413,-200.0,200,0.0,84
414,-200.0,200,0.0,84
415,-200.0,200,0.0,84
416,-200.0,200,0.0,84
417,-200.0,200,0.0,84
418,-200.0,200,0.0,84
419,-200.0,200,0.0,84
420,-200.0,200,0.0,84
421,-200.0,200,0.0,84
422,-200.0,200,0.0,84
423,-200.0,200,0.0,84
424,-200.0,200,0.0,84
425,-200.0,200,0.0,84
426,-200.0,200,0.0,84
427,-200.0,200,0.0,84
428,-200.0,200,0.0,84
429,-200.0,200,0.0,84
430,-200.0,200,0.0,84
431,-200.0,200,0.0,84
432,-200.0,200,0.0,84
433,-200.0,200,0.0,84
434,-200.0,200,0.0,84
435,-200.0,200,0.0,84
436,-200.0,200,0.0,84
437,-200.0,200,0.0,84
438,-200.0,200,0.0,84
439,-200.0,200,0.0,84
440,-200.0,200,0.0,84
441,-200.0,200,0.0,84
442,-200.0,200,0.0,84
443,-200.0,200,0.0,84
444,-200.0,200,0.0,84
445,-200.0,200,0.0,84
446,-200.0,200,0.0,84
447,-200.0,200,0.0,84
448,-200.0,200,0.0,84
449,-200.0,200,0.0,84
450,-200.0,200,0.0,84
451,-200.0,200,0.0,84
452,-200.0,200,0.0,84
453,-200.0,200,0.0,84
454,-200.0,200,0.0,84
455,-200.0,200,0.0,84
456,-200.0,200,0.0,84
457,-200.0,200,0.0,84
458,-200.0,200,0.0,84
459,-200.0,200,0.0,84
460,-200.0,200,0.0,84
461,-200.0,200,0.0,84
462,-200.0,200,0.0,84
463,-200.0,200,0.0,84
464,-200.0,200,0.0,84
465,-200.0,200,0.0,84
466,-200.0,200,0.0,84
467,-200.0,200,0.0,84
468,-200.0,200,0.0,84
469,-200.0,200,0.0,84
470,-200.0,200,0.0,84
471,-200.0,200,0.0,84
472,-200.0,200,0.0,84
473,-200.0,200,0.0,84
474,-200.0,200,0.0,84
475,-200.0,200,0.0,84
476,-200.0,200,0.0,84
477,-200.0,200,0.0,84
478,-200.0,200,0.0,84
479,-200.0,200,0.0,84
480,-200.0,200,0.0,84
481,-200.0,200,0.0,84
482,-200.0,200,0.0,84
483,-200.0,200,0.0,84
484,-200.0,200,0.0,84
485,-200.0,200,0.0,84
486,-200.0,200,0.0,84
487,-200.0,200,0.0,84
488,-200.0,200,0.0,84
489,-200.0,200,0.0,84
490,-200.0,200,0.0,84
491,-200.0,200,0.0,84
492,-200.0,200,0.0,84
493,-200.0,200,0.0,84
494,-200.0,200,0.0,84
495,-200.0,200,0.0,84
496,-200.0,200,0.0,84
497,-200.0,200,0.0,84
498,-200.0,200,0.0,84
499,-200.0,200,0.0,84
500,-200.0,200,0.0,84
501,-200.0,200,0.0,84
502,-200.0,200,0.0,84
503,-200.0,200,0.0,84
504,-200.0,200,0.0,84
505,-200.0,200,0.0,84
506,-200.0,200,0.0,84
507,-200.0,200,0.0,84
508,-200.0,200,0.0,84
509,-200.0,200,0.0,84
510,-200.0,200,0.0,84
511,-200.0,200,0.0,84
512,-200.0,200,0.0,84
513,-200.0,200,0.0,84
514,-200.0,200,0.0,84
515,-200.0,200,0.0,84
516,-200.0,200,0.0,84
517,-200.0,200,0.0,84
518,-200.0,200,0.0,84
519,-200.0,200,0.0,84
520,-200.0,200,0.0,84
521,-200.0,200,0.0,84
522,-200.0,200,0.0,84
523,-200.0,200,0.0,84
524,-200.0,200,0.0,84
525,-200.0,200,0.0,84
526,-200.0,200,0.0,84
527,-200.0,200,0.0,84
528,-200.0,200,0.0,84
529,-200.0,200,0.0,84
530,-200.0,200,0.0,84
531,-200.0,200,0.0,84
532,-200.0,200,0.0,84
533,-200.0,200,0.0,84
534,-200.0,200,0.0,84
535,-200.0,200,0.0,84
536,-200.0,200,0.0,84
537,-200.0,200,0.0,84
538,-200.0,200,0.0,84
539,-200.0,200,0.0,84
540,-200.0,200,0.0,84
541,-200.0,200,0.0,84
542,-200.0,200,0.0,84
543,-200.0,200,0.0,84
544,-200.0,200,0.0,84
545,-200.0,200,0.0,84
546,-200.0,200,0.0,84
547,-200.0,200,0.0,84
548,-200.0,200,0.0,84
549,-200.0,200,0.0,84
550,-200.0,200,0.0,84
551,-200.0,200,0.0,84
552,-200.0,200,0.0,84
553,-200.0,200,0.0,84
554,-200.0,200,0.0,84
555,-200.0,200,0.0,84
556,-200.0,200,0.0,84
557,-200.0,200,0.0,84
558,-200.0,200,0.0,84
559,-200.0,200,0.0,84
560,-200.0,200,0.0,84
561,-200.0,200,0.0,84
562,-200.0,200,0.0,84
563,-200.0,200,0.0,84
564,-200.0,200,0.0,84
565,-200.0,200,0.0,84
566,-200.0,200,0.0,84
567,-200.0,200,0.0,84
568,-200.0,200,0.0,84
569,-200.0,200,0.0,84
570,-200.0,200,0.0,84
571,-200.0,200,0.0,84
572,-200.0,200,0.0,84
573,-200.0,200,0.0,84
574,-200.0,200,0.0,84
575,-200.0,200,0.0,84
576,-200.0,200,0.0,84
577,-200.0,200,0.0,84
578,-200.0,200,0.0,84
579,-200.0,200,0.0,84
580,-200.0,200,0.0,84
581,-200.0,200,0.0,84
582,-200.0,200,0.0,84
583,-200.0,200,0.0,84
584,-200.0,200,0.0,84
585,-200.0,200,0.0,84
586,-200.0,200,0.0,84
587,-200.0,200,0.0,84
588,-200.0,200,0.0,84
589,-200.0,200,0.0,84
590,-200.0,200,0.0,84
591,-200.0,200,0.0,84
592,-200.0,200,0.0,84
593,-200.0,200,0.0,84
594,-200.0,200,0.0,84
595,-200.0,200,0.0,84
596,-200.0,200,0.0,84
597,-200.0,200,0.0,84
598,-200.0,200,0.0,84
599,-200.0,200,0.0,84
600,-200.0,200,0.0,84
601,-200.0,200,0.0,84
602,-200.0,200,0.0,84
603,-200.0,200,0.0,84
604,-200.0,200,0.0,84
605,-200.0,200,0.0,84
606,-200.0,200,0.0,84
607,-200.0,200,0.0,84
608,-200.0,200,0.0,84
609,-200.0,200,0.0,84
610,-200.0,200,0.0,84
611,-200.0,200,0.0,84
612,-200.0,200,0.0,84
613,-200.0,200,0.0,84
614,-200.0,200,0.0,84
615,-200.0,200,0.0,84
616,-200.0,200,0.0,84
617,-200.0,200,0.0,84
618,-200.0,200,0.0,84
619,-200.0,200,0.0,84
620,-200.0,200,0.0,84
621,-200.0,200,0.0,84
622,-200.0,200,0.0,84
623,-200.0,200,0.0,84
624,-200.0,200,0.0,84
625,-200.0,200,0.0,84
626,-200.0,200,0.0,84
627,-200.0,200,0.0,84
628,-200.0,200,0.0,84
629,-200.0,200,0.0,84
630,-200.0,200,0.0,84
631,-200.0,200,0.0,84
632,-200.0,200,0.0,84
633,-200.0,200,0.0,84
634,-200.0,200,0.0,84
635,-200.0,200,0.0,84
636,-200.0,200,0.0,84
637,-200.0,200,0.0,84
638,-200.0,200,0.0,84
639,-200.0,200,0.0,84
640,-200.0,200,0.0,84
641,-200.0,200,0.0,84
642,-200.0,200,0.0,84
643,-200.0,200,0.0,84
644,-200.0,200,0.0,84
645,-200.0,200,0.0,84
646,-200.0,200,0.0,84
647,-200.0,200,0.0,84
648,-200.0,200,0.0,84
649,-200.0,200,0.0,84
650,-200.0,200,0.0,84
651,-200.0,200,0.0,84
652,-200.0,200,0.0,84
653,-200.0,200,0.0,84
654,-200.0,200,0.0,84
655,-200.0,200,0.0,84
656,-200.0,200,0.0,84
657,-200.0,200,0.0,84
658,-200.0,200,0.0,84
659,-200.0,200,0.0,84
660,-200.0,200,0.0,84
661,-200.0,200,0.0,84
662,-200.0,200,0.0,84
663,-200.0,200,0.0,84
664,-200.0,200,0.0,84
665,-200.0,200,0.0,84
666,-200.0,200,0.0,84
667,-200.0,200,0.0,84
668,-200.0,200,0.0,84
669,-200.0,200,0.0,84
670,-200.0,200,0.0,84
671,-200.0,200,0.0,84
672,-200.0,200,0.0,84
673,-200.0,200,0.0,84
674,-200.0,200,0.0,84
675,-200.0,200,0.0,84
676,-200.0,200,0.0,84
677,-200.0,200,0.0,84
678,-200.0,200,0.0,84
679,-200.0,200,0.0,84
680,-200.0,200,0.0,84
681,-200.0,200,0.0,84
682,-200.0,200,0.0,84
683,-200.0,200,0.0,84
684,-200.0,200,0.0,84
685,-200.0,200,0.0,84
686,-200.0,200,0.0,84
687,-200.0,200,0.0,84
688,-200.0,200,0.0,84
689,-200.0,200,0.0,84
690,-200.0,200,0.0,84
691,-200.0,200,0.0,84
692,-200.0,200,0.0,84
693,-200.0,200,0.0,84
694,-200.0,200,0.0,84
695,-200.0,200,0.0,84
696,-200.0,200,0.0,84
697,-200.0,200,0.0,84
698,-200.0,200,0.0,84
699,-200.0,200,0.0,84
700,-200.0,200,0.0,84
701,-200.0,200,0.0,84
702,-200.0,200,0.0,84
703,-200.0,200,0.0,84
704,-200.0,200,0.0,84
705,-200.0,200,0.0,84
706,-200.0,200,0.0,84
707,-200.0,200,0.0,84
708,-200.0,200,0.0,84
709,-200.0,200,0.0,84
710,-200.0,200,0.0,84
711,-200.0,200,0.0,84
712,-200.0,200,0.0,84
713,-200.0,200,0.0,84
714,-200.0,200,0.0,84
715,-200.0,200,0.0,84
716,-200.0,200,0.0,84
717,-200.0,200,0.0,84
718,-200.0,200,0.0,84
719,-200.0,200,0.0,84
720,-200.0,200,0.0,84
721,-200.0,200,0.0,84
722,-200.0,200,0.0,84
723,-200.0,200,0.0,84
724,-200.0,200,0.0,84
725,-200.0,200,0.0,84
726,-200.0,200,0.0,84
727,-200.0,200,0.0,84
728,-200.0,200,0.0,84
729,-200.0,200,0.0,84
730,-200.0,200,0.0,84
731,-200.0,200,0.0,84
732,-200.0,200,0.0,84
733,-200.0,200,0.0,84
734,-200.0,200,0.0,84
735,-200.0,200,0.0,84
736,-200.0,200,0.0,84
737,-200.0,200,0.0,84
738,-200.0,200,0.0,84
739,-200.0,200,0.0,84
740,-200.0,200,0.0,84
741,-200.0,200,0.0,84
742,-200.0,200,0.0,84
743,-200.0,200,0.0,84
744,-200.0,200,0.0,84
745,-200.0,200,0.0,84
746,-200.0,200,0.0,84
747,-200.0,200,0.0,84
748,-200.0,200,0.0,84
749,-200.0,200,0.0,84
750,-200.0,200,0.0,84
751,-200.0,200,0.0,84
752,-200.0,200,0.0,84
753,-200.0,200,0.0,84
754,-200.0,200,0.0,84
755,-200.0,200,0.0,84
756,-200.0,200,0.0,84
757,-200.0,200,0.0,84
758,-200.0,200,0.0,84
759,-200.0,200,0.0,84
760,-200.0,200,0.0,84
761,-200.0,200,0.0,84
762,-200.0,200,0.0,84
763,-200.0,200,0.0,84
764,-200.0,200,0.0,84
765,-200.0,200,0.0,84
766,-200.0,200,0.0,84
767,-200.0,200,0.0,84
768,-200.0,200,0.0,84
769,-200.0,200,0.0,84
770,-200.0,200,0.0,84
771,-200.0,200,0.0,84
772,-200.0,200,0.0,84
773,-200.0,200,0.0,84
774,-200.0,200,0.0,84
775,-200.0,200,0.0,84
776,-200.0,200,0.0,84
777,-200.0,200,0.0,84
778,-200.0,200,0.0,84
779,-200.0,200,0.0,84
780,-200.0,200,0.0,84
781,-200.0,200,0.0,84
782,-200.0,200,0.0,84
783,-200.0,200,0.0,84
784,-200.0,200,0.0,84
785,-200.0,200,0.0,84
786,-200.0,200,0.0,84
787,-200.0,200,0.0,84
788,-200.0,200,0.0,84
789,-200.0,200,0.0,84
790,-200.0,200,0.0,84
791,-200.0,200,0.0,84
792,-200.0,200,0.0,84
793,-200.0,200,0.0,84
794,-200.0,200,0.0,84
795,-200.0,200,0.0,84
796,-200.0,200,0.0,84
797,-200.0,200,0.0,84
798,-200.0,200,0.0,84
799,-200.0,200,0.0,84
800,-200.0,200,0.0,84
801,-200.0,200,0.0,84
802,-200.0,200,0.0,84
803,-200.0,200,0.0,84
804,-200.0,200,0.0,84
805,-200.0,200,0.0,84
806,-200.0,200,0.0,84
807,-200.0,200,0.0,84
808,-200.0,200,0.0,84
809,-200.0,200,0.0,84
810,-200.0,200,0.0,84
811,-200.0,200,0.0,84
812,-200.0,200,0.0,84
813,-200.0,200,0.0,84
814,-200.0,200,0.0,84
815,-200.0,200,0.0,84
816,-200.0,200,0.0,84
817,-200.0,200,0.0,84
818,-200.0,200,0.0,84
819,-200.0,200,0.0,84
820,-200.0,200,0.0,84
821,-200.0,200,0.0,84
822,-200.0,200,0.0,84
823,-200.0,200,0.0,84
824,-200.0,200,0.0,84
825,-200.0,200,0.0,84
826,-200.0,200,0.0,84
827,-200.0,200,0.0,84
828,-200.0,200,0.0,84
829,-200.0,200,0.0,84
830,-200.0,200,0.0,84
831,-200.0,200,0.0,84
832,-200.0,200,0.0,84
833,-200.0,200,0.0,84
834,-200.0,200,0.0,84
835,-200.0,200,0.0,84
836,-200.0,200,0.0,84
837,-200.0,200,0.0,84
838,-200.0,200,0.0,84
839,-200.0,200,0.0,84
840,-200.0,200,0.0,84
841,-200.0,200,0.0,84
842,-200.0,200,0.0,84
843,-200.0,200,0.0,84
844,-200.0,200,0.0,84
845,-200.0,200,0.0,84
846,-200.0,200,0.0,84
847,-200.0,200,0.0,84
848,-200.0,200,0.0,84
849,-200.0,200,0.0,84
850,-200.0,200,0.0,84
851,-200.0,200,0.0,84
852,-200.0,200,0.0,84
853,-200.0,200,0.0,84
854,-200.0,200,0.0,84
855,-200.0,200,0.0,84
856,-200.0,200,0.0,84
857,-200.0,200,0.0,84
858,-200.0,200,0.0,84
859,-200.0,200,0.0,84
860,-200.0,200,0.0,84
861,-200.0,200,0.0,84
862,-200.0,200,0.0,84
863,-200.0,200,0.0,84
864,-200.0,200,0.0,84
865,-200.0,200,0.0,84
866,-200.0,200,0.0,84
867,-200.0,200,0.0,84
868,-200.0,200,0.0,84
869,-200.0,200,0.0,84
870,-200.0,200,0.0,84
871,-200.0,200,0.0,84
872,-200.0,200,0.0,84
873,-200.0,200,0.0,84
874,-200.0,200,0.0,84
875,-200.0,200,0.0,84
876,-200.0,200,0.0,84
877,-200.0,200,0.0,84
878,-200.0,200,0.0,84
879,-200.0,200,0.0,84
880,-200.0,200,0.0,84
881,-200.0,200,0.0,84
882,-200.0,200,0.0,84
883,-200.0,200,0.0,84
884,-200.0,200,0.0,84
885,-200.0,200,0.0,84
886,-200.0,200,0.0,84
887,-200.0,200,0.0,84
888,-200.0,200,0.0,84
889,-200.0,200,0.0,84
890,-200.0,200,0.0,84
891,-200.0,200,0.0,84
892,-200.0,200,0.0,84
893,-200.0,200,0.0,84
894,-200.0,200,0.0,84
895,-200.0,200,0.0,84
896,-200.0,200,0.0,84
897,-200.0,200,0.0,84
898,-200.0,200,0.0,84
899,-200.0,200,0.0,84
900,-200.0,200,0.0,84
901,-200.0,200,0.0,84
902,-200.0,200,0.0,84
903,-200.0,200,0.0,84
904,-200.0,200,0.0,84
905,-200.0,200,0.0,84
906,-200.0,200,0.0,84
907,-200.0,200,0.0,84
908,-200.0,200,0.0,84
909,-200.0,200,0.0,84
910,-200.0,200,0.0,84
911,-200.0,200,0.0,84
912,-200.0,200,0.0,84
913,-200.0,200,0.0,84
914,-200.0,200,0.0,84
915,-200.0,200,0.0,84
916,-200.0,200,0.0,84
917,-200.0,200,0.0,84
918,-200.0,200,0.0,84
919,-200.0,200,0.0,84
920,-200.0,200,0.0,84
921,-200.0,200,0.0,84
922,-200.0,200,0.0,84
923,-200.0,200,0.0,84
924,-200.0,200,0.0,84
925,-200.0,200,0.0,84
926,-200.0,200,0.0,84
927,-200.0,200,0.0,84
928,-200.0,200,0.0,84
929,-200.0,200,0.0,84
930,-200.0,200,0.0,84
931,-200.0,200,0.0,84
932,-200.0,200,0.0,84
933,-200.0,200,0.0,84
934,-200.0,200,0.0,84
935,-200.0,200,0.0,84
936,-200.0,200,0.0,84
937,-200.0,200,0.0,84
938,-200.0,200,0.0,84
939,-200.0,200,0.0,84
940,-200.0,200,0.0,84
941,-200.0,200,0.0,84
942,-200.0,200,0.0,84
943,-200.0,200,0.0,84
944,-200.0,200,0.0,84
945,-200.0,200,0.0,84
946,-200.0,200,0.0,84
947,-200.0,200,0.0,84
948,-200.0,200,0.0,84
949,-200.0,200,0.0,84
950,-200.0,200,0.0,84
951,-200.0,200,0.0,84
952,-200.0,200,0.0,84
953,-200.0,200,0.0,84
954,-200.0,200,0.0,84
955,-200.0,200,0.0,84
956,-200.0,200,0.0,84
957,-200.0,200,0.0,84
958,-200.0,200,0.0,84
959,-200.0,200,0.0,84
960,-200.0,200,0.0,84
961,-200.0,200,0.0,84
962,-200.0,200,0.0,84
963,-200.0,200,0.0,84
964,-200.0,200,0.0,84
965,-200.0,200,0.0,84
966,-200.0,200,0.0,84
967,-200.0,200,0.0,84
968,-200.0,200,0.0,84
969,-200.0,200,0.0,84
970,-200.0,200,0.0,84
971,-200.0,200,0.0,84
972,-200.0,200,0.0,84
973,-200.0,200,0.0,84
974,-200.0,200,0.0,84
975,-200.0,200,0.0,84
976,-200.0,200,0.0,84
977,-200.0,200,0.0,84
978,-200.0,200,0.0,84
979,-200.0,200,0.0,84
980,-200.0,200,0.0,84
981,-200.0,200,0.0,84
982,-200.0,200,0.0,84
983,-200.0,200,0.0,84
984,-200.0,200,0.0,84
985,-200.0,200,0.0,84
986,-200.0,200,0.0,84
987,-200.0,200,0.0,84
988,-200.0,200,0.0,84
989,-200.0,200,0.0,84
990,-200.0,200,0.0,84
991,-200.0,200,0.0,84
992,-200.0,200,0.0,84
993,-200.0,200,0.0,84
994,-200.0,200,0.0,84
995,-200.0,200,0.0,84
996,-200.0,200,0.0,84
997,-200.0,200,0.0,84
998,-200.0,200,0.0,84
999,-200.0,200,0.0,84
1000,-200.0,200,0.0,84
1001,-200.0,200,0.0,84
1002,-200.0,200,0.0,84
1003,-200.0,200,0.0,84
1004,-200.0,200,0.0,84
1005,-200.0,200,0.0,84
1006,-200.0,200,0.0,84
1007,-200.0,200,0.0,84
1008,-200.0,200,0.0,84
1009,-200.0,200,0.0,84
1010,-200.0,200,0.0,84
1011,-200.0,200,0.0,84
1012,-200.0,200,0.0,84
1013,-200.0,200,0.0,84
1014,-200.0,200,0.0,84
1015,-200.0,200,0.0,84
1016,-200.0,200,0.0,84
1017,-200.0,200,0.0,84
1018,-200.0,200,0.0,84
1019,-200.0,200,0.0,84
1020,-200.0,200,0.0,84
1021,-200.0,200,0.0,84
1022,-200.0,200,0.0,84
1023,-200.0,200,0.0,84
1024,-200.0,200,0.0,84
1025,-200.0,200,0.0,84
1026,-200.0,200,0.0,84
1027,-200.0,200,0.0,84
1028,-200.0,200,0.0,84
1029,-200.0,200,0.0,84
1030,-200.0,200,0.0,84
1031,-200.0,200,0.0,84
1032,-200.0,200,0.0,84
1033,-200.0,200,0.0,84
1034,-200.0,200,0.0,84
1035,-200.0,200,0.0,84
1036,-200.0,200,0.0,84
1037,-200.0,200,0.0,84
1038,-200.0,200,0.0,84
1039,-200.0,200,0.0,84
1040,-200.0,200,0.0,84
1041,-200.0,200,0.0,84
1042,-200.0,200,0.0,84
1043,-200.0,200,0.0,84
1044,-200.0,200,0.0,84
1045,-200.0,200,0.0,84
1046,-200.0,200,0.0,84
1047,-200.0,200,0.0,84
1048,-200.0,200,0.0,84
1049,-200.0,200,0.0,84
1050,-200.0,200,0.0,84
1051,-200.0,200,0.0,84
1052,-200.0,200,0.0,84
1053,-200.0,200,0.0,84
1054,-200.0,200,0.0,84
1055,-200.0,200,0.0,84
1056,-200.0,200,0.0,84
1057,-200.0,200,0.0,84
1058,-200.0,200,0.0,84
1059,-200.0,200,0.0,84
1060,-200.0,200,0.0,84
1061,-200.0,200,0.0,84
1062,-200.0,200,0.0,84
1063,-200.0,200,0.0,84
1064,-200.0,200,0.0,84
1065,-200.0,200,0.0,84
1066,-200.0,200,0.0,84
1067,-200.0,200,0.0,84
1068,-200.0,200,0.0,84
1069,-200.0,200,0.0,84
1070,-200.0,200,0.0,84
1071,-200.0,200,0.0,84
1072,-200.0,200,0.0,84
1073,-200.0,200,0.0,84
1074,-200.0,200,0.0,84
1075,-200.0,200,0.0,84
1076,-200.0,200,0.0,84
1077,-200.0,200,0.0,84
1078,-200.0,200,0.0,84
1079,-200.0,200,0.0,84
1080,-200.0,200,0.0,84
1081,-200.0,200,0.0,84
1082,-200.0,200,0.0,84
1083,-200.0,200,0.0,84
1084,-200.0,200,0.0,84
1085,-200.0,200,0.0,84
1086,-200.0,200,0.0,84
1087,-200.0,200,0.0,84
1088,-200.0,200,0.0,84
1089,-200.0,200,0.0,84
1090,-200.0,200,0.0,84
1091,-200.0,200,0.0,84
1092,-200.0,200,0.0,84
1093,-200.0,200,0.0,84
1094,-200.0,200,0.0,84
1095,-200.0,200,0.0,84
1096,-200.0,200,0.0,84
1097,-200.0,200,0.0,84
1098,-200.0,200,0.0,84
1099,-200.0,200,0.0,84
1100,-200.0,200,0.0,84
1101,-200.0,200,0.0,84
1102,-200.0,200,0.0,84
1103,-200.0,200,0.0,84
1104,-200.0,200,0.0,84
1105,-200.0,200,0.0,84
1106,-200.0,200,0.0,84
1107,-200.0,200,0.0,84
1108,-200.0,200,0.0,84
1109,-200.0,200,0.0,84
1110,-200.0,200,0.0,84
1111,-200.0,200,0.0,84
1112,-200.0,200,0.0,84
1113,-200.0,200,0.0,84
1114,-200.0,200,0.0,84
1115,-200.0,200,0.0,84
1116,-200.0,200,0.0,84
1117,-200.0,200,0.0,84
1118,-200.0,200,0.0,84
1119,-200.0,200,0.0,84
1120,-200.0,200,0.0,84
1121,-200.0,200,0.0,84
1122,-200.0,200,0.0,84
1123,-200.0,200,0.0,84
1124,-200.0,200,0.0,84
1125,-200.0,200,0.0,84
1126,-200.0,200,0.0,84
1127,-200.0,200,0.0,84
1128,-200.0,200,0.0,84
1129,-200.0,200,0.0,84
1130,-200.0,200,0.0,84
1131,-200.0,200,0.0,84
1132,-200.0,200,0.0,84
1133,-200.0,200,0.0,84
1134,-200.0,200,0.0,84
1135,-200.0,200,0.0,84
1136,-200.0,200,0.0,84
1137,-200.0,200,0.0,84
1138,-200.0,200,0.0,84
1139,-200.0,200,0.0,84
1140,-200.0,200,0.0,84
1141,-200.0,200,0.0,84
1142,-200.0,200,0.0,84
1143,-200.0,200,0.0,84
1144,-200.0,200,0.0,84
1145,-200.0,200,0.0,84
1146,-200.0,200,0.0,84
1147,-200.0,200,0.0,84
1148,-200.0,200,0.0,84
1149,-200.0,200,0.0,84
1150,-200.0,200,0.0,84
1151,-200.0,200,0.0,84
1152,-200.0,200,0.0,84
1153,-200.0,200,0.0,84
1154,-200.0,200,0.0,84
1155,-200.0,200,0.0,84
1156,-200.0,200,0.0,84
1157,-200.0,200,0.0,84
1158,-200.0,200,0.0,84
1159,-200.0,200,0.0,84
1160,-200.0,200,0.0,84
1161,-200.0,200,0.0,84
1162,-200.0,200,0.0,84
1163,-200.0,200,0.0,84
1164,-200.0,200,0.0,84
1165,-200.0,200,0.0,84
1166,-200.0,200,0.0,84
1167,-200.0,200,0.0,84
1168,-200.0,200,0.0,84
1169,-200.0,200,0.0,84
1170,-200.0,200,0.0,84
1171,-200.0,200,0.0,84
1172,-200.0,200,0.0,84
1173,-200.0,200,0.0,84
1174,-200.0,200,0.0,84
1175,-200.0,200,0.0,84
1176,-200.0,200,0.0,84
1177,-200.0,200,0.0,84
1178,-200.0,200,0.0,84
1179,-200.0,200,0.0,84
1180,-200.0,200,0.0,84
1181,-200.0,200,0.0,84
1182,-200.0,200,0.0,84
1183,-200.0,200,0.0,84
1184,-200.0,200,0.0,84
1185,-200.0,200,0.0,84
1186,-200.0,200,0.0,84
1187,-200.0,200,0.0,84
1188,-200.0,200,0.0,84
1189,-200.0,200,0.0,84
1190,-200.0,200,0.0,84
1191,-200.0,200,0.0,84
1192,-200.0,200,0.0,84
1193,-200.0,200,0.0,84
1194,-200.0,200,0.0,84
1195,-200.0,200,0.0,84
1196,-200.0,200,0.0,84
1197,-200.0,200,0.0,84
1198,-200.0,200,0.0,84
1199,-200.0,200,0.0,84
1200,-200.0,200,0.0,84
1201,-200.0,200,0.0,84
1202,-200.0,200,0.0,84
1203,-200.0,200,0.0,84
1204,-200.0,200,0.0,84
1205,-200.0,200,0.0,84
1206,-200.0,200,0.0,84
1207,-200.0,200,0.0,84
1208,-200.0,200,0.0,84
1209,-200.0,200,0.0,84
1210,-200.0,200,0.0,84
1211,-200.0,200,0.0,84
1212,-200.0,200,0.0,84
1213,-200.0,200,0.0,84
1214,-200.0,200,0.0,84
1215,-200.0,200,0.0,84
1216,-200.0,200,0.0,84
1217,-200.0,200,0.0,84
1218,-200.0,200,0.0,84
1219,-200.0,200,0.0,84
1220,-200.0,200,0.0,84
1221,-200.0,200,0.0,84
1222,-200.0,200,0.0,84
1223,-200.0,200,0.0,84
1224,-200.0,200,0.0,84
1225,-200.0,200,0.0,84
1226,-200.0,200,0.0,84
1227,-200.0,200,0.0,84
1228,-200.0,200,0.0,84
1229,-200.0,200,0.0,84
1230,-200.0,200,0.0,84
1231,-200.0,200,0.0,84
1232,-200.0,200,0.0,84
1233,-200.0,200,0.0,84
1234,-200.0,200,0.0,84
1235,-200.0,200,0.0,84
1236,-200.0,200,0.0,84
1237,-200.0,200,0.0,84
1238,-200.0,200,0.0,84
1239,-200.0,200,0.0,84
1240,-200.0,200,0.0,84
1241,-200.0,200,0.0,84
1242,-200.0,200,0.0,84
1243,-200.0,200,0.0,84
1244,-200.0,200,0.0,84
1245,-200.0,200,0.0,84
1246,-200.0,200,0.0,84
1247,-200.0,200,0.0,84
1248,-200.0,200,0.0,84
1249,-200.0,200,0.0,84
1250,-200.0,200,0.0,84
1251,-200.0,200,0.0,84
1252,-200.0,200,0.0,84
1253,-200.0,200,0.0,84
1254,-200.0,200,0.0,84
1255,-200.0,200,0.0,84
1256,-200.0,200,0.0,84
1257,-200.0,200,0.0,84
1258,-200.0,200,0.0,84
1259,-200.0,200,0.0,84
1260,-200.0,200,0.0,84
1261,-200.0,200,0.0,84
1262,-200.0,200,0.0,84
1263,-200.0,200,0.0,84
1264,-200.0,200,0.0,84
1265,-200.0,200,0.0,84
1266,-200.0,200,0.0,84
1267,-200.0,200,0.0,84
1268,-200.0,200,0.0,84
1269,-200.0,200,0.0,84
1270,-200.0,200,0.0,84
1271,-200.0,200,0.0,84
1272,-200.0,200,0.0,84
1273,-200.0,200,0.0,84
1274,-200.0,200,0.0,84
1275,-200.0,200,0.0,84
1276,-200.0,200,0.0,84
1277,-200.0,200,0.0,84
1278,-200.0,200,0.0,84
1279,-200.0,200,0.0,84
1280,-200.0,200,0.0,84
1281,-200.0,200,0.0,84
1282,-200.0,200,0.0,84
1283,-200.0,200,0.0,84
1284,-200.0,200,0.0,84
1285,-200.0,200,0.0,84
1286,-200.0,200,0.0,84
1287,-200.0,200,0.0,84
1288,-200.0,200,0.0,84
1289,-200.0,200,0.0,84
1290,-200.0,200,0.0,84
1291,-200.0,200,0.0,84
1292,-200.0,200,0.0,84
1293,-200.0,200,0.0,84
1294,-200.0,200,0.0,84
1295,-200.0,200,0.0,84
1296,-200.0,200,0.0,84
1297,-200.0,200,0.0,84
1298,-200.0,200,0.0,84
1299,-200.0,200,0.0,84
1300,-200.0,200,0.0,84
1301,-200.0,200,0.0,84
1302,-200.0,200,0.0,84
1303,-200.0,200,0.0,84
1304,-200.0,200,0.0,84
1305,-200.0,200,0.0,84
1306,-200.0,200,0.0,84
1307,-200.0,200,0.0,84
1308,-200.0,200,0.0,84
1309,-200.0,200,0.0,84
1310,-200.0,200,0.0,84
1311,-200.0,200,0.0,84
1312,-200.0,200,0.0,84
1313,-200.0,200,0.0,84
1314,-200.0,200,0.0,84
1315,-200.0,200,0.0,84
1316,-200.0,200,0.0,84
1317,-200.0,200,0.0,84
1318,-200.0,200,0.0,84
1319,-200.0,200,0.0,84
1320,-200.0,200,0.0,84
1321,-200.0,200,0.0,84
1322,-200.0,200,0.0,84
1323,-200.0,200,0.0,84
1324,-200.0,200,0.0,84
1325,-200.0,200,0.0,84
1326,-200.0,200,0.0,84
1327,-179.0,179,1.0,84
1328,-200.0,200,0.0,84
1329,-200.0,200,0.0,84
1330,-200.0,200,0.0,84
1331,-200.0,200,0.0,84
1332,-200.0,200,0.0,84
1333,-200.0,200,0.0,84
1334,-200.0,200,0.0,84
1335,-200.0,200,0.0,84
1336,-200.0,200,0.0,84
1337,-200.0,200,0.0,84
1338,-200.0,200,0.0,84
1339,-200.0,200,0.0,84
1340,-200.0,200,0.0,84
1341,-200.0,200,0.0,84
1342,-200.0,200,0.0,84
1343,-200.0,200,0.0,84
1344,-200.0,200,0.0,84
1345,-200.0,200,0.0,84
1346,-169.0,169,1.0,84
1347,-200.0,200,0.0,84
1348,-200.0,200,0.0,84
1349,-200.0,200,0.0,84
1350,-200.0,200,0.0,84
1351,-200.0,200,0.0,84
1352,-200.0,200,0.0,84
1353,-200.0,200,0.0,84
1354,-200.0,200,0.0,84
1355,-200.0,200,0.0,84
1356,-200.0,200,0.0,84
1357,-200.0,200,0.0,84
1358,-200.0,200,0.0,84
1359,-200.0,200,0.0,84
1360,-200.0,200,0.0,84
1361,-200.0,200,0.0,84
1362,-200.0,200,0.0,84
1363,-200.0,200,0.0,84
1364,-200.0,200,0.0,84
1365,-200.0,200,0.0,84
1366,-200.0,200,0.0,84
1367,-200.0,200,0.0,84
1368,-200.0,200,0.0,84
1369,-200.0,200,0.0,84
1370,-200.0,200,0.0,84
1371,-200.0,200,0.0,84
1372,-200.0,200,0.0,84
1373,-200.0,200,0.0,84
1374,-200.0,200,0.0,84
1375,-200.0,200,0.0,84
1376,-200.0,200,0.0,84
1377,-200.0,200,0.0,84
1378,-200.0,200,0.0,84
1379,-200.0,200,0.0,84
1380,-200.0,200,0.0,84
1381,-200.0,200,0.0,84
1382,-200.0,200,0.0,84
1383,-200.0,200,0.0,84
1384,-200.0,200,0.0,84
1385,-200.0,200,0.0,84
1386,-200.0,200,0.0,84
1387,-200.0,200,0.0,84
1388,-200.0,200,0.0,84
1389,-200.0,200,0.0,84
1390,-200.0,200,0.0,84
1391,-200.0,200,0.0,84
1392,-200.0,200,0.0,84
1393,-200.0,200,0.0,84
1394,-200.0,200,0.0,84
1395,-200.0,200,0.0,84
1396,-200.0,200,0.0,84
1397,-200.0,200,0.0,84
1398,-200.0,200,0.0,84
1399,-200.0,200,0.0,84
1400,-200.0,200,0.0,84
1401,-200.0,200,0.0,84
1402,-200.0,200,0.0,84
1403,-200.0,200,0.0,84
1404,-200.0,200,0.0,84
1405,-200.0,200,0.0,84
1406,-200.0,200,0.0,84
1407,-200.0,200,0.0,84
1408,-200.0,200,0.0,84
1409,-200.0,200,0.0,84
1410,-200.0,200,0.0,84
1411,-200.0,200,0.0,84
1412,-200.0,200,0.0,84
1413,-200.0,200,0.0,84
1414,-200.0,200,0.0,84
1415,-200.0,200,0.0,84
1416,-200.0,200,0.0,84
1417,-200.0,200,0.0,84
1418,-200.0,200,0.0,84
1419,-200.0,200,0.0,84
1420,-200.0,200,0.0,84
1421,-200.0,200,0.0,84
1422,-200.0,200,0.0,84
1423,-200.0,200,0.0,84
1424,-200.0,200,0.0,84
1425,-200.0,200,0.0,84
1426,-200.0,200,0.0,84
1427,-200.0,200,0.0,84
1428,-200.0,200,0.0,84
1429,-200.0,200,0.0,84
1430,-200.0,200,0.0,84
1431,-200.0,200,0.0,84
1432,-200.0,200,0.0,84
1433,-200.0,200,0.0,84
1434,-200.0,200,0.0,84
1435,-200.0,200,0.0,84
1436,-200.0,200,0.0,84
1437,-200.0,200,0.0,84
1438,-200.0,200,0.0,84
1439,-200.0,200,0.0,84
1440,-200.0,200,0.0,84
1441,-200.0,200,0.0,84
1442,-200.0,200,0.0,84
1443,-200.0,200,0.0,84
1444,-200.0,200,0.0,84
1445,-200.0,200,0.0,84
1446,-200.0,200,0.0,84
1447,-200.0,200,0.0,84
1448,-200.0,200,0.0,84
1449,-200.0,200,0.0,84
1450,-200.0,200,0.0,84
1451,-200.0,200,0.0,84
1452,-200.0,200,0.0,84
1453,-200.0,200,0.0,84
1454,-200.0,200,0.0,84
1455,-200.0,200,0.0,84
1456,-200.0,200,0.0,84
1457,-200.0,200,0.0,84
1458,-200.0,200,0.0,84
1459,-200.0,200,0.0,84
1460,-200.0,200,0.0,84
1461,-200.0,200,0.0,84
1462,-200.0,200,0.0,84
1463,-200.0,200,0.0,84
1464,-200.0,200,0.0,84
1465,-200.0,200,0.0,84
1466,-200.0,200,0.0,84
1467,-200.0,200,0.0,84
1468,-200.0,200,0.0,84
1469,-200.0,200,0.0,84
1470,-200.0,200,0.0,84
1471,-200.0,200,0.0,84
1472,-200.0,200,0.0,84
1473,-200.0,200,0.0,84
1474,-200.0,200,0.0,84
1475,-200.0,200,0.0,84
1476,-200.0,200,0.0,84
1477,-200.0,200,0.0,84
1478,-200.0,200,0.0,84
1479,-200.0,200,0.0,84
1480,-200.0,200,0.0,84
1481,-200.0,200,0.0,84
1482,-200.0,200,0.0,84
1483,-200.0,200,0.0,84
1484,-200.0,200,0.0,84
1485,-200.0,200,0.0,84
1486,-200.0,200,0.0,84
1487,-200.0,200,0.0,84
1488,-200.0,200,0.0,84
1489,-200.0,200,0.0,84
1490,-200.0,200,0.0,84
1491,-200.0,200,0.0,84
1492,-200.0,200,0.0,84
1493,-200.0,200,0.0,84
1494,-200.0,200,0.0,84
1495,-200.0,200,0.0,84
1496,-200.0,200,0.0,84
1497,-200.0,200,0.0,84
1498,-200.0,200,0.0,84
1499,-200.0,200,0.0,84
1500,-200.0,200,0.0,84
1501,-200.0,200,0.0,84
1502,-200.0,200,0.0,84
1503,-200.0,200,0.0,84
1504,-200.0,200,0.0,84
1505,-200.0,200,0.0,84
1506,-200.0,200,0.0,84
1507,-200.0,200,0.0,84
1508,-200.0,200,0.0,84
1509,-200.0,200,0.0,84
1510,-200.0,200,0.0,84
1511,-200.0,200,0.0,84
1512,-200.0,200,0.0,84
1513,-200.0,200,0.0,84
1514,-200.0,200,0.0,84
1515,-200.0,200,0.0,84
1516,-200.0,200,0.0,84
1517,-200.0,200,0.0,84
1518,-200.0,200,0.0,84
1519,-200.0,200,0.0,84
1520,-200.0,200,0.0,84
1521,-200.0,200,0.0,84
1522,-200.0,200,0.0,84
1523,-200.0,200,0.0,84
1524,-165.0,165,1.0,84
1525,-200.0,200,0.0,84
1526,-200.0,200,0.0,84
1527,-200.0,200,0.0,84
1528,-200.0,200,0.0,84
1529,-200.0,200,0.0,84
1530,-175.0,175,1.0,84
1531,-200.0,200,0.0,84
1532,-191.0,191,1.0,84
1533,-161.0,161,1.0,84
1534,-200.0,200,0.0,84
1535,-180.0,180,1.0,84
1536,-200.0,200,0.0,84
1537,-200.0,200,0.0,84
1538,-200.0,200,0.0,84
1539,-200.0,200,0.0,84
1540,-200.0,200,0.0,84
1541,-199.0,199,1.0,84
1542,-200.0,200,0.0,84
1543,-200.0,200,0.0,84
1544,-200.0,200,0.0,84
1545,-200.0,200,0.0,84
1546,-200.0,200,0.0,84
1547,-200.0,200,0.0,84
1548,-200.0,200,0.0,84
1549,-200.0,200,0.0,84
1550,-200.0,200,0.0,84
1551,-200.0,200,0.0,84
1552,-200.0,200,0.0,84
1553,-200.0,200,0.0,84
1554,-200.0,200,0.0,84
1555,-200.0,200,0.0,84
1556,-200.0,200,0.0,84
1557,-200.0,200,0.0,84
1558,-200.0,200,0.0,84
1559,-200.0,200,0.0,84
1560,-200.0,200,0.0,84
1561,-200.0,200,0.0,84
1562,-200.0,200,0.0,84
1563,-200.0,200,0.0,84
1564,-200.0,200,0.0,84
1565,-176.0,176,1.0,84
1566,-200.0,200,0.0,84
1567,-200.0,200,0.0,84
1568,-200.0,200,0.0,84
1569,-200.0,200,0.0,84
1570,-200.0,200,0.0,84
1571,-200.0,200,0.0,84
1572,-200.0,200,0.0,84
1573,-200.0,200,0.0,84
1574,-200.0,200,0.0,84
1575,-200.0,200,0.0,84
1576,-200.0,200,0.0,84
1577,-200.0,200,0.0,84
1578,-200.0,200,0.0,84
1579,-200.0,200,0.0,84
1580,-200.0,200,0.0,84
1581,-200.0,200,0.0,84
1582,-200.0,200,0.0,84
1583,-200.0,200,0.0,84
1584,-200.0,200,0.0,84
1585,-200.0,200,0.0,84
1586,-200.0,200,0.0,84
1587,-200.0,200,0.0,84
1588,-200.0,200,0.0,84
1589,-200.0,200,0.0,84
1590,-200.0,200,0.0,84
1591,-200.0,200,0.0,84
1592,-200.0,200,0.0,84
1593,-200.0,200,0.0,84
1594,-200.0,200,0.0,84
1595,-200.0,200,0.0,84
1596,-200.0,200,0.0,84
1597,-200.0,200,0.0,84
1598,-200.0,200,0.0,84
1599,-200.0,200,0.0,84
1600,-200.0,200,0.0,84
1601,-200.0,200,0.0,84
1602,-200.0,200,0.0,84
1603,-200.0,200,0.0,84
1604,-200.0,200,0.0,84
1605,-200.0,200,0.0,84
1606,-200.0,200,0.0,84
1607,-200.0,200,0.0,84
1608,-200.0,200,0.0,84
1609,-200.0,200,0.0,84
1610,-200.0,200,0.0,84
1611,-200.0,200,0.0,84
1612,-200.0,200,0.0,84
1613,-200.0,200,0.0,84
1614,-200.0,200,0.0,84
1615,-200.0,200,0.0,84
1616,-200.0,200,0.0,84
1617,-200.0,200,0.0,84
1618,-200.0,200,0.0,84
1619,-200.0,200,0.0,84
1620,-200.0,200,0.0,84
1621,-200.0,200,0.0,84
1622,-200.0,200,0.0,84
1623,-200.0,200,0.0,84
1624,-200.0,200,0.0,84
1625,-200.0,200,0.0,84
1626,-200.0,200,0.0,84
1627,-200.0,200,0.0,84
1628,-200.0,200,0.0,84
1629,-200.0,200,0.0,84
1630,-200.0,200,0.0,84
1631,-200.0,200,0.0,84
1632,-197.0,197,1.0,84
1633,-200.0,200,0.0,84
1634,-200.0,200,0.0,84
1635,-200.0,200,0.0,84
1636,-200.0,200,0.0,84
1637,-200.0,200,0.0,84
1638,-200.0,200,0.0,84
1639,-200.0,200,0.0,84
1640,-200.0,200,0.0,84
1641,-200.0,200,0.0,84
1642,-200.0,200,0.0,84
1643,-200.0,200,0.0,84
1644,-200.0,200,0.0,84
1645,-200.0,200,0.0,84
1646,-200.0,200,0.0,84
1647,-200.0,200,0.0,84
1648,-200.0,200,0.0,84
1649,-200.0,200,0.0,84
1650,-200.0,200,0.0,84
1651,-200.0,200,0.0,84
1652,-200.0,200,0.0,84
1653,-200.0,200,0.0,84
1654,-200.0,200,0.0,84
1655,-200.0,200,0.0,84
1656,-200.0,200,0.0,84
1657,-200.0,200,0.0,84
1658,-200.0,200,0.0,84
1659,-200.0,200,0.0,84
1660,-200.0,200,0.0,84
1661,-200.0,200,0.0,84
1662,-200.0,200,0.0,84
1663,-200.0,200,0.0,84
1664,-200.0,200,0.0,84
1665,-200.0,200,0.0,84
1666,-200.0,200,0.0,84
1667,-200.0,200,0.0,84
1668,-200.0,200,0.0,84
1669,-200.0,200,0.0,84
1670,-200.0,200,0.0,84
1671,-200.0,200,0.0,84
1672,-200.0,200,0.0,84
1673,-200.0,200,0.0,84
1674,-200.0,200,0.0,84
1675,-200.0,200,0.0,84
1676,-200.0,200,0.0,84
1677,-200.0,200,0.0,84
1678,-200.0,200,0.0,84
1679,-200.0,200,0.0,84
1680,-200.0,200,0.0,84
1681,-200.0,200,0.0,84
1682,-200.0,200,0.0,84
1683,-200.0,200,0.0,84
1684,-200.0,200,0.0,84
1685,-200.0,200,0.0,84
1686,-200.0,200,0.0,84
1687,-200.0,200,0.0,84
1688,-200.0,200,0.0,84
1689,-200.0,200,0.0,84
1690,-200.0,200,0.0,84
1691,-200.0,200,0.0,84
1692,-200.0,200,0.0,84
1693,-200.0,200,0.0,84
1694,-200.0,200,0.0,84
1695,-200.0,200,0.0,84
1696,-200.0,200,0.0,84
1697,-200.0,200,0.0,84
1698,-200.0,200,0.0,84
1699,-200.0,200,0.0,84
1700,-200.0,200,0.0,84
1701,-200.0,200,0.0,84
1702,-200.0,200,0.0,84
1703,-200.0,200,0.0,84
1704,-200.0,200,0.0,84
1705,-200.0,200,0.0,84
1706,-200.0,200,0.0,84
1707,-200.0,200,0.0,84
1708,-200.0,200,0.0,84
1709,-200.0,200,0.0,84
1710,-200.0,200,0.0,84
1711,-200.0,200,0.0,84
1712,-200.0,200,0.0,84
1713,-200.0,200,0.0,84
1714,-200.0,200,0.0,84
1715,-200.0,200,0.0,84
1716,-200.0,200,0.0,84
1717,-200.0,200,0.0,84
1718,-200.0,200,0.0,84
1719,-200.0,200,0.0,84
1720,-200.0,200,0.0,84
1721,-200.0,200,0.0,84
1722,-200.0,200,0.0,84
1723,-200.0,200,0.0,84
1724,-200.0,200,0.0,84
1725,-200.0,200,0.0,84
1726,-200.0,200,0.0,84
1727,-200.0,200,0.0,84
1728,-200.0,200,0.0,84
1729,-200.0,200,0.0,84
1730,-200.0,200,0.0,84
1731,-200.0,200,0.0,84
1732,-200.0,200,0.0,84
1733,-200.0,200,0.0,84
1734,-200.0,200,0.0,84
1735,-200.0,200,0.0,84
1736,-200.0,200,0.0,84
1737,-200.0,200,0.0,84
1738,-200.0,200,0.0,84
1739,-200.0,200,0.0,84
1740,-200.0,200,0.0,84
1741,-200.0,200,0.0,84
1742,-200.0,200,0.0,84
1743,-200.0,200,0.0,84
1744,-200.0,200,0.0,84
1745,-200.0,200,0.0,84
1746,-200.0,200,0.0,84
1747,-200.0,200,0.0,84
1748,-200.0,200,0.0,84
1749,-200.0,200,0.0,84
1750,-200.0,200,0.0,84
1751,-200.0,200,0.0,84
1752,-200.0,200,0.0,84
1753,-200.0,200,0.0,84
1754,-200.0,200,0.0,84
1755,-200.0,200,0.0,84
1756,-200.0,200,0.0,84
1757,-200.0,200,0.0,84
1758,-200.0,200,0.0,84
1759,-200.0,200,0.0,84
1760,-200.0,200,0.0,84
1761,-200.0,200,0.0,84
1762,-200.0,200,0.0,84
1763,-200.0,200,0.0,84
1764,-200.0,200,0.0,84
1765,-200.0,200,0.0,84
1766,-200.0,200,0.0,84
1767,-200.0,200,0.0,84
1768,-200.0,200,0.0,84
1769,-200.0,200,0.0,84
1770,-200.0,200,0.0,84
1771,-200.0,200,0.0,84
1772,-200.0,200,0.0,84
1773,-200.0,200,0.0,84
1774,-200.0,200,0.0,84
1775,-200.0,200,0.0,84
1776,-200.0,200,0.0,84
1777,-200.0,200,0.0,84
1778,-200.0,200,0.0,84
1779,-200.0,200,0.0,84
1780,-200.0,200,0.0,84
1781,-200.0,200,0.0,84
1782,-200.0,200,0.0,84
1783,-200.0,200,0.0,84
1784,-200.0,200,0.0,84
1785,-200.0,200,0.0,84
1786,-200.0,200,0.0,84
1787,-200.0,200,0.0,84
1788,-200.0,200,0.0,84
1789,-200.0,200,0.0,84
1790,-200.0,200,0.0,84
1791,-200.0,200,0.0,84
1792,-200.0,200,0.0,84
1793,-200.0,200,0.0,84
1794,-200.0,200,0.0,84
1795,-200.0,200,0.0,84
1796,-200.0,200,0.0,84
1797,-200.0,200,0.0,84
1798,-200.0,200,0.0,84
1799,-200.0,200,0.0,84
1800,-200.0,200,0.0,84
1801,-200.0,200,0.0,84
1802,-200.0,200,0.0,84
1803,-200.0,200,0.0,84
1804,-200.0,200,0.0,84
1805,-200.0,200,0.0,84
1806,-200.0,200,0.0,84
1807,-200.0,200,0.0,84
1808,-200.0,200,0.0,84
1809,-200.0,200,0.0,84
1810,-200.0,200,0.0,84
1811,-200.0,200,0.0,84
1812,-200.0,200,0.0,84
1813,-200.0,200,0.0,84
1814,-200.0,200,0.0,84
1815,-200.0,200,0.0,84
1816,-200.0,200,0.0,84
1817,-200.0,200,0.0,84
1818,-200.0,200,0.0,84
1819,-200.0,200,0.0,84
1820,-200.0,200,0.0,84
1821,-200.0,200,0.0,84
1822,-200.0,200,0.0,84
1823,-200.0,200,0.0,84
1824,-200.0,200,0.0,84
1825,-200.0,200,0.0,84
1826,-200.0,200,0.0,84
1827,-200.0,200,0.0,84
1828,-200.0,200,0.0,84
1829,-200.0,200,0.0,84
1830,-193.0,193,1.0,84
1831,-177.0,177,1.0,84
1832,-192.0,192,1.0,84
1833,-200.0,200,0.0,84
1834,-200.0,200,0.0,84
1835,-200.0,200,0.0,84
1836,-188.0,188,1.0,84
1837,-176.0,176,1.0,84
1838,-200.0,200,0.0,84
1839,-200.0,200,0.0,84
1840,-162.0,162,1.0,84
1841,-164.0,164,1.0,84
1842,-200.0,200,0.0,84
1843,-200.0,200,0.0,84
1844,-200.0,200,0.0,84
1845,-200.0,200,0.0,84
1846,-200.0,200,0.0,84
1847,-200.0,200,0.0,84
1848,-200.0,200,0.0,84
1849,-162.0,162,1.0,84
1850,-200.0,200,0.0,84
1851,-200.0,200,0.0,84
1852,-200.0,200,0.0,84
1853,-200.0,200,0.0,84
1854,-200.0,200,0.0,84
1855,-200.0,200,0.0,84
1856,-190.0,190,1.0,84
1857,-200.0,200,0.0,84
1858,-200.0,200,0.0,84
1859,-200.0,200,0.0,84
1860,-200.0,200,0.0,84
1861,-200.0,200,0.0,84
1862,-200.0,200,0.0,84
1863,-200.0,200,0.0,84
1864,-200.0,200,0.0,84
1865,-200.0,200,0.0,84
1866,-200.0,200,0.0,84
1867,-200.0,200,0.0,84
1868,-192.0,192,1.0,84
1869,-200.0,200,0.0,84
1870,-200.0,200,0.0,84
1871,-200.0,200,0.0,84
1872,-200.0,200,0.0,84
1873,-200.0,200,0.0,84
1874,-200.0,200,0.0,84
1875,-200.0,200,0.0,84
1876,-200.0,200,0.0,84
1877,-200.0,200,0.0,84
1878,-200.0,200,0.0,84
1879,-200.0,200,0.0,84
1880,-200.0,200,0.0,84
1881,-200.0,200,0.0,84
1882,-200.0,200,0.0,84
1883,-200.0,200,0.0,84
1884,-200.0,200,0.0,84
1885,-200.0,200,0.0,84
1886,-200.0,200,0.0,84
1887,-200.0,200,0.0,84
1888,-200.0,200,0.0,84
1889,-200.0,200,0.0,84
1890,-200.0,200,0.0,84
1891,-200.0,200,0.0,84
1892,-199.0,199,1.0,84
1893,-200.0,200,0.0,84
1894,-197.0,197,1.0,84
1895,-191.0,191,1.0,84
1896,-200.0,200,0.0,84
1897,-200.0,200,0.0,84
1898,-200.0,200,0.0,84
1899,-197.0,197,1.0,84
1900,-200.0,200,0.0,84
1901,-197.0,197,1.0,84
1902,-200.0,200,0.0,84
1903,-200.0,200,0.0,84
1904,-200.0,200,0.0,84
1905,-200.0,200,0.0,84
1906,-200.0,200,0.0,84
1907,-200.0,200,0.0,84
1908,-200.0,200,0.0,84
1909,-200.0,200,0.0,84
1910,-200.0,200,0.0,84
1911,-200.0,200,0.0,84
1912,-170.0,170,1.0,84
1913,-197.0,197,1.0,84
1914,-200.0,200,0.0,84
1915,-200.0,200,0.0,84
1916,-200.0,200,0.0,84
1917,-200.0,200,0.0,84
1918,-200.0,200,0.0,84
1919,-200.0,200,0.0,84
1920,-200.0,200,0.0,84
1921,-200.0,200,0.0,84
1922,-200.0,200,0.0,84
1923,-200.0,200,0.0,84
1924,-200.0,200,0.0,84
1925,-200.0,200,0.0,84
1926,-200.0,200,0.0,84
1927,-200.0,200,0.0,84
1928,-200.0,200,0.0,84
1929,-200.0,200,0.0,84
1930,-200.0,200,0.0,84
1931,-200.0,200,0.0,84
1932,-200.0,200,0.0,84
1933,-200.0,200,0.0,84
1934,-200.0,200,0.0,84
1935,-200.0,200,0.0,84
1936,-200.0,200,0.0,84
1937,-200.0,200,0.0,84
1938,-200.0,200,0.0,84
1939,-200.0,200,0.0,84
1940,-200.0,200,0.0,84
1941,-200.0,200,0.0,84
1942,-200.0,200,0.0,84
1943,-200.0,200,0.0,84
1944,-200.0,200,0.0,84
1945,-200.0,200,0.0,84
1946,-200.0,200,0.0,84
1947,-200.0,200,0.0,84
1948,-193.0,193,1.0,84
1949,-200.0,200,0.0,84
1950,-200.0,200,0.0,84
1951,-200.0,200,0.0,84
1952,-200.0,200,0.0,84
1953,-200.0,200,0.0,84
1954,-200.0,200,0.0,84
1955,-196.0,196,1.0,84
1956,-187.0,187,1.0,84
1957,-200.0,200,0.0,84
1958,-200.0,200,0.0,84
1959,-200.0,200,0.0,84
1960,-200.0,200,0.0,84
1961,-200.0,200,0.0,84
1962,-198.0,198,1.0,84
1963,-200.0,200,0.0,84
1964,-200.0,200,0.0,84
1965,-197.0,197,1.0,84
1966,-200.0,200,0.0,84
1967,-200.0,200,0.0,84
1968,-200.0,200,0.0,84
1969,-200.0,200,0.0,84
1970,-200.0,200,0.0,84
1971,-200.0,200,0.0,84
1972,-200.0,200,0.0,84
1973,-200.0,200,0.0,84
1974,-200.0,200,0.0,84
1975,-200.0,200,0.0,84
1976,-200.0,200,0.0,84
1977,-200.0,200,0.0,84
1978,-200.0,200,0.0,84
1979,-200.0,200,0.0,84
1980,-174.0,174,1.0,84
1981,-200.0,200,0.0,84
1982,-200.0,200,0.0,84
1983,-200.0,200,0.0,84
1984,-200.0,200,0.0,84
1985,-200.0,200,0.0,84
1986,-200.0,200,0.0,84
1987,-200.0,200,0.0,84
1988,-196.0,196,1.0,84
1989,-200.0,200,0.0,84
1990,-196.0,196,1.0,84
1991,-200.0,200,0.0,84
1992,-200.0,200,0.0,84
1993,-200.0,200,0.0,84
1994,-200.0,200,0.0,84
1995,-200.0,200,0.0,84
1996,-200.0,200,0.0,84
1997,-200.0,200,0.0,84
1998,-200.0,200,0.0,84
1999,-200.0,200,0.0,84
2000,-200.0,200,0.0,84
2001,-200.0,200,0.0,84
2002,-200.0,200,0.0,84
2003,-200.0,200,0.0,84
2004,-200.0,200,0.0,84
2005,-200.0,200,0.0,84
2006,-200.0,200,0.0,84
2007,-200.0,200,0.0,84
2008,-195.0,195,1.0,84
2009,-200.0,200,0.0,84
2010,-200.0,200,0.0,84
2011,-200.0,200,0.0,84
2012,-200.0,200,0.0,84
2013,-200.0,200,0.0,84
2014,-200.0,200,0.0,84
2015,-200.0,200,0.0,84
2016,-200.0,200,0.0,84
2017,-200.0,200,0.0,84
2018,-200.0,200,0.0,84
2019,-200.0,200,0.0,84
2020,-200.0,200,0.0,84
2021,-197.0,197,1.0,84
2022,-200.0,200,0.0,84
2023,-200.0,200,0.0,84
2024,-200.0,200,0.0,84
2025,-200.0,200,0.0,84
2026,-200.0,200,0.0,84
2027,-200.0,200,0.0,84
2028,-200.0,200,0.0,84
2029,-200.0,200,0.0,84
2030,-200.0,200,0.0,84
2031,-200.0,200,0.0,84
2032,-200.0,200,0.0,84
2033,-200.0,200,0.0,84
2034,-200.0,200,0.0,84
2035,-198.0,198,1.0,84
2036,-200.0,200,0.0,84
2037,-200.0,200,0.0,84
2038,-200.0,200,0.0,84
2039,-200.0,200,0.0,84
2040,-200.0,200,0.0,84
2041,-200.0,200,0.0,84
2042,-200.0,200,0.0,84
2043,-200.0,200,0.0,84
2044,-200.0,200,0.0,84
2045,-200.0,200,0.0,84
2046,-163.0,163,1.0,84
2047,-200.0,200,0.0,84
2048,-200.0,200,0.0,84
2049,-200.0,200,0.0,84
2050,-199.0,199,1.0,84
2051,-200.0,200,0.0,84
2052,-200.0,200,0.0,84
2053,-200.0,200,0.0,84
2054,-200.0,200,0.0,84
2055,-200.0,200,0.0,84
2056,-200.0,200,0.0,84
2057,-200.0,200,0.0,84
2058,-200.0,200,0.0,84
2059,-200.0,200,0.0,84
2060,-200.0,200,0.0,84
2061,-200.0,200,0.0,84
2062,-200.0,200,0.0,84
2063,-200.0,200,0.0,84
2064,-194.0,194,1.0,84
2065,-200.0,200,0.0,84
2066,-200.0,200,0.0,84
2067,-200.0,200,0.0,84
2068,-200.0,200,0.0,84
2069,-200.0,200,0.0,84
2070,-200.0,200,0.0,84
2071,-200.0,200,0.0,84
2072,-200.0,200,0.0,84
2073,-200.0,200,0.0,84
2074,-200.0,200,0.0,84
2075,-198.0,198,1.0,84
2076,-200.0,200,0.0,84
2077,-190.0,190,1.0,84
2078,-200.0,200,0.0,84
2079,-200.0,200,0.0,84
2080,-200.0,200,0.0,84
2081,-169.0,169,1.0,84
2082,-200.0,200,0.0,84
2083,-172.0,172,1.0,84
2084,-200.0,200,0.0,84
2085,-200.0,200,0.0,84
2086,-200.0,200,0.0,84
2087,-200.0,200,0.0,84
2088,-200.0,200,0.0,84
2089,-200.0,200,0.0,84
2090,-200.0,200,0.0,84
2091,-200.0,200,0.0,84
2092,-200.0,200,0.0,84
2093,-200.0,200,0.0,84
2094,-200.0,200,0.0,84
2095,-200.0,200,0.0,84
2096,-200.0,200,0.0,84
2097,-200.0,200,0.0,84
2098,-200.0,200,0.0,84
2099,-194.0,194,1.0,84
2100,-160.0,160,1.0,84
2101,-200.0,200,0.0,84
2102,-200.0,200,0.0,84
2103,-200.0,200,0.0,84
2104,-200.0,200,0.0,84
2105,-168.0,168,1.0,84
2106,-200.0,200,0.0,84
2107,-200.0,200,0.0,84
2108,-200.0,200,0.0,84
2109,-164.0,164,1.0,84
2110,-200.0,200,0.0,84
2111,-174.0,174,1.0,84
2112,-200.0,200,0.0,84
2113,-169.0,169,1.0,84
2114,-200.0,200,0.0,84
2115,-200.0,200,0.0,84
2116,-200.0,200,0.0,84
2117,-200.0,200,0.0,84
2118,-200.0,200,0.0,84
2119,-200.0,200,0.0,84
2120,-200.0,200,0.0,84
2121,-200.0,200,0.0,84
2122,-200.0,200,0.0,84
2123,-200.0,200,0.0,84
2124,-200.0,200,0.0,84
2125,-200.0,200,0.0,84
2126,-200.0,200,0.0,84
2127,-198.0,198,1.0,84
2128,-200.0,200,0.0,84
2129,-200.0,200,0.0,84
2130,-200.0,200,0.0,84
2131,-200.0,200,0.0,84
2132,-200.0,200,0.0,84
2133,-200.0,200,0.0,84
2134,-200.0,200,0.0,84
2135,-200.0,200,0.0,84
2136,-200.0,200,0.0,84
2137,-200.0,200,0.0,84
2138,-200.0,200,0.0,84
2139,-200.0,200,0.0,84
2140,-200.0,200,0.0,84
2141,-200.0,200,0.0,84
2142,-200.0,200,0.0,84
2143,-200.0,200,0.0,84
2144,-200.0,200,0.0,84
2145,-200.0,200,0.0,84
2146,-200.0,200,0.0,84
2147,-200.0,200,0.0,84
2148,-200.0,200,0.0,84
2149,-200.0,200,0.0,84
2150,-200.0,200,0.0,84
2151,-200.0,200,0.0,84
2152,-200.0,200,0.0,84
2153,-200.0,200,0.0,84
2154,-200.0,200,0.0,84
2155,-200.0,200,0.0,84
2156,-200.0,200,0.0,84
2157,-200.0,200,0.0,84
2158,-200.0,200,0.0,84
2159,-200.0,200,0.0,84
2160,-200.0,200,0.0,84
2161,-200.0,200,0.0,84
2162,-200.0,200,0.0,84
2163,-200.0,200,0.0,84
2164,-200.0,200,0.0,84
2165,-200.0,200,0.0,84
2166,-200.0,200,0.0,84
2167,-200.0,200,0.0,84
2168,-200.0,200,0.0,84
2169,-200.0,200,0.0,84
2170,-200.0,200,0.0,84
2171,-200.0,200,0.0,84
2172,-172.0,172,1.0,84
2173,-200.0,200,0.0,84
2174,-200.0,200,0.0,84
2175,-200.0,200,0.0,84
2176,-200.0,200,0.0,84
2177,-200.0,200,0.0,84
2178,-200.0,200,0.0,84
2179,-200.0,200,0.0,84
2180,-200.0,200,0.0,84
2181,-200.0,200,0.0,84
2182,-200.0,200,0.0,84
2183,-200.0,200,0.0,84
2184,-200.0,200,0.0,84
2185,-200.0,200,0.0,84
2186,-200.0,200,0.0,84
2187,-172.0,172,1.0,84
2188,-200.0,200,0.0,84
2189,-200.0,200,0.0,84
2190,-200.0,200,0.0,84
2191,-200.0,200,0.0,84
2192,-200.0,200,0.0,84
2193,-200.0,200,0.0,84
2194,-200.0,200,0.0,84
2195,-197.0,197,1.0,84
2196,-200.0,200,0.0,84
2197,-200.0,200,0.0,84
2198,-200.0,200,0.0,84
2199,-197.0,197,1.0,84
2200,-200.0,200,0.0,84
2201,-200.0,200,0.0,84
2202,-200.0,200,0.0,84
2203,-200.0,200,0.0,84
2204,-200.0,200,0.0,84
2205,-200.0,200,0.0,84
2206,-200.0,200,0.0,84
2207,-187.0,187,1.0,84
2208,-200.0,200,0.0,84
2209,-200.0,200,0.0,84
2210,-159.0,159,1.0,84
2211,-200.0,200,0.0,84
2212,-156.0,156,1.0,84
2213,-160.0,160,1.0,84
2214,-200.0,200,0.0,84
2215,-161.0,161,1.0,84
2216,-158.0,158,1.0,84
2217,-179.0,179,1.0,84
2218,-200.0,200,0.0,84
2219,-200.0,200,0.0,84
2220,-154.0,154,1.0,84
2221,-200.0,200,0.0,84
2222,-176.0,176,1.0,84
2223,-178.0,178,1.0,84
2224,-196.0,196,1.0,84
2225,-200.0,200,0.0,84
2226,-200.0,200,0.0,84
2227,-200.0,200,0.0,84
2228,-172.0,172,1.0,84
2229,-200.0,200,0.0,84
2230,-200.0,200,0.0,84
2231,-200.0,200,0.0,84
2232,-200.0,200,0.0,84
2233,-200.0,200,0.0,84
2234,-194.0,194,1.0,84
2235,-200.0,200,0.0,84
2236,-200.0,200,0.0,84
2237,-160.0,160,1.0,84
2238,-200.0,200,0.0,84
2239,-200.0,200,0.0,84
2240,-161.0,161,1.0,84
2241,-200.0,200,0.0,84
2242,-200.0,200,0.0,84
2243,-200.0,200,0.0,84
2244,-199.0,199,1.0,84
2245,-200.0,200,0.0,84
2246,-200.0,200,0.0,84
2247,-200.0,200,0.0,84
2248,-200.0,200,0.0,84
2249,-200.0,200,0.0,84
2250,-200.0,200,0.0,84
2251,-151.0,151,1.0,84
2252,-200.0,200,0.0,84
2253,-200.0,200,0.0,84
2254,-200.0,200,0.0,84
2255,-200.0,200,0.0,84
2256,-200.0,200,0.0,84
2257,-199.0,199,1.0,84
2258,-195.0,195,1.0,84
2259,-158.0,158,1.0,84
2260,-200.0,200,0.0,84
2261,-200.0,200,0.0,84
2262,-200.0,200,0.0,84
2263,-200.0,200,0.0,84
2264,-200.0,200,0.0,84
2265,-200.0,200,0.0,84
2266,-200.0,200,0.0,84
2267,-200.0,200,0.0,84
2268,-200.0,200,0.0,84
2269,-200.0,200,0.0,84
2270,-200.0,200,0.0,84
2271,-200.0,200,0.0,84
2272,-200.0,200,0.0,84
2273,-200.0,200,0.0,84
2274,-200.0,200,0.0,84
2275,-195.0,195,1.0,84
2276,-200.0,200,0.0,84
2277,-200.0,200,0.0,84
2278,-200.0,200,0.0,84
2279,-200.0,200,0.0,84
2280,-200.0,200,0.0,84
2281,-200.0,200,0.0,84
2282,-200.0,200,0.0,84
2283,-200.0,200,0.0,84
2284,-200.0,200,0.0,84
2285,-200.0,200,0.0,84
2286,-200.0,200,0.0,84
2287,-200.0,200,0.0,84
2288,-200.0,200,0.0,84
2289,-200.0,200,0.0,84
2290,-200.0,200,0.0,84
2291,-200.0,200,0.0,84
2292,-200.0,200,0.0,84
2293,-200.0,200,0.0,84
2294,-200.0,200,0.0,84
2295,-200.0,200,0.0,84
2296,-200.0,200,0.0,84
2297,-200.0,200,0.0,84
2298,-200.0,200,0.0,84
2299,-200.0,200,0.0,84
2300,-200.0,200,0.0,84
2301,-200.0,200,0.0,84
2302,-200.0,200,0.0,84
2303,-200.0,200,0.0,84
2304,-200.0,200,0.0,84
2305,-200.0,200,0.0,84
2306,-200.0,200,0.0,84
2307,-200.0,200,0.0,84
2308,-200.0,200,0.0,84
2309,-185.0,185,1.0,84
2310,-200.0,200,0.0,84
2311,-200.0,200,0.0,84
2312,-200.0,200,0.0,84
2313,-200.0,200,0.0,84
2314,-200.0,200,0.0,84
2315,-200.0,200,0.0,84
2316,-189.0,189,1.0,84
2317,-200.0,200,0.0,84
2318,-200.0,200,0.0,84
2319,-200.0,200,0.0,84
2320,-200.0,200,0.0,84
2321,-200.0,200,0.0,84
2322,-200.0,200,0.0,84
2323,-200.0,200,0.0,84
2324,-200.0,200,0.0,84
2325,-200.0,200,0.0,84
2326,-200.0,200,0.0,84
2327,-200.0,200,0.0,84
2328,-200.0,200,0.0,84
2329,-200.0,200,0.0,84
2330,-200.0,200,0.0,84
2331,-200.0,200,0.0,84
2332,-200.0,200,0.0,84
2333,-200.0,200,0.0,84
2334,-200.0,200,0.0,84
2335,-200.0,200,0.0,84
2336,-200.0,200,0.0,84
2337,-200.0,200,0.0,84
2338,-200.0,200,0.0,84
2339,-200.0,200,0.0,84
2340,-193.0,193,1.0,84
2341,-200.0,200,0.0,84
2342,-200.0,200,0.0,84
2343,-200.0,200,0.0,84
2344,-200.0,200,0.0,84
2345,-200.0,200,0.0,84
2346,-197.0,197,1.0,84
2347,-195.0,195,1.0,84
2348,-200.0,200,0.0,84
2349,-200.0,200,0.0,84
2350,-200.0,200,0.0,84
2351,-197.0,197,1.0,84
2352,-200.0,200,0.0,84
2353,-195.0,195,1.0,84
2354,-200.0,200,0.0,84
2355,-199.0,199,1.0,84
2356,-200.0,200,0.0,84
2357,-200.0,200,0.0,84
2358,-200.0,200,0.0,84
2359,-200.0,200,0.0,84
2360,-194.0,194,1.0,84
2361,-200.0,200,0.0,84
2362,-200.0,200,0.0,84
2363,-200.0,200,0.0,84
2364,-200.0,200,0.0,84
2365,-200.0,200,0.0,84
2366,-200.0,200,0.0,84
2367,-200.0,200,0.0,84
2368,-200.0,200,0.0,84
2369,-200.0,200,0.0,84
2370,-200.0,200,0.0,84
2371,-200.0,200,0.0,84
2372,-200.0,200,0.0,84
2373,-200.0,200,0.0,84
2374,-200.0,200,0.0,84
2375,-200.0,200,0.0,84
2376,-200.0,200,0.0,84
2377,-200.0,200,0.0,84
2378,-196.0,196,1.0,84
2379,-200.0,200,0.0,84
2380,-200.0,200,0.0,84
2381,-200.0,200,0.0,84
2382,-200.0,200,0.0,84
2383,-200.0,200,0.0,84
2384,-200.0,200,0.0,84
2385,-200.0,200,0.0,84
2386,-200.0,200,0.0,84
2387,-200.0,200,0.0,84
2388,-200.0,200,0.0,84
2389,-200.0,200,0.0,84
2390,-200.0,200,0.0,84
2391,-200.0,200,0.0,84
2392,-200.0,200,0.0,84
2393,-200.0,200,0.0,84
2394,-200.0,200,0.0,84
2395,-200.0,200,0.0,84
2396,-200.0,200,0.0,84
2397,-200.0,200,0.0,84
2398,-200.0,200,0.0,84
2399,-198.0,198,1.0,84
2400,-200.0,200,0.0,84
2401,-200.0,200,0.0,84
2402,-195.0,195,1.0,84
2403,-200.0,200,0.0,84
2404,-193.0,193,1.0,84
2405,-200.0,200,0.0,84
2406,-196.0,196,1.0,84
2407,-200.0,200,0.0,84
2408,-200.0,200,0.0,84
2409,-200.0,200,0.0,84
2410,-200.0,200,0.0,84
2411,-200.0,200,0.0,84
2412,-200.0,200,0.0,84
2413,-200.0,200,0.0,84
2414,-200.0,200,0.0,84
2415,-196.0,196,1.0,84
2416,-200.0,200,0.0,84
2417,-200.0,200,0.0,84
2418,-200.0,200,0.0,84
2419,-200.0,200,0.0,84
2420,-200.0,200,0.0,84
2421,-197.0,197,1.0,84
2422,-200.0,200,0.0,84
2423,-200.0,200,0.0,84
2424,-200.0,200,0.0,84
2425,-200.0,200,0.0,84
2426,-200.0,200,0.0,84
2427,-167.0,167,1.0,84
2428,-200.0,200,0.0,84
2429,-169.0,169,1.0,84
2430,-198.0,198,1.0,84
2431,-200.0,200,0.0,84
2432,-200.0,200,0.0,84
2433,-200.0,200,0.0,84
2434,-200.0,200,0.0,84
2435,-200.0,200,0.0,84
2436,-198.0,198,1.0,84
2437,-200.0,200,0.0,84
2438,-195.0,195,1.0,84
2439,-200.0,200,0.0,84
2440,-200.0,200,0.0,84
2441,-163.0,163,1.0,84
2442,-200.0,200,0.0,84
2443,-200.0,200,0.0,84
2444,-200.0,200,0.0,84
2445,-200.0,200,0.0,84
2446,-200.0,200,0.0,84
2447,-200.0,200,0.0,84
2448,-200.0,200,0.0,84
2449,-200.0,200,0.0,84
2450,-200.0,200,0.0,84
2451,-200.0,200,0.0,84
2452,-200.0,200,0.0,84
2453,-200.0,200,0.0,84
2454,-200.0,200,0.0,84
2455,-200.0,200,0.0,84
2456,-193.0,193,1.0,84
2457,-200.0,200,0.0,84
2458,-200.0,200,0.0,84
2459,-200.0,200,0.0,84
2460,-160.0,160,1.0,84
2461,-200.0,200,0.0,84
2462,-200.0,200,0.0,84
2463,-200.0,200,0.0,84
2464,-160.0,160,1.0,84
2465,-198.0,198,1.0,84
2466,-200.0,200,0.0,84
2467,-200.0,200,0.0,84
2468,-200.0,200,0.0,84
2469,-200.0,200,0.0,84
2470,-200.0,200,0.0,84
2471,-200.0,200,0.0,84
2472,-200.0,200,0.0,84
2473,-200.0,200,0.0,84
2474,-200.0,200,0.0,84
2475,-200.0,200,0.0,84
2476,-200.0,200,0.0,84
2477,-200.0,200,0.0,84
2478,-200.0,200,0.0,84
2479,-188.0,188,1.0,84
2480,-200.0,200,0.0,84
2481,-178.0,178,1.0,84
2482,-200.0,200,0.0,84
2483,-200.0,200,0.0,84
2484,-200.0,200,0.0,84
2485,-163.0,163,1.0,84
2486,-190.0,190,1.0,84
2487,-192.0,192,1.0,84
2488,-175.0,175,1.0,84
2489,-200.0,200,0.0,84
2490,-200.0,200,0.0,84
2491,-200.0,200,0.0,84
2492,-200.0,200,0.0,84
2493,-200.0,200,0.0,84
2494,-200.0,200,0.0,84
2495,-200.0,200,0.0,84
2496,-200.0,200,0.0,84
2497,-200.0,200,0.0,84
2498,-200.0,200,0.0,84
2499,-200.0,200,0.0,84
2500,-200.0,200,0.0,84
2501,-200.0,200,0.0,84
2502,-200.0,200,0.0,84
2503,-200.0,200,0.0,84
2504,-200.0,200,0.0,84
2505,-200.0,200,0.0,84
2506,-199.0,199,1.0,84
2507,-200.0,200,0.0,84
2508,-200.0,200,0.0,84
2509,-200.0,200,0.0,84
2510,-200.0,200,0.0,84
2511,-200.0,200,0.0,84
2512,-200.0,200,0.0,84
2513,-200.0,200,0.0,84
2514,-200.0,200,0.0,84
2515,-200.0,200,0.0,84
2516,-200.0,200,0.0,84
2517,-200.0,200,0.0,84
2518,-200.0,200,0.0,84
2519,-200.0,200,0.0,84
2520,-200.0,200,0.0,84
2521,-200.0,200,0.0,84
2522,-200.0,200,0.0,84
2523,-200.0,200,0.0,84
2524,-200.0,200,0.0,84
2525,-200.0,200,0.0,84
2526,-200.0,200,0.0,84
2527,-200.0,200,0.0,84
2528,-168.0,168,1.0,84
2529,-200.0,200,0.0,84
2530,-200.0,200,0.0,84
2531,-200.0,200,0.0,84
2532,-200.0,200,0.0,84
2533,-200.0,200,0.0,84
2534,-200.0,200,0.0,84
2535,-196.0,196,1.0,84
2536,-165.0,165,1.0,84
2537,-157.0,157,1.0,84
2538,-200.0,200,0.0,84
2539,-200.0,200,0.0,84
2540,-167.0,167,1.0,84
2541,-200.0,200,0.0,84
2542,-200.0,200,0.0,84
2543,-157.0,157,1.0,84
2544,-174.0,174,1.0,84
2545,-156.0,156,1.0,84
2546,-200.0,200,0.0,84
2547,-168.0,168,1.0,84
2548,-200.0,200,0.0,84
2549,-200.0,200,0.0,84
2550,-179.0,179,1.0,84
2551,-200.0,200,0.0,84
2552,-200.0,200,0.0,84
2553,-200.0,200,0.0,84
2554,-200.0,200,0.0,84
2555,-163.0,163,1.0,84
2556,-161.0,161,1.0,84
2557,-200.0,200,0.0,84
2558,-200.0,200,0.0,84
2559,-200.0,200,0.0,84
2560,-164.0,164,1.0,84
2561,-200.0,200,0.0,84
2562,-163.0,163,1.0,84
2563,-200.0,200,0.0,84
2564,-200.0,200,0.0,84
2565,-165.0,165,1.0,84
2566,-163.0,163,1.0,84
2567,-165.0,165,1.0,84
2568,-167.0,167,1.0,84
2569,-169.0,169,1.0,84
2570,-161.0,161,1.0,84
2571,-162.0,162,1.0,84
2572,-159.0,159,1.0,84
2573,-166.0,166,1.0,84
2574,-157.0,157,1.0,84
2575,-200.0,200,0.0,84
2576,-165.0,165,1.0,84
2577,-200.0,200,0.0,84
2578,-162.0,162,1.0,84
2579,-200.0,200,0.0,84
2580,-159.0,159,1.0,84
2581,-200.0,200,0.0,84
2582,-200.0,200,0.0,84
2583,-200.0,200,0.0,84
2584,-182.0,182,1.0,84
2585,-200.0,200,0.0,84
2586,-200.0,200,0.0,84
2587,-200.0,200,0.0,84
2588,-200.0,200,0.0,84
2589,-200.0,200,0.0,84
2590,-159.0,159,1.0,84
2591,-200.0,200,0.0,84
2592,-200.0,200,0.0,84
2593,-200.0,200,0.0,84
2594,-200.0,200,0.0,84
2595,-200.0,200,0.0,84
2596,-200.0,200,0.0,84
2597,-200.0,200,0.0,84
2598,-200.0,200,0.0,84
2599,-200.0,200,0.0,84
2600,-200.0,200,0.0,84
2601,-200.0,200,0.0,84
2602,-200.0,200,0.0,84
2603,-200.0,200,0.0,84
2604,-200.0,200,0.0,84
2605,-200.0,200,0.0,84
2606,-200.0,200,0.0,84
2607,-200.0,200,0.0,84
2608,-200.0,200,0.0,84
2609,-200.0,200,0.0,84
2610,-200.0,200,0.0,84
2611,-200.0,200,0.0,84
2612,-200.0,200,0.0,84
2613,-200.0,200,0.0,84
2614,-200.0,200,0.0,84
2615,-200.0,200,0.0,84
2616,-200.0,200,0.0,84
2617,-200.0,200,0.0,84
2618,-200.0,200,0.0,84
2619,-175.0,175,1.0,84
2620,-200.0,200,0.0,84
2621,-200.0,200,0.0,84
2622,-200.0,200,0.0,84
2623,-200.0,200,0.0,84
2624,-200.0,200,0.0,84
2625,-200.0,200,0.0,84
2626,-200.0,200,0.0,84
2627,-200.0,200,0.0,84
2628,-200.0,200,0.0,84
2629,-200.0,200,0.0,84
2630,-200.0,200,0.0,84
2631,-200.0,200,0.0,84
2632,-173.0,173,1.0,84
2633,-200.0,200,0.0,84
2634,-200.0,200,0.0,84
2635,-200.0,200,0.0,84
2636,-200.0,200,0.0,84
2637,-200.0,200,0.0,84
2638,-200.0,200,0.0,84
2639,-200.0,200,0.0,84
2640,-200.0,200,0.0,84
2641,-168.0,168,1.0,84
2642,-200.0,200,0.0,84
2643,-200.0,200,0.0,84
2644,-200.0,200,0.0,84
2645,-170.0,170,1.0,84
2646,-200.0,200,0.0,84
2647,-200.0,200,0.0,84
2648,-200.0,200,0.0,84
2649,-169.0,169,1.0,84
2650,-181.0,181,1.0,84
2651,-200.0,200,0.0,84
2652,-200.0,200,0.0,84
2653,-200.0,200,0.0,84
2654,-200.0,200,0.0,84
2655,-170.0,170,1.0,84
2656,-200.0,200,0.0,84
2657,-200.0,200,0.0,84
2658,-200.0,200,0.0,84
2659,-200.0,200,0.0,84
2660,-200.0,200,0.0,84
2661,-200.0,200,0.0,84
2662,-200.0,200,0.0,84
2663,-200.0,200,0.0,84
2664,-200.0,200,0.0,84
2665,-200.0,200,0.0,84
2666,-200.0,200,0.0,84
2667,-200.0,200,0.0,84
2668,-200.0,200,0.0,84
2669,-198.0,198,1.0,84
2670,-200.0,200,0.0,84
2671,-166.0,166,1.0,84
2672,-200.0,200,0.0,84
2673,-200.0,200,0.0,84
2674,-176.0,176,1.0,84
2675,-200.0,200,0.0,84
2676,-200.0,200,0.0,84
2677,-200.0,200,0.0,84
2678,-200.0,200,0.0,84
2679,-200.0,200,0.0,84
2680,-200.0,200,0.0,84
2681,-200.0,200,0.0,84
2682,-200.0,200,0.0,84
2683,-200.0,200,0.0,84
2684,-200.0,200,0.0,84
2685,-200.0,200,0.0,84
2686,-200.0,200,0.0,84
2687,-200.0,200,0.0,84
2688,-166.0,166,1.0,84
2689,-200.0,200,0.0,84
2690,-161.0,161,1.0,84
2691,-200.0,200,0.0,84
2692,-200.0,200,0.0,84
2693,-200.0,200,0.0,84
2694,-200.0,200,0.0,84
2695,-200.0,200,0.0,84
2696,-166.0,166,1.0,84
2697,-171.0,171,1.0,84
2698,-200.0,200,0.0,84
2699,-200.0,200,0.0,84
2700,-200.0,200,0.0,84
2701,-200.0,200,0.0,84
2702,-200.0,200,0.0,84
2703,-167.0,167,1.0,84
2704,-200.0,200,0.0,84
2705,-195.0,195,1.0,84
2706,-200.0,200,0.0,84
2707,-199.0,199,1.0,84
2708,-200.0,200,0.0,84
2709,-200.0,200,0.0,84
2710,-200.0,200,0.0,84
2711,-200.0,200,0.0,84
2712,-157.0,157,1.0,84
2713,-199.0,199,1.0,84
2714,-157.0,157,1.0,84
2715,-167.0,167,1.0,84
2716,-200.0,200,0.0,84
2717,-200.0,200,0.0,84
2718,-200.0,200,0.0,84
2719,-157.0,157,1.0,84
2720,-193.0,193,1.0,84
2721,-200.0,200,0.0,84
2722,-191.0,191,1.0,84
2723,-200.0,200,0.0,84
2724,-166.0,166,1.0,84
2725,-200.0,200,0.0,84
2726,-156.0,156,1.0,84
2727,-183.0,183,1.0,84
2728,-153.0,153,1.0,84
2729,-194.0,194,1.0,84
2730,-191.0,191,1.0,84
2731,-168.0,168,1.0,84
2732,-200.0,200,0.0,84
2733,-200.0,200,0.0,84
2734,-200.0,200,0.0,84
2735,-200.0,200,0.0,84
2736,-200.0,200,0.0,84
2737,-200.0,200,0.0,84
2738,-157.0,157,1.0,84
2739,-165.0,165,1.0,84
2740,-200.0,200,0.0,84
2741,-166.0,166,1.0,84
2742,-200.0,200,0.0,84
2743,-200.0,200,0.0,84
2744,-200.0,200,0.0,84
2745,-186.0,186,1.0,84
2746,-200.0,200,0.0,84
2747,-200.0,200,0.0,84
2748,-160.0,160,1.0,84
2749,-161.0,161,1.0,84
2750,-200.0,200,0.0,84
2751,-157.0,157,1.0,84
2752,-200.0,200,0.0,84
2753,-159.0,159,1.0,84
2754,-200.0,200,0.0,84
2755,-200.0,200,0.0,84
2756,-192.0,192,1.0,84
2757,-188.0,188,1.0,84
2758,-200.0,200,0.0,84
2759,-200.0,200,0.0,84
2760,-190.0,190,1.0,84
2761,-189.0,189,1.0,84
2762,-200.0,200,0.0,84
2763,-200.0,200,0.0,84
2764,-191.0,191,1.0,84
2765,-200.0,200,0.0,84
2766,-200.0,200,0.0,84
2767,-186.0,186,1.0,84
2768,-159.0,159,1.0,84
2769,-200.0,200,0.0,84
2770,-170.0,170,1.0,84
2771,-159.0,159,1.0,84
2772,-192.0,192,1.0,84
2773,-197.0,197,1.0,84
2774,-154.0,154,1.0,84
2775,-180.0,180,1.0,84
2776,-154.0,154,1.0,84
2777,-200.0,200,0.0,84
2778,-200.0,200,0.0,84
2779,-152.0,152,1.0,84
2780,-200.0,200,0.0,84
2781,-189.0,189,1.0,84
2782,-186.0,186,1.0,84
2783,-154.0,154,1.0,84
2784,-191.0,191,1.0,84
2785,-200.0,200,0.0,84
2786,-154.0,154,1.0,84
2787,-162.0,162,1.0,84
2788,-193.0,193,1.0,84
2789,-194.0,194,1.0,84
2790,-200.0,200,0.0,84
2791,-164.0,164,1.0,84
2792,-192.0,192,1.0,84
2793,-167.0,167,1.0,84
2794,-160.0,160,1.0,84
2795,-159.0,159,1.0,84
2796,-200.0,200,0.0,84
2797,-162.0,162,1.0,84
2798,-200.0,200,0.0,84
2799,-200.0,200,0.0,84
2800,-200.0,200,0.0,84
2801,-172.0,172,1.0,84
2802,-200.0,200,0.0,84
2803,-200.0,200,0.0,84
2804,-200.0,200,0.0,84
2805,-162.0,162,1.0,84
2806,-200.0,200,0.0,84
2807,-193.0,193,1.0,84
2808,-200.0,200,0.0,84
2809,-157.0,157,1.0,84
2810,-200.0,200,0.0,84
2811,-200.0,200,0.0,84
2812,-187.0,187,1.0,84
2813,-200.0,200,0.0,84
2814,-195.0,195,1.0,84
2815,-197.0,197,1.0,84
2816,-200.0,200,0.0,84
2817,-196.0,196,1.0,84
2818,-200.0,200,0.0,84
2819,-200.0,200,0.0,84
2820,-200.0,200,0.0,84
2821,-200.0,200,0.0,84
2822,-200.0,200,0.0,84
2823,-200.0,200,0.0,84
2824,-200.0,200,0.0,84
2825,-166.0,166,1.0,84
2826,-167.0,167,1.0,84
2827,-155.0,155,1.0,84
2828,-200.0,200,0.0,84
2829,-190.0,190,1.0,84
2830,-186.0,186,1.0,84
2831,-200.0,200,0.0,84
2832,-200.0,200,0.0,84
2833,-200.0,200,0.0,84
2834,-200.0,200,0.0,84
2835,-156.0,156,1.0,84
2836,-200.0,200,0.0,84
2837,-155.0,155,1.0,84
2838,-200.0,200,0.0,84
2839,-162.0,162,1.0,84
2840,-150.0,150,1.0,84
2841,-200.0,200,0.0,84
2842,-200.0,200,0.0,84
2843,-153.0,153,1.0,84
2844,-200.0,200,0.0,84
2845,-165.0,165,1.0,84
2846,-200.0,200,0.0,84
2847,-182.0,182,1.0,84
2848,-200.0,200,0.0,84
2849,-200.0,200,0.0,84
2850,-167.0,167,1.0,84
2851,-200.0,200,0.0,84
2852,-194.0,194,1.0,84
2853,-196.0,196,1.0,84
2854,-157.0,157,1.0,84
2855,-200.0,200,0.0,84
2856,-198.0,198,1.0,84
2857,-200.0,200,0.0,84
2858,-200.0,200,0.0,84
2859,-194.0,194,1.0,84
2860,-194.0,194,1.0,84
2861,-200.0,200,0.0,84
2862,-200.0,200,0.0,84
2863,-189.0,189,1.0,84
2864,-200.0,200,0.0,84
2865,-200.0,200,0.0,84
2866,-200.0,200,0.0,84
2867,-196.0,196,1.0,84
2868,-197.0,197,1.0,84
2869,-200.0,200,0.0,84
2870,-195.0,195,1.0,84
2871,-200.0,200,0.0,84
2872,-200.0,200,0.0,84
2873,-200.0,200,0.0,84
2874,-200.0,200,0.0,84
2875,-200.0,200,0.0,84
2876,-195.0,195,1.0,84
2877,-198.0,198,1.0,84
2878,-200.0,200,0.0,84
2879,-200.0,200,0.0,84
2880,-200.0,200,0.0,84
2881,-200.0,200,0.0,84
2882,-200.0,200,0.0,84
2883,-200.0,200,0.0,84
2884,-158.0,158,1.0,84
2885,-200.0,200,0.0,84
2886,-200.0,200,0.0,84
2887,-192.0,192,1.0,84
2888,-200.0,200,0.0,84
2889,-200.0,200,0.0,84
2890,-200.0,200,0.0,84
2891,-189.0,189,1.0,84
2892,-200.0,200,0.0,84
2893,-200.0,200,0.0,84
2894,-200.0,200,0.0,84
2895,-200.0,200,0.0,84
2896,-200.0,200,0.0,84
2897,-200.0,200,0.0,84
2898,-200.0,200,0.0,84
2899,-200.0,200,0.0,84
2900,-195.0,195,1.0,84
2901,-200.0,200,0.0,84
2902,-153.0,153,1.0,84
2903,-200.0,200,0.0,84
2904,-195.0,195,1.0,84
2905,-187.0,187,1.0,84
2906,-200.0,200,0.0,84
2907,-200.0,200,0.0,84
2908,-197.0,197,1.0,84
2909,-195.0,195,1.0,84
2910,-189.0,189,1.0,84
2911,-200.0,200,0.0,84
2912,-194.0,194,1.0,84
2913,-200.0,200,0.0,84
2914,-200.0,200,0.0,84
2915,-200.0,200,0.0,84
2916,-200.0,200,0.0,84
2917,-200.0,200,0.0,84
2918,-200.0,200,0.0,84
2919,-200.0,200,0.0,84
2920,-200.0,200,0.0,84
2921,-200.0,200,0.0,84
2922,-200.0,200,0.0,84
2923,-200.0,200,0.0,84
2924,-200.0,200,0.0,84
2925,-200.0,200,0.0,84
2926,-194.0,194,1.0,84
2927,-200.0,200,0.0,84
2928,-200.0,200,0.0,84
2929,-200.0,200,0.0,84
2930,-200.0,200,0.0,84
2931,-200.0,200,0.0,84
2932,-200.0,200,0.0,84
2933,-200.0,200,0.0,84
2934,-192.0,192,1.0,84
2935,-200.0,200,0.0,84
2936,-200.0,200,0.0,84
2937,-200.0,200,0.0,84
2938,-200.0,200,0.0,84
2939,-162.0,162,1.0,84
2940,-199.0,199,1.0,84
2941,-200.0,200,0.0,84
2942,-200.0,200,0.0,84
2943,-200.0,200,0.0,84
2944,-200.0,200,0.0,84
2945,-200.0,200,0.0,84
2946,-194.0,194,1.0,84
2947,-200.0,200,0.0,84
2948,-200.0,200,0.0,84
2949,-195.0,195,1.0,84
2950,-200.0,200,0.0,84
2951,-200.0,200,0.0,84
2952,-200.0,200,0.0,84
2953,-200.0,200,0.0,84
2954,-200.0,200,0.0,84
2955,-200.0,200,0.0,84
2956,-200.0,200,0.0,84
2957,-200.0,200,0.0,84
2958,-190.0,190,1.0,84
2959,-200.0,200,0.0,84
2960,-165.0,165,1.0,84
2961,-160.0,160,1.0,84
2962,-162.0,162,1.0,84
2963,-193.0,193,1.0,84
2964,-200.0,200,0.0,84
2965,-159.0,159,1.0,84
2966,-197.0,197,1.0,84
2967,-161.0,161,1.0,84
2968,-161.0,161,1.0,84
2969,-168.0,168,1.0,84
2970,-167.0,167,1.0,84
2971,-174.0,174,1.0,84
2972,-200.0,200,0.0,84
2973,-165.0,165,1.0,84
2974,-166.0,166,1.0,84
2975,-159.0,159,1.0,84
2976,-200.0,200,0.0,84
2977,-187.0,187,1.0,84
2978,-166.0,166,1.0,84
2979,-162.0,162,1.0,84
2980,-160.0,160,1.0,84
2981,-200.0,200,0.0,84
2982,-154.0,154,1.0,84
2983,-200.0,200,0.0,84
2984,-200.0,200,0.0,84
2985,-200.0,200,0.0,84
2986,-200.0,200,0.0,84
2987,-200.0,200,0.0,84
2988,-191.0,191,1.0,84
2989,-200.0,200,0.0,84
2990,-200.0,200,0.0,84
2991,-200.0,200,0.0,84
2992,-200.0,200,0.0,84
2993,-152.0,152,1.0,84
2994,-200.0,200,0.0,84
2995,-200.0,200,0.0,84
2996,-200.0,200,0.0,84
2997,-192.0,192,1.0,84
2998,-200.0,200,0.0,84
2999,-151.0,151,1.0,84
3000,-200.0,200,0.0,84
3001,-152.0,152,1.0,84
3002,-152.0,152,1.0,84
3003,-200.0,200,0.0,84
3004,-200.0,200,0.0,84
3005,-200.0,200,0.0,84
3006,-200.0,200,0.0,84
3007,-194.0,194,1.0,84
3008,-194.0,194,1.0,84
3009,-166.0,166,1.0,84
3010,-200.0,200,0.0,84
3011,-188.0,188,1.0,84
3012,-200.0,200,0.0,84
3013,-200.0,200,0.0,84
3014,-160.0,160,1.0,84
3015,-155.0,155,1.0,84
3016,-200.0,200,0.0,84
3017,-191.0,191,1.0,84
3018,-161.0,161,1.0,84
3019,-194.0,194,1.0,84
3020,-162.0,162,1.0,84
3021,-200.0,200,0.0,84
3022,-156.0,156,1.0,84
3023,-200.0,200,0.0,84
3024,-173.0,173,1.0,84
3025,-197.0,197,1.0,84
3026,-194.0,194,1.0,84
3027,-200.0,200,0.0,84
3028,-200.0,200,0.0,84
3029,-153.0,153,1.0,84
3030,-200.0,200,0.0,84
3031,-200.0,200,0.0,84
3032,-200.0,200,0.0,84
3033,-163.0,163,1.0,84
3034,-200.0,200,0.0,84
3035,-193.0,193,1.0,84
3036,-200.0,200,0.0,84
3037,-200.0,200,0.0,84
3038,-200.0,200,0.0,84
3039,-200.0,200,0.0,84
3040,-160.0,160,1.0,84
3041,-200.0,200,0.0,84
3042,-174.0,174,1.0,84
3043,-160.0,160,1.0,84
3044,-200.0,200,0.0,84
3045,-170.0,170,1.0,84
3046,-171.0,171,1.0,84
3047,-200.0,200,0.0,84
3048,-179.0,179,1.0,84
3049,-164.0,164,1.0,84
3050,-182.0,182,1.0,84
3051,-200.0,200,0.0,84
3052,-168.0,168,1.0,84
3053,-169.0,169,1.0,84
3054,-175.0,175,1.0,84
3055,-200.0,200,0.0,84
3056,-200.0,200,0.0,84
3057,-200.0,200,0.0,84
3058,-167.0,167,1.0,84
3059,-167.0,167,1.0,84
3060,-200.0,200,0.0,84
3061,-163.0,163,1.0,84
3062,-175.0,175,1.0,84
3063,-161.0,161,1.0,84
3064,-200.0,200,0.0,84
3065,-165.0,165,1.0,84
3066,-163.0,163,1.0,84
3067,-200.0,200,0.0,84
3068,-154.0,154,1.0,84
3069,-165.0,165,1.0,84
3070,-157.0,157,1.0,84
3071,-155.0,155,1.0,84
3072,-155.0,155,1.0,84
3073,-195.0,195,1.0,84
3074,-200.0,200,0.0,84
3075,-157.0,157,1.0,84
3076,-200.0,200,0.0,84
3077,-200.0,200,0.0,84
3078,-200.0,200,0.0,84
3079,-171.0,171,1.0,84
3080,-200.0,200,0.0,84
3081,-200.0,200,0.0,84
3082,-200.0,200,0.0,84
3083,-151.0,151,1.0,84
3084,-200.0,200,0.0,84
3085,-200.0,200,0.0,84
3086,-164.0,164,1.0,84
3087,-165.0,165,1.0,84
3088,-200.0,200,0.0,84
3089,-162.0,162,1.0,84
3090,-200.0,200,0.0,84
3091,-200.0,200,0.0,84
3092,-127.0,127,1.0,84
3093,-159.0,159,1.0,84
3094,-198.0,198,1.0,84
3095,-168.0,168,1.0,84
3096,-161.0,161,1.0,84
3097,-200.0,200,0.0,84
3098,-196.0,196,1.0,84
3099,-200.0,200,0.0,84
3100,-197.0,197,1.0,84
3101,-200.0,200,0.0,84
3102,-200.0,200,0.0,84
3103,-164.0,164,1.0,84
3104,-200.0,200,0.0,84
3105,-157.0,157,1.0,84
3106,-162.0,162,1.0,84
3107,-159.0,159,1.0,84
3108,-164.0,164,1.0,84
3109,-167.0,167,1.0,84
3110,-200.0,200,0.0,84
3111,-165.0,165,1.0,84
3112,-200.0,200,0.0,84
3113,-200.0,200,0.0,84
3114,-159.0,159,1.0,84
3115,-168.0,168,1.0,84
3116,-162.0,162,1.0,84
3117,-195.0,195,1.0,84
3118,-200.0,200,0.0,84
3119,-200.0,200,0.0,84
3120,-200.0,200,0.0,84
3121,-162.0,162,1.0,84
3122,-164.0,164,1.0,84
3123,-200.0,200,0.0,84
3124,-163.0,163,1.0,84
3125,-163.0,163,1.0,84
3126,-164.0,164,1.0,84
3127,-162.0,162,1.0,84
3128,-170.0,170,1.0,84
3129,-167.0,167,1.0,84
3130,-200.0,200,0.0,84
3131,-159.0,159,1.0,84
3132,-200.0,200,0.0,84
3133,-200.0,200,0.0,84
3134,-198.0,198,1.0,84
3135,-200.0,200,0.0,84
3136,-197.0,197,1.0,84
3137,-200.0,200,0.0,84
3138,-200.0,200,0.0,84
3139,-161.0,161,1.0,84
3140,-196.0,196,1.0,84
3141,-200.0,200,0.0,84
3142,-194.0,194,1.0,84
3143,-156.0,156,1.0,84
3144,-193.0,193,1.0,84
3145,-158.0,158,1.0,84
3146,-200.0,200,0.0,84
3147,-156.0,156,1.0,84
3148,-165.0,165,1.0,84
3149,-160.0,160,1.0,84
3150,-200.0,200,0.0,84
3151,-159.0,159,1.0,84
3152,-152.0,152,1.0,84
3153,-192.0,192,1.0,84
3154,-158.0,158,1.0,84
3155,-161.0,161,1.0,84
3156,-152.0,152,1.0,84
3157,-161.0,161,1.0,84
3158,-153.0,153,1.0,84
3159,-200.0,200,0.0,84
3160,-155.0,155,1.0,84
3161,-156.0,156,1.0,84
3162,-194.0,194,1.0,84
3163,-193.0,193,1.0,84
3164,-160.0,160,1.0,84
3165,-164.0,164,1.0,84
3166,-161.0,161,1.0,84
3167,-200.0,200,0.0,84
3168,-160.0,160,1.0,84
3169,-154.0,154,1.0,84
3170,-197.0,197,1.0,84
3171,-157.0,157,1.0,84
3172,-186.0,186,1.0,84
3173,-164.0,164,1.0,84
3174,-200.0,200,0.0,84
3175,-147.0,147,1.0,84
3176,-160.0,160,1.0,84
3177,-162.0,162,1.0,84
3178,-200.0,200,0.0,84
3179,-152.0,152,1.0,84
3180,-164.0,164,1.0,84
3181,-163.0,163,1.0,84
3182,-125.0,125,1.0,84
3183,-200.0,200,0.0,84
3184,-156.0,156,1.0,84
3185,-200.0,200,0.0,84
3186,-200.0,200,0.0,84
3187,-151.0,151,1.0,84
3188,-160.0,160,1.0,84
3189,-200.0,200,0.0,84
3190,-200.0,200,0.0,84
3191,-162.0,162,1.0,84
3192,-199.0,199,1.0,84
3193,-199.0,199,1.0,84
3194,-200.0,200,0.0,84
3195,-200.0,200,0.0,84
3196,-200.0,200,0.0,84
3197,-200.0,200,0.0,84
3198,-200.0,200,0.0,84
3199,-164.0,164,1.0,84
3200,-166.0,166,1.0,84
3201,-200.0,200,0.0,84
3202,-162.0,162,1.0,84
3203,-200.0,200,0.0,84
3204,-200.0,200,0.0,84
3205,-162.0,162,1.0,84
3206,-200.0,200,0.0,84
3207,-200.0,200,0.0,84
3208,-155.0,155,1.0,84
3209,-167.0,167,1.0,84
3210,-200.0,200,0.0,84
3211,-163.0,163,1.0,84
3212,-157.0,157,1.0,84
3213,-155.0,155,1.0,84
3214,-200.0,200,0.0,84
3215,-200.0,200,0.0,84
3216,-200.0,200,0.0,84
3217,-200.0,200,0.0,84
3218,-200.0,200,0.0,84
3219,-164.0,164,1.0,84
3220,-200.0,200,0.0,84
3221,-162.0,162,1.0,84
3222,-159.0,159,1.0,84
3223,-200.0,200,0.0,84
3224,-200.0,200,0.0,84
3225,-200.0,200,0.0,84
3226,-192.0,192,1.0,84
3227,-153.0,153,1.0,84
3228,-195.0,195,1.0,84
3229,-200.0,200,0.0,84
3230,-159.0,159,1.0,84
3231,-157.0,157,1.0,84
3232,-200.0,200,0.0,84
3233,-200.0,200,0.0,84
3234,-200.0,200,0.0,84
3235,-152.0,152,1.0,84
3236,-153.0,153,1.0,84
3237,-151.0,151,1.0,84
3238,-152.0,152,1.0,84
3239,-161.0,161,1.0,84
3240,-153.0,153,1.0,84
3241,-155.0,155,1.0,84
3242,-157.0,157,1.0,84
3243,-162.0,162,1.0,84
3244,-200.0,200,0.0,84
3245,-200.0,200,0.0,84
3246,-200.0,200,0.0,84
3247,-197.0,197,1.0,84
3248,-200.0,200,0.0,84
3249,-200.0,200,0.0,84
3250,-199.0,199,1.0,84
3251,-200.0,200,0.0,84
3252,-153.0,153,1.0,84
3253,-162.0,162,1.0,84
3254,-162.0,162,1.0,84
3255,-200.0,200,0.0,84
3256,-157.0,157,1.0,84
3257,-164.0,164,1.0,84
3258,-192.0,192,1.0,84
3259,-200.0,200,0.0,84
3260,-200.0,200,0.0,84
3261,-200.0,200,0.0,84
3262,-200.0,200,0.0,84
3263,-200.0,200,0.0,84
3264,-192.0,192,1.0,84
3265,-200.0,200,0.0,84
3266,-200.0,200,0.0,84
3267,-192.0,192,1.0,84
3268,-199.0,199,1.0,84
3269,-198.0,198,1.0,84
3270,-200.0,200,0.0,84
3271,-200.0,200,0.0,84
3272,-199.0,199,1.0,84
3273,-200.0,200,0.0,84
3274,-200.0,200,0.0,84
3275,-188.0,188,1.0,84
3276,-162.0,162,1.0,84
3277,-194.0,194,1.0,84
3278,-199.0,199,1.0,84
3279,-200.0,200,0.0,84
3280,-194.0,194,1.0,84
3281,-200.0,200,0.0,84
3282,-200.0,200,0.0,84
3283,-200.0,200,0.0,84
3284,-158.0,158,1.0,84
3285,-200.0,200,0.0,84
3286,-200.0,200,0.0,84
3287,-200.0,200,0.0,84
3288,-200.0,200,0.0,84
3289,-200.0,200,0.0,84
3290,-200.0,200,0.0,84
3291,-200.0,200,0.0,84
3292,-200.0,200,0.0,84
3293,-200.0,200,0.0,84
3294,-200.0,200,0.0,84
3295,-200.0,200,0.0,84
3296,-200.0,200,0.0,84
3297,-167.0,167,1.0,84
3298,-200.0,200,0.0,84
3299,-200.0,200,0.0,84
3300,-200.0,200,0.0,84
3301,-200.0,200,0.0,84
3302,-190.0,190,1.0,84
3303,-200.0,200,0.0,84
3304,-200.0,200,0.0,84
3305,-200.0,200,0.0,84
3306,-200.0,200,0.0,84
3307,-200.0,200,0.0,84
3308,-190.0,190,1.0,84
3309,-200.0,200,0.0,84
3310,-200.0,200,0.0,84
3311,-200.0,200,0.0,84
3312,-190.0,190,1.0,84
3313,-159.0,159,1.0,84
3314,-183.0,183,1.0,84
3315,-199.0,199,1.0,84
3316,-194.0,194,1.0,84
3317,-191.0,191,1.0,84
3318,-200.0,200,0.0,84
3319,-200.0,200,0.0,84
3320,-200.0,200,0.0,84
3321,-200.0,200,0.0,84
3322,-188.0,188,1.0,84
3323,-189.0,189,1.0,84
3324,-200.0,200,0.0,84
3325,-200.0,200,0.0,84
3326,-200.0,200,0.0,84
3327,-200.0,200,0.0,84
3328,-200.0,200,0.0,84
3329,-159.0,159,1.0,84
3330,-200.0,200,0.0,84
3331,-200.0,200,0.0,84
3332,-200.0,200,0.0,84
3333,-195.0,195,1.0,84
3334,-194.0,194,1.0,84
3335,-200.0,200,0.0,84
3336,-200.0,200,0.0,84
3337,-200.0,200,0.0,84
3338,-194.0,194,1.0,84
3339,-200.0,200,0.0,84
3340,-200.0,200,0.0,84
3341,-200.0,200,0.0,84
3342,-200.0,200,0.0,84
3343,-200.0,200,0.0,84
3344,-200.0,200,0.0,84
3345,-200.0,200,0.0,84
3346,-187.0,187,1.0,84
3347,-200.0,200,0.0,84
3348,-165.0,165,1.0,84
3349,-200.0,200,0.0,84
3350,-200.0,200,0.0,84
3351,-191.0,191,1.0,84
3352,-200.0,200,0.0,84
3353,-200.0,200,0.0,84
3354,-200.0,200,0.0,84
3355,-200.0,200,0.0,84
3356,-170.0,170,1.0,84
3357,-200.0,200,0.0,84
3358,-200.0,200,0.0,84
3359,-200.0,200,0.0,84
3360,-200.0,200,0.0,84
3361,-200.0,200,0.0,84
3362,-200.0,200,0.0,84
3363,-200.0,200,0.0,84
3364,-200.0,200,0.0,84
3365,-200.0,200,0.0,84
3366,-162.0,162,1.0,84
3367,-200.0,200,0.0,84
3368,-200.0,200,0.0,84
3369,-200.0,200,0.0,84
3370,-200.0,200,0.0,84
3371,-200.0,200,0.0,84
3372,-200.0,200,0.0,84
3373,-194.0,194,1.0,84
3374,-200.0,200,0.0,84
3375,-200.0,200,0.0,84
3376,-187.0,187,1.0,84
3377,-200.0,200,0.0,84
3378,-200.0,200,0.0,84
3379,-200.0,200,0.0,84
3380,-200.0,200,0.0,84
3381,-189.0,189,1.0,84
3382,-159.0,159,1.0,84
3383,-200.0,200,0.0,84
3384,-159.0,159,1.0,84
3385,-156.0,156,1.0,84
3386,-200.0,200,0.0,84
3387,-200.0,200,0.0,84
3388,-200.0,200,0.0,84
3389,-193.0,193,1.0,84
3390,-161.0,161,1.0,84
3391,-197.0,197,1.0,84
3392,-200.0,200,0.0,84
3393,-200.0,200,0.0,84
3394,-200.0,200,0.0,84
3395,-200.0,200,0.0,84
3396,-179.0,179,1.0,84
3397,-200.0,200,0.0,84
3398,-159.0,159,1.0,84
3399,-157.0,157,1.0,84
3400,-200.0,200,0.0,84
3401,-189.0,189,1.0,84
3402,-200.0,200,0.0,84
3403,-158.0,158,1.0,84
3404,-200.0,200,0.0,84
3405,-200.0,200,0.0,84
3406,-200.0,200,0.0,84
3407,-200.0,200,0.0,84
3408,-190.0,190,1.0,84
3409,-160.0,160,1.0,84
3410,-200.0,200,0.0,84
3411,-200.0,200,0.0,84
3412,-187.0,187,1.0,84
3413,-156.0,156,1.0,84
3414,-152.0,152,1.0,84
3415,-155.0,155,1.0,84
3416,-169.0,169,1.0,84
3417,-200.0,200,0.0,84
3418,-175.0,175,1.0,84
3419,-169.0,169,1.0,84
3420,-182.0,182,1.0,84
3421,-152.0,152,1.0,84
3422,-164.0,164,1.0,84
3423,-193.0,193,1.0,84
3424,-167.0,167,1.0,84
3425,-192.0,192,1.0,84
3426,-173.0,173,1.0,84
3427,-164.0,164,1.0,84
3428,-185.0,185,1.0,84
3429,-192.0,192,1.0,84
3430,-166.0,166,1.0,84
3431,-192.0,192,1.0,84
3432,-160.0,160,1.0,84
3433,-200.0,200,0.0,84
3434,-200.0,200,0.0,84
3435,-159.0,159,1.0,84
3436,-191.0,191,1.0,84
3437,-163.0,163,1.0,84
3438,-156.0,156,1.0,84
3439,-185.0,185,1.0,84
3440,-200.0,200,0.0,84
3441,-196.0,196,1.0,84
3442,-193.0,193,1.0,84
3443,-174.0,174,1.0,84
3444,-200.0,200,0.0,84
3445,-189.0,189,1.0,84
3446,-189.0,189,1.0,84
3447,-181.0,181,1.0,84
3448,-168.0,168,1.0,84
3449,-167.0,167,1.0,84
3450,-157.0,157,1.0,84
3451,-194.0,194,1.0,84
3452,-163.0,163,1.0,84
3453,-167.0,167,1.0,84
3454,-166.0,166,1.0,84
3455,-161.0,161,1.0,84
3456,-200.0,200,0.0,84
3457,-198.0,198,1.0,84
3458,-194.0,194,1.0,84
3459,-200.0,200,0.0,84
3460,-195.0,195,1.0,84
3461,-200.0,200,0.0,84
3462,-193.0,193,1.0,84
3463,-165.0,165,1.0,84
3464,-200.0,200,0.0,84
3465,-200.0,200,0.0,84
3466,-184.0,184,1.0,84
3467,-200.0,200,0.0,84
3468,-186.0,186,1.0,84
3469,-162.0,162,1.0,84
3470,-166.0,166,1.0,84
3471,-165.0,165,1.0,84
3472,-185.0,185,1.0,84
3473,-191.0,191,1.0,84
3474,-197.0,197,1.0,84
3475,-200.0,200,0.0,84
3476,-164.0,164,1.0,84
3477,-197.0,197,1.0,84
3478,-193.0,193,1.0,84
3479,-164.0,164,1.0,84
3480,-200.0,200,0.0,84
3481,-200.0,200,0.0,84
3482,-171.0,171,1.0,84
3483,-200.0,200,0.0,84
3484,-200.0,200,0.0,84
3485,-192.0,192,1.0,84
3486,-200.0,200,0.0,84
3487,-167.0,167,1.0,84
3488,-200.0,200,0.0,84
3489,-200.0,200,0.0,84
3490,-200.0,200,0.0,84
3491,-200.0,200,0.0,84
3492,-165.0,165,1.0,84
3493,-190.0,190,1.0,84
3494,-196.0,196,1.0,84
3495,-200.0,200,0.0,84
3496,-200.0,200,0.0,84
3497,-200.0,200,0.0,84
3498,-167.0,167,1.0,84
3499,-200.0,200,0.0,84
3500,-200.0,200,0.0,84
3501,-200.0,200,0.0,84
3502,-200.0,200,0.0,84
3503,-200.0,200,0.0,84
3504,-200.0,200,0.0,84
3505,-200.0,200,0.0,84
3506,-200.0,200,0.0,84
3507,-167.0,167,1.0,84
3508,-200.0,200,0.0,84
3509,-200.0,200,0.0,84
3510,-165.0,165,1.0,84
3511,-164.0,164,1.0,84
3512,-165.0,165,1.0,84
3513,-173.0,173,1.0,84
3514,-172.0,172,1.0,84
3515,-200.0,200,0.0,84
3516,-200.0,200,0.0,84
3517,-200.0,200,0.0,84
3518,-169.0,169,1.0,84
3519,-200.0,200,0.0,84
3520,-167.0,167,1.0,84
3521,-200.0,200,0.0,84
3522,-167.0,167,1.0,84
3523,-200.0,200,0.0,84
3524,-200.0,200,0.0,84
3525,-200.0,200,0.0,84
3526,-200.0,200,0.0,84
3527,-168.0,168,1.0,84
3528,-200.0,200,0.0,84
3529,-200.0,200,0.0,84
3530,-200.0,200,0.0,84
3531,-174.0,174,1.0,84
3532,-200.0,200,0.0,84
3533,-200.0,200,0.0,84
3534,-200.0,200,0.0,84
3535,-200.0,200,0.0,84
3536,-200.0,200,0.0,84
3537,-200.0,200,0.0,84
3538,-200.0,200,0.0,84
3539,-200.0,200,0.0,84
3540,-200.0,200,0.0,84
3541,-200.0,200,0.0,84
3542,-200.0,200,0.0,84
3543,-167.0,167,1.0,84
3544,-200.0,200,0.0,84
3545,-200.0,200,0.0,84
3546,-168.0,168,1.0,84
3547,-200.0,200,0.0,84
3548,-159.0,159,1.0,84
3549,-200.0,200,0.0,84
3550,-159.0,159,1.0,84
3551,-200.0,200,0.0,84
3552,-197.0,197,1.0,84
3553,-200.0,200,0.0,84
3554,-200.0,200,0.0,84
3555,-167.0,167,1.0,84
3556,-174.0,174,1.0,84
3557,-165.0,165,1.0,84
3558,-200.0,200,0.0,84
3559,-200.0,200,0.0,84
3560,-163.0,163,1.0,84
3561,-162.0,162,1.0,84
3562,-166.0,166,1.0,84
3563,-200.0,200,0.0,84
3564,-200.0,200,0.0,84
3565,-171.0,171,1.0,84
3566,-200.0,200,0.0,84
3567,-200.0,200,0.0,84
3568,-168.0,168,1.0,84
3569,-174.0,174,1.0,84
3570,-200.0,200,0.0,84
3571,-200.0,200,0.0,84
3572,-200.0,200,0.0,84
3573,-200.0,200,0.0,84
3574,-200.0,200,0.0,84
3575,-169.0,169,1.0,84
3576,-155.0,155,1.0,84
3577,-173.0,173,1.0,84
3578,-178.0,178,1.0,84
3579,-162.0,162,1.0,84
3580,-179.0,179,1.0,84
3581,-170.0,170,1.0,84
3582,-153.0,153,1.0,84
3583,-158.0,158,1.0,84
3584,-200.0,200,0.0,84
3585,-169.0,169,1.0,84
3586,-200.0,200,0.0,84
3587,-200.0,200,0.0,84
3588,-200.0,200,0.0,84
3589,-200.0,200,0.0,84
3590,-169.0,169,1.0,84
3591,-200.0,200,0.0,84
3592,-200.0,200,0.0,84
3593,-200.0,200,0.0,84
3594,-163.0,163,1.0,84
3595,-195.0,195,1.0,84
3596,-200.0,200,0.0,84
3597,-200.0,200,0.0,84
3598,-200.0,200,0.0,84
3599,-200.0,200,0.0,84
3600,-199.0,199,1.0,84
3601,-200.0,200,0.0,84
3602,-197.0,197,1.0,84
3603,-200.0,200,0.0,84
3604,-200.0,200,0.0,84
3605,-200.0,200,0.0,84
3606,-200.0,200,0.0,84
3607,-200.0,200,0.0,84
3608,-196.0,196,1.0,84
3609,-200.0,200,0.0,84
3610,-196.0,196,1.0,84
3611,-200.0,200,0.0,84
3612,-165.0,165,1.0,84
3613,-200.0,200,0.0,84
3614,-200.0,200,0.0,84
3615,-200.0,200,0.0,84
3616,-200.0,200,0.0,84
3617,-200.0,200,0.0,84
3618,-195.0,195,1.0,84
3619,-200.0,200,0.0,84
3620,-200.0,200,0.0,84
3621,-200.0,200,0.0,84
3622,-200.0,200,0.0,84
3623,-200.0,200,0.0,84
3624,-177.0,177,1.0,84
3625,-200.0,200,0.0,84
3626,-200.0,200,0.0,84
3627,-200.0,200,0.0,84
3628,-182.0,182,1.0,84
3629,-177.0,177,1.0,84
3630,-196.0,196,1.0,84
3631,-162.0,162,1.0,84
3632,-200.0,200,0.0,84
3633,-200.0,200,0.0,84
3634,-200.0,200,0.0,84
3635,-200.0,200,0.0,84
3636,-200.0,200,0.0,84
3637,-200.0,200,0.0,84
3638,-195.0,195,1.0,84
3639,-200.0,200,0.0,84
3640,-200.0,200,0.0,84
3641,-199.0,199,1.0,84
3642,-200.0,200,0.0,84
3643,-163.0,163,1.0,84
3644,-200.0,200,0.0,84
3645,-200.0,200,0.0,84
3646,-200.0,200,0.0,84
3647,-200.0,200,0.0,84
3648,-200.0,200,0.0,84
3649,-200.0,200,0.0,84
3650,-200.0,200,0.0,84
3651,-200.0,200,0.0,84
3652,-200.0,200,0.0,84
3653,-200.0,200,0.0,84
3654,-200.0,200,0.0,84
3655,-200.0,200,0.0,84
3656,-200.0,200,0.0,84
3657,-200.0,200,0.0,84
3658,-200.0,200,0.0,84
3659,-200.0,200,0.0,84
3660,-200.0,200,0.0,84
3661,-165.0,165,1.0,84
3662,-200.0,200,0.0,84
3663,-198.0,198,1.0,84
3664,-200.0,200,0.0,84
3665,-200.0,200,0.0,84
3666,-200.0,200,0.0,84
3667,-200.0,200,0.0,84
3668,-200.0,200,0.0,84
3669,-162.0,162,1.0,84
3670,-200.0,200,0.0,84
3671,-200.0,200,0.0,84
3672,-200.0,200,0.0,84
3673,-160.0,160,1.0,84
3674,-161.0,161,1.0,84
3675,-200.0,200,0.0,84
3676,-200.0,200,0.0,84
3677,-197.0,197,1.0,84
3678,-173.0,173,1.0,84
3679,-169.0,169,1.0,84
3680,-200.0,200,0.0,84
3681,-200.0,200,0.0,84
3682,-194.0,194,1.0,84
3683,-200.0,200,0.0,84
3684,-190.0,190,1.0,84
3685,-160.0,160,1.0,84
3686,-194.0,194,1.0,84
3687,-168.0,168,1.0,84
3688,-194.0,194,1.0,84
3689,-158.0,158,1.0,84
3690,-199.0,199,1.0,84
3691,-167.0,167,1.0,84
3692,-163.0,163,1.0,84
3693,-158.0,158,1.0,84
3694,-200.0,200,0.0,84
3695,-194.0,194,1.0,84
3696,-200.0,200,0.0,84
3697,-200.0,200,0.0,84
3698,-200.0,200,0.0,84
3699,-200.0,200,0.0,84
3700,-200.0,200,0.0,84
3701,-178.0,178,1.0,84
3702,-200.0,200,0.0,84
3703,-200.0,200,0.0,84
3704,-200.0,200,0.0,84
3705,-200.0,200,0.0,84
3706,-200.0,200,0.0,84
3707,-200.0,200,0.0,84
3708,-155.0,155,1.0,84
3709,-200.0,200,0.0,84
3710,-200.0,200,0.0,84
3711,-200.0,200,0.0,84
3712,-200.0,200,0.0,84
3713,-200.0,200,0.0,84
3714,-200.0,200,0.0,84
3715,-200.0,200,0.0,84
3716,-200.0,200,0.0,84
3717,-200.0,200,0.0,84
3718,-200.0,200,0.0,84
3719,-200.0,200,0.0,84
3720,-200.0,200,0.0,84
3721,-169.0,169,1.0,84
3722,-200.0,200,0.0,84
3723,-200.0,200,0.0,84
3724,-192.0,192,1.0,84
3725,-200.0,200,0.0,84
3726,-200.0,200,0.0,84
3727,-200.0,200,0.0,84
3728,-200.0,200,0.0,84
3729,-200.0,200,0.0,84
3730,-200.0,200,0.0,84
3731,-197.0,197,1.0,84
3732,-200.0,200,0.0,84
3733,-200.0,200,0.0,84
3734,-200.0,200,0.0,84
3735,-200.0,200,0.0,84
3736,-200.0,200,0.0,84
3737,-200.0,200,0.0,84
3738,-200.0,200,0.0,84
3739,-200.0,200,0.0,84
3740,-200.0,200,0.0,84
3741,-200.0,200,0.0,84
3742,-192.0,192,1.0,84
3743,-200.0,200,0.0,84
3744,-200.0,200,0.0,84
3745,-200.0,200,0.0,84
3746,-200.0,200,0.0,84
3747,-200.0,200,0.0,84
3748,-200.0,200,0.0,84
3749,-200.0,200,0.0,84
3750,-200.0,200,0.0,84
3751,-200.0,200,0.0,84
3752,-200.0,200,0.0,84
3753,-200.0,200,0.0,84
3754,-200.0,200,0.0,84
3755,-200.0,200,0.0,84
3756,-198.0,198,1.0,84
3757,-192.0,192,1.0,84
3758,-200.0,200,0.0,84
3759,-184.0,184,1.0,84
3760,-200.0,200,0.0,84
3761,-200.0,200,0.0,84
3762,-200.0,200,0.0,84
3763,-200.0,200,0.0,84
3764,-200.0,200,0.0,84
3765,-200.0,200,0.0,84
3766,-163.0,163,1.0,84
3767,-200.0,200,0.0,84
3768,-200.0,200,0.0,84
3769,-199.0,199,1.0,84
3770,-200.0,200,0.0,84
3771,-200.0,200,0.0,84
3772,-200.0,200,0.0,84
3773,-200.0,200,0.0,84
3774,-200.0,200,0.0,84
3775,-200.0,200,0.0,84
3776,-200.0,200,0.0,84
3777,-191.0,191,1.0,84
3778,-187.0,187,1.0,84
3779,-200.0,200,0.0,84
3780,-200.0,200,0.0,84
3781,-200.0,200,0.0,84
3782,-161.0,161,1.0,84
3783,-161.0,161,1.0,84
3784,-183.0,183,1.0,84
3785,-200.0,200,0.0,84
3786,-200.0,200,0.0,84
3787,-200.0,200,0.0,84
3788,-200.0,200,0.0,84
3789,-188.0,188,1.0,84
3790,-200.0,200,0.0,84
3791,-193.0,193,1.0,84
3792,-200.0,200,0.0,84
3793,-193.0,193,1.0,84
3794,-200.0,200,0.0,84
3795,-191.0,191,1.0,84
3796,-189.0,189,1.0,84
3797,-200.0,200,0.0,84
3798,-188.0,188,1.0,84
3799,-165.0,165,1.0,84
3800,-200.0,200,0.0,84
3801,-192.0,192,1.0,84
3802,-193.0,193,1.0,84
3803,-189.0,189,1.0,84
3804,-188.0,188,1.0,84
3805,-163.0,163,1.0,84
3806,-160.0,160,1.0,84
3807,-181.0,181,1.0,84
3808,-179.0,179,1.0,84
3809,-186.0,186,1.0,84
3810,-192.0,192,1.0,84
3811,-172.0,172,1.0,84
3812,-200.0,200,0.0,84
3813,-164.0,164,1.0,84
3814,-162.0,162,1.0,84
3815,-161.0,161,1.0,84
3816,-185.0,185,1.0,84
3817,-151.0,151,1.0,84
3818,-186.0,186,1.0,84
3819,-150.0,150,1.0,84
3820,-200.0,200,0.0,84
3821,-200.0,200,0.0,84
3822,-181.0,181,1.0,84
3823,-188.0,188,1.0,84
3824,-200.0,200,0.0,84
3825,-167.0,167,1.0,84
3826,-200.0,200,0.0,84
3827,-196.0,196,1.0,84
3828,-191.0,191,1.0,84
3829,-179.0,179,1.0,84
3830,-200.0,200,0.0,84
3831,-199.0,199,1.0,84
3832,-195.0,195,1.0,84
3833,-200.0,200,0.0,84
3834,-189.0,189,1.0,84
3835,-200.0,200,0.0,84
3836,-165.0,165,1.0,84
3837,-197.0,197,1.0,84
3838,-186.0,186,1.0,84
3839,-189.0,189,1.0,84
3840,-190.0,190,1.0,84
3841,-199.0,199,1.0,84
3842,-159.0,159,1.0,84
3843,-200.0,200,0.0,84
3844,-180.0,180,1.0,84
3845,-184.0,184,1.0,84
3846,-200.0,200,0.0,84
3847,-183.0,183,1.0,84
3848,-195.0,195,1.0,84
3849,-188.0,188,1.0,84
3850,-188.0,188,1.0,84
3851,-198.0,198,1.0,84
3852,-175.0,175,1.0,84
3853,-176.0,176,1.0,84
3854,-196.0,196,1.0,84
3855,-162.0,162,1.0,84
3856,-200.0,200,0.0,84
3857,-182.0,182,1.0,84
3858,-156.0,156,1.0,84
3859,-169.0,169,1.0,84
3860,-188.0,188,1.0,84
3861,-166.0,166,1.0,84
3862,-165.0,165,1.0,84
3863,-163.0,163,1.0,84
3864,-154.0,154,1.0,84
3865,-200.0,200,0.0,84
3866,-200.0,200,0.0,84
3867,-200.0,200,0.0,84
3868,-200.0,200,0.0,84
3869,-172.0,172,1.0,84
3870,-194.0,194,1.0,84
3871,-200.0,200,0.0,84
3872,-186.0,186,1.0,84
3873,-187.0,187,1.0,84
3874,-163.0,163,1.0,84
3875,-200.0,200,0.0,84
3876,-200.0,200,0.0,84
3877,-172.0,172,1.0,84
3878,-174.0,174,1.0,84
3879,-200.0,200,0.0,84
3880,-172.0,172,1.0,84
3881,-200.0,200,0.0,84
3882,-200.0,200,0.0,84
3883,-200.0,200,0.0,84
3884,-200.0,200,0.0,84
3885,-169.0,169,1.0,84
3886,-200.0,200,0.0,84
3887,-200.0,200,0.0,84
3888,-163.0,163,1.0,84
3889,-168.0,168,1.0,84
3890,-164.0,164,1.0,84
3891,-167.0,167,1.0,84
3892,-200.0,200,0.0,84
3893,-161.0,161,1.0,84
3894,-200.0,200,0.0,84
3895,-171.0,171,1.0,84
3896,-200.0,200,0.0,84
3897,-200.0,200,0.0,84
3898,-200.0,200,0.0,84
3899,-167.0,167,1.0,84
3900,-200.0,200,0.0,84
3901,-200.0,200,0.0,84
3902,-200.0,200,0.0,84
3903,-200.0,200,0.0,84
3904,-200.0,200,0.0,84
3905,-200.0,200,0.0,84
3906,-158.0,158,1.0,84
3907,-200.0,200,0.0,84
3908,-196.0,196,1.0,84
3909,-161.0,161,1.0,84
3910,-165.0,165,1.0,84
3911,-165.0,165,1.0,84
3912,-190.0,190,1.0,84
3913,-164.0,164,1.0,84
3914,-171.0,171,1.0,84
3915,-200.0,200,0.0,84
3916,-192.0,192,1.0,84
3917,-200.0,200,0.0,84
3918,-174.0,174,1.0,84
3919,-200.0,200,0.0,84
3920,-172.0,172,1.0,84
3921,-170.0,170,1.0,84
3922,-200.0,200,0.0,84
3923,-200.0,200,0.0,84
3924,-200.0,200,0.0,84
3925,-200.0,200,0.0,84
3926,-170.0,170,1.0,84
3927,-200.0,200,0.0,84
3928,-200.0,200,0.0,84
3929,-159.0,159,1.0,84
3930,-200.0,200,0.0,84
3931,-200.0,200,0.0,84
3932,-196.0,196,1.0,84
3933,-200.0,200,0.0,84
3934,-200.0,200,0.0,84
3935,-200.0,200,0.0,84
3936,-200.0,200,0.0,84
3937,-200.0,200,0.0,84
3938,-164.0,164,1.0,84
3939,-200.0,200,0.0,84
3940,-200.0,200,0.0,84
3941,-200.0,200,0.0,84
3942,-200.0,200,0.0,84
3943,-200.0,200,0.0,84
3944,-200.0,200,0.0,84
3945,-200.0,200,0.0,84
3946,-200.0,200,0.0,84
3947,-167.0,167,1.0,84
3948,-200.0,200,0.0,84
3949,-200.0,200,0.0,84
3950,-200.0,200,0.0,84
3951,-200.0,200,0.0,84
3952,-200.0,200,0.0,84
3953,-200.0,200,0.0,84
3954,-200.0,200,0.0,84
3955,-200.0,200,0.0,84
3956,-200.0,200,0.0,84
3957,-200.0,200,0.0,84
3958,-200.0,200,0.0,84
3959,-190.0,190,1.0,84
3960,-200.0,200,0.0,84
3961,-200.0,200,0.0,84
3962,-200.0,200,0.0,84
3963,-200.0,200,0.0,84
3964,-163.0,163,1.0,84
3965,-200.0,200,0.0,84
3966,-183.0,183,1.0,84
3967,-200.0,200,0.0,84
3968,-192.0,192,1.0,84
3969,-171.0,171,1.0,84
3970,-200.0,200,0.0,84
3971,-200.0,200,0.0,84
3972,-200.0,200,0.0,84
3973,-200.0,200,0.0,84
3974,-200.0,200,0.0,84
3975,-200.0,200,0.0,84
3976,-200.0,200,0.0,84
3977,-200.0,200,0.0,84
3978,-200.0,200,0.0,84
3979,-200.0,200,0.0,84
3980,-200.0,200,0.0,84
3981,-200.0,200,0.0,84
3982,-200.0,200,0.0,84
3983,-200.0,200,0.0,84
3984,-200.0,200,0.0,84
3985,-200.0,200,0.0,84
3986,-200.0,200,0.0,84
3987,-200.0,200,0.0,84
3988,-200.0,200,0.0,84
3989,-200.0,200,0.0,84
3990,-200.0,200,0.0,84
3991,-200.0,200,0.0,84
3992,-200.0,200,0.0,84
3993,-200.0,200,0.0,84
3994,-200.0,200,0.0,84
3995,-200.0,200,0.0,84
3996,-200.0,200,0.0,84
3997,-200.0,200,0.0,84
3998,-200.0,200,0.0,84
3999,-200.0,200,0.0,84
4000,-200.0,200,0.0,84
4001,-200.0,200,0.0,84
4002,-200.0,200,0.0,84
4003,-194.0,194,1.0,84
4004,-200.0,200,0.0,84
4005,-200.0,200,0.0,84
4006,-200.0,200,0.0,84
4007,-200.0,200,0.0,84
4008,-200.0,200,0.0,84
4009,-200.0,200,0.0,84
4010,-200.0,200,0.0,84
4011,-200.0,200,0.0,84
4012,-200.0,200,0.0,84
4013,-200.0,200,0.0,84
4014,-200.0,200,0.0,84
4015,-200.0,200,0.0,84
4016,-200.0,200,0.0,84
4017,-200.0,200,0.0,84
4018,-200.0,200,0.0,84
4019,-200.0,200,0.0,84
4020,-200.0,200,0.0,84
4021,-200.0,200,0.0,84
4022,-200.0,200,0.0,84
4023,-200.0,200,0.0,84
4024,-200.0,200,0.0,84
4025,-200.0,200,0.0,84
4026,-200.0,200,0.0,84
4027,-200.0,200,0.0,84
4028,-200.0,200,0.0,84
4029,-200.0,200,0.0,84
4030,-200.0,200,0.0,84
4031,-172.0,172,1.0,84
4032,-200.0,200,0.0,84
4033,-200.0,200,0.0,84
4034,-200.0,200,0.0,84
4035,-200.0,200,0.0,84
4036,-169.0,169,1.0,84
4037,-200.0,200,0.0,84
4038,-200.0,200,0.0,84
4039,-200.0,200,0.0,84
4040,-200.0,200,0.0,84
4041,-200.0,200,0.0,84
4042,-167.0,167,1.0,84
4043,-170.0,170,1.0,84
4044,-200.0,200,0.0,84
4045,-200.0,200,0.0,84
4046,-200.0,200,0.0,84
4047,-200.0,200,0.0,84
4048,-200.0,200,0.0,84
4049,-200.0,200,0.0,84
4050,-200.0,200,0.0,84
4051,-200.0,200,0.0,84
4052,-200.0,200,0.0,84
4053,-200.0,200,0.0,84
4054,-200.0,200,0.0,84
4055,-200.0,200,0.0,84
4056,-200.0,200,0.0,84
4057,-170.0,170,1.0,84
4058,-200.0,200,0.0,84
4059,-165.0,165,1.0,84
4060,-200.0,200,0.0,84
4061,-200.0,200,0.0,84
4062,-200.0,200,0.0,84
4063,-167.0,167,1.0,84
4064,-200.0,200,0.0,84
4065,-200.0,200,0.0,84
4066,-200.0,200,0.0,84
4067,-200.0,200,0.0,84
4068,-200.0,200,0.0,84
4069,-200.0,200,0.0,84
4070,-200.0,200,0.0,84
4071,-200.0,200,0.0,84
4072,-200.0,200,0.0,84
4073,-200.0,200,0.0,84
4074,-200.0,200,0.0,84
4075,-200.0,200,0.0,84
4076,-200.0,200,0.0,84
4077,-200.0,200,0.0,84
4078,-200.0,200,0.0,84
4079,-200.0,200,0.0,84
4080,-200.0,200,0.0,84
4081,-171.0,171,1.0,84
4082,-200.0,200,0.0,84
4083,-200.0,200,0.0,84
4084,-200.0,200,0.0,84
4085,-200.0,200,0.0,84
4086,-200.0,200,0.0,84
4087,-200.0,200,0.0,84
4088,-200.0,200,0.0,84
4089,-179.0,179,1.0,84
4090,-200.0,200,0.0,84
4091,-200.0,200,0.0,84
4092,-200.0,200,0.0,84
4093,-200.0,200,0.0,84
4094,-200.0,200,0.0,84
4095,-200.0,200,0.0,84
4096,-168.0,168,1.0,84
4097,-200.0,200,0.0,84
4098,-200.0,200,0.0,84
4099,-200.0,200,0.0,84
4100,-200.0,200,0.0,84
4101,-190.0,190,1.0,84
4102,-200.0,200,0.0,84
4103,-178.0,178,1.0,84
4104,-200.0,200,0.0,84
4105,-200.0,200,0.0,84
4106,-200.0,200,0.0,84
4107,-200.0,200,0.0,84
4108,-200.0,200,0.0,84
4109,-164.0,164,1.0,84
4110,-200.0,200,0.0,84
4111,-200.0,200,0.0,84
4112,-200.0,200,0.0,84
4113,-200.0,200,0.0,84
4114,-200.0,200,0.0,84
4115,-165.0,165,1.0,84
4116,-200.0,200,0.0,84
4117,-200.0,200,0.0,84
4118,-200.0,200,0.0,84
4119,-200.0,200,0.0,84
4120,-200.0,200,0.0,84
4121,-187.0,187,1.0,84
4122,-200.0,200,0.0,84
4123,-200.0,200,0.0,84
4124,-200.0,200,0.0,84
4125,-200.0,200,0.0,84
4126,-200.0,200,0.0,84
4127,-200.0,200,0.0,84
4128,-200.0,200,0.0,84
4129,-200.0,200,0.0,84
4130,-200.0,200,0.0,84
4131,-200.0,200,0.0,84
4132,-200.0,200,0.0,84
4133,-200.0,200,0.0,84
4134,-200.0,200,0.0,84
4135,-200.0,200,0.0,84
4136,-200.0,200,0.0,84
4137,-170.0,170,1.0,84
4138,-200.0,200,0.0,84
4139,-200.0,200,0.0,84
4140,-170.0,170,1.0,84
4141,-183.0,183,1.0,84
4142,-165.0,165,1.0,84
4143,-200.0,200,0.0,84
4144,-164.0,164,1.0,84
4145,-200.0,200,0.0,84
4146,-171.0,171,1.0,84
4147,-197.0,197,1.0,84
4148,-200.0,200,0.0,84
4149,-180.0,180,1.0,84
4150,-197.0,197,1.0,84
4151,-163.0,163,1.0,84
4152,-164.0,164,1.0,84
4153,-166.0,166,1.0,84
4154,-200.0,200,0.0,84
4155,-200.0,200,0.0,84
4156,-195.0,195,1.0,84
4157,-196.0,196,1.0,84
4158,-198.0,198,1.0,84
4159,-200.0,200,0.0,84
4160,-200.0,200,0.0,84
4161,-200.0,200,0.0,84
4162,-166.0,166,1.0,84
4163,-167.0,167,1.0,84
4164,-200.0,200,0.0,84
4165,-200.0,200,0.0,84
4166,-200.0,200,0.0,84
4167,-176.0,176,1.0,84
4168,-174.0,174,1.0,84
4169,-168.0,168,1.0,84
4170,-200.0,200,0.0,84
4171,-174.0,174,1.0,84
4172,-200.0,200,0.0,84
4173,-200.0,200,0.0,84
4174,-168.0,168,1.0,84
4175,-164.0,164,1.0,84
4176,-200.0,200,0.0,84
4177,-165.0,165,1.0,84
4178,-200.0,200,0.0,84
4179,-200.0,200,0.0,84
4180,-200.0,200,0.0,84
4181,-167.0,167,1.0,84
4182,-155.0,155,1.0,84
4183,-200.0,200,0.0,84
4184,-200.0,200,0.0,84
4185,-167.0,167,1.0,84
4186,-161.0,161,1.0,84
4187,-200.0,200,0.0,84
4188,-200.0,200,0.0,84
4189,-200.0,200,0.0,84
4190,-200.0,200,0.0,84
4191,-199.0,199,1.0,84
4192,-160.0,160,1.0,84
4193,-200.0,200,0.0,84
4194,-159.0,159,1.0,84
4195,-200.0,200,0.0,84
4196,-164.0,164,1.0,84
4197,-200.0,200,0.0,84
4198,-200.0,200,0.0,84
4199,-162.0,162,1.0,84
4200,-128.0,128,1.0,84
4201,-197.0,197,1.0,84
4202,-200.0,200,0.0,84
4203,-171.0,171,1.0,84
4204,-200.0,200,0.0,84
4205,-200.0,200,0.0,84
4206,-200.0,200,0.0,84
4207,-200.0,200,0.0,84
4208,-200.0,200,0.0,84
4209,-198.0,198,1.0,84
4210,-197.0,197,1.0,84
4211,-200.0,200,0.0,84
4212,-200.0,200,0.0,84
4213,-198.0,198,1.0,84
4214,-200.0,200,0.0,84
4215,-161.0,161,1.0,84
4216,-200.0,200,0.0,84
4217,-200.0,200,0.0,84
4218,-200.0,200,0.0,84
4219,-157.0,157,1.0,84
4220,-200.0,200,0.0,84
4221,-200.0,200,0.0,84
4222,-200.0,200,0.0,84
4223,-163.0,163,1.0,84
4224,-163.0,163,1.0,84
4225,-198.0,198,1.0,84
4226,-200.0,200,0.0,84
4227,-200.0,200,0.0,84
4228,-200.0,200,0.0,84
4229,-200.0,200,0.0,84
4230,-160.0,160,1.0,84
4231,-200.0,200,0.0,84
4232,-200.0,200,0.0,84
4233,-200.0,200,0.0,84
4234,-200.0,200,0.0,84
4235,-200.0,200,0.0,84
4236,-200.0,200,0.0,84
4237,-200.0,200,0.0,84
4238,-194.0,194,1.0,84
4239,-200.0,200,0.0,84
4240,-200.0,200,0.0,84
4241,-200.0,200,0.0,84
4242,-200.0,200,0.0,84
4243,-200.0,200,0.0,84
4244,-168.0,168,1.0,84
4245,-200.0,200,0.0,84
4246,-200.0,200,0.0,84
4247,-200.0,200,0.0,84
4248,-200.0,200,0.0,84
4249,-200.0,200,0.0,84
4250,-200.0,200,0.0,84
4251,-200.0,200,0.0,84
4252,-200.0,200,0.0,84
4253,-200.0,200,0.0,84
4254,-200.0,200,0.0,84
4255,-200.0,200,0.0,84
4256,-200.0,200,0.0,84
4257,-200.0,200,0.0,84
4258,-200.0,200,0.0,84
4259,-199.0,199,1.0,84
4260,-200.0,200,0.0,84
4261,-150.0,150,1.0,84
4262,-165.0,165,1.0,84
4263,-171.0,171,1.0,84
4264,-173.0,173,1.0,84
4265,-198.0,198,1.0,84
4266,-193.0,193,1.0,84
4267,-200.0,200,0.0,84
4268,-153.0,153,1.0,84
4269,-166.0,166,1.0,84
4270,-166.0,166,1.0,84
4271,-200.0,200,0.0,84
4272,-196.0,196,1.0,84
4273,-182.0,182,1.0,84
4274,-150.0,150,1.0,84
4275,-158.0,158,1.0,84
4276,-159.0,159,1.0,84
4277,-160.0,160,1.0,84
4278,-176.0,176,1.0,84
4279,-162.0,162,1.0,84
4280,-161.0,161,1.0,84
4281,-200.0,200,0.0,84
4282,-200.0,200,0.0,84
4283,-157.0,157,1.0,84
4284,-200.0,200,0.0,84
4285,-200.0,200,0.0,84
4286,-200.0,200,0.0,84
4287,-196.0,196,1.0,84
4288,-200.0,200,0.0,84
4289,-200.0,200,0.0,84
4290,-200.0,200,0.0,84
4291,-200.0,200,0.0,84
4292,-159.0,159,1.0,84
4293,-157.0,157,1.0,84
4294,-200.0,200,0.0,84
4295,-160.0,160,1.0,84
4296,-200.0,200,0.0,84
4297,-200.0,200,0.0,84
4298,-198.0,198,1.0,84
4299,-199.0,199,1.0,84
4300,-200.0,200,0.0,84
4301,-157.0,157,1.0,84
4302,-200.0,200,0.0,84
4303,-200.0,200,0.0,84
4304,-154.0,154,1.0,84
4305,-200.0,200,0.0,84
4306,-198.0,198,1.0,84
4307,-200.0,200,0.0,84
4308,-200.0,200,0.0,84
4309,-189.0,189,1.0,84
4310,-192.0,192,1.0,84
4311,-200.0,200,0.0,84
4312,-200.0,200,0.0,84
4313,-200.0,200,0.0,84
4314,-158.0,158,1.0,84
4315,-200.0,200,0.0,84
4316,-174.0,174,1.0,84
4317,-192.0,192,1.0,84
4318,-200.0,200,0.0,84
4319,-150.0,150,1.0,84
4320,-194.0,194,1.0,84
4321,-191.0,191,1.0,84
4322,-200.0,200,0.0,84
4323,-153.0,153,1.0,84
4324,-200.0,200,0.0,84
4325,-200.0,200,0.0,84
4326,-200.0,200,0.0,84
4327,-200.0,200,0.0,84
4328,-200.0,200,0.0,84
4329,-200.0,200,0.0,84
4330,-200.0,200,0.0,84
4331,-159.0,159,1.0,84
4332,-200.0,200,0.0,84
4333,-200.0,200,0.0,84
4334,-180.0,180,1.0,84
4335,-161.0,161,1.0,84
4336,-200.0,200,0.0,84
4337,-163.0,163,1.0,84
4338,-161.0,161,1.0,84
4339,-154.0,154,1.0,84
4340,-150.0,150,1.0,84
4341,-200.0,200,0.0,84
4342,-160.0,160,1.0,84
4343,-194.0,194,1.0,84
4344,-194.0,194,1.0,84
4345,-165.0,165,1.0,84
4346,-200.0,200,0.0,84
4347,-200.0,200,0.0,84
4348,-132.0,132,1.0,84
4349,-200.0,200,0.0,84
4350,-200.0,200,0.0,84
4351,-200.0,200,0.0,84
4352,-166.0,166,1.0,84
4353,-200.0,200,0.0,84
4354,-200.0,200,0.0,84
4355,-200.0,200,0.0,84
4356,-193.0,193,1.0,84
4357,-183.0,183,1.0,84
4358,-200.0,200,0.0,84
4359,-200.0,200,0.0,84
4360,-157.0,157,1.0,84
4361,-200.0,200,0.0,84
4362,-200.0,200,0.0,84
4363,-157.0,157,1.0,84
4364,-200.0,200,0.0,84
4365,-200.0,200,0.0,84
4366,-159.0,159,1.0,84
4367,-200.0,200,0.0,84
4368,-159.0,159,1.0,84
4369,-163.0,163,1.0,84
4370,-200.0,200,0.0,84
4371,-200.0,200,0.0,84
4372,-155.0,155,1.0,84
4373,-200.0,200,0.0,84
4374,-200.0,200,0.0,84
4375,-150.0,150,1.0,84
4376,-200.0,200,0.0,84
4377,-200.0,200,0.0,84
4378,-200.0,200,0.0,84
4379,-199.0,199,1.0,84
4380,-159.0,159,1.0,84
4381,-153.0,153,1.0,84
4382,-200.0,200,0.0,84
4383,-162.0,162,1.0,84
4384,-164.0,164,1.0,84
4385,-149.0,149,1.0,84
4386,-161.0,161,1.0,84
4387,-200.0,200,0.0,84
4388,-153.0,153,1.0,84
4389,-200.0,200,0.0,84
4390,-200.0,200,0.0,84
4391,-158.0,158,1.0,84
4392,-200.0,200,0.0,84
4393,-200.0,200,0.0,84
4394,-200.0,200,0.0,84
4395,-200.0,200,0.0,84
4396,-160.0,160,1.0,84
4397,-172.0,172,1.0,84
4398,-200.0,200,0.0,84
4399,-165.0,165,1.0,84
4400,-200.0,200,0.0,84
4401,-160.0,160,1.0,84
4402,-200.0,200,0.0,84
4403,-200.0,200,0.0,84
4404,-158.0,158,1.0,84
4405,-134.0,134,1.0,84
4406,-200.0,200,0.0,84
4407,-200.0,200,0.0,84
4408,-155.0,155,1.0,84
4409,-153.0,153,1.0,84
4410,-200.0,200,0.0,84
4411,-200.0,200,0.0,84
4412,-200.0,200,0.0,84
4413,-200.0,200,0.0,84
4414,-200.0,200,0.0,84
4415,-200.0,200,0.0,84
4416,-200.0,200,0.0,84
4417,-200.0,200,0.0,84
4418,-157.0,157,1.0,84
4419,-200.0,200,0.0,84
4420,-200.0,200,0.0,84
4421,-200.0,200,0.0,84
4422,-200.0,200,0.0,84
4423,-200.0,200,0.0,84
4424,-200.0,200,0.0,84
4425,-200.0,200,0.0,84
4426,-200.0,200,0.0,84
4427,-200.0,200,0.0,84
4428,-158.0,158,1.0,84
4429,-200.0,200,0.0,84
4430,-200.0,200,0.0,84
4431,-200.0,200,0.0,84
4432,-200.0,200,0.0,84
4433,-200.0,200,0.0,84
4434,-200.0,200,0.0,84
4435,-200.0,200,0.0,84
4436,-200.0,200,0.0,84
4437,-200.0,200,0.0,84
4438,-200.0,200,0.0,84
4439,-162.0,162,1.0,84
4440,-200.0,200,0.0,84
4441,-200.0,200,0.0,84
4442,-118.0,118,1.0,84
4443,-200.0,200,0.0,84
4444,-171.0,171,1.0,84
4445,-114.0,114,1.0,84
4446,-169.0,169,1.0,84
4447,-200.0,200,0.0,84
4448,-200.0,200,0.0,84
4449,-200.0,200,0.0,84
4450,-200.0,200,0.0,84
4451,-200.0,200,0.0,84
4452,-200.0,200,0.0,84
4453,-200.0,200,0.0,84
4454,-200.0,200,0.0,84
4455,-200.0,200,0.0,84
4456,-156.0,156,1.0,84
4457,-165.0,165,1.0,84
4458,-147.0,147,1.0,84
4459,-200.0,200,0.0,84
4460,-129.0,129,1.0,84
4461,-200.0,200,0.0,84
4462,-200.0,200,0.0,84
4463,-163.0,163,1.0,84
4464,-200.0,200,0.0,84
4465,-177.0,177,1.0,84
4466,-200.0,200,0.0,84
4467,-200.0,200,0.0,84
4468,-200.0,200,0.0,84
4469,-200.0,200,0.0,84
4470,-157.0,157,1.0,84
4471,-200.0,200,0.0,84
4472,-200.0,200,0.0,84
4473,-200.0,200,0.0,84
4474,-200.0,200,0.0,84
4475,-200.0,200,0.0,84
4476,-163.0,163,1.0,84
4477,-200.0,200,0.0,84
4478,-200.0,200,0.0,84
4479,-161.0,161,1.0,84
4480,-200.0,200,0.0,84
4481,-200.0,200,0.0,84
4482,-200.0,200,0.0,84
4483,-200.0,200,0.0,84
4484,-200.0,200,0.0,84
4485,-200.0,200,0.0,84
4486,-200.0,200,0.0,84
4487,-200.0,200,0.0,84
4488,-200.0,200,0.0,84
4489,-200.0,200,0.0,84
4490,-200.0,200,0.0,84
4491,-200.0,200,0.0,84
4492,-200.0,200,0.0,84
4493,-200.0,200,0.0,84
4494,-200.0,200,0.0,84
4495,-200.0,200,0.0,84
4496,-161.0,161,1.0,84
4497,-200.0,200,0.0,84
4498,-200.0,200,0.0,84
4499,-200.0,200,0.0,84
4500,-200.0,200,0.0,84
4501,-200.0,200,0.0,84
4502,-200.0,200,0.0,84
4503,-200.0,200,0.0,84
4504,-151.0,151,1.0,84
4505,-200.0,200,0.0,84
4506,-158.0,158,1.0,84
4507,-200.0,200,0.0,84
4508,-200.0,200,0.0,84
4509,-148.0,148,1.0,84
4510,-200.0,200,0.0,84
4511,-200.0,200,0.0,84
4512,-200.0,200,0.0,84
4513,-200.0,200,0.0,84
4514,-200.0,200,0.0,84
4515,-198.0,198,1.0,84
4516,-199.0,199,1.0,84
4517,-200.0,200,0.0,84
4518,-200.0,200,0.0,84
4519,-200.0,200,0.0,84
4520,-200.0,200,0.0,84
4521,-200.0,200,0.0,84
4522,-197.0,197,1.0,84
4523,-200.0,200,0.0,84
4524,-194.0,194,1.0,84
4525,-195.0,195,1.0,84
4526,-200.0,200,0.0,84
4527,-200.0,200,0.0,84
4528,-200.0,200,0.0,84
4529,-200.0,200,0.0,84
4530,-200.0,200,0.0,84
4531,-200.0,200,0.0,84
4532,-197.0,197,1.0,84
4533,-200.0,200,0.0,84
4534,-200.0,200,0.0,84
4535,-194.0,194,1.0,84
4536,-200.0,200,0.0,84
4537,-191.0,191,1.0,84
4538,-200.0,200,0.0,84
4539,-196.0,196,1.0,84
4540,-200.0,200,0.0,84
4541,-200.0,200,0.0,84
4542,-200.0,200,0.0,84
4543,-200.0,200,0.0,84
4544,-200.0,200,0.0,84
4545,-198.0,198,1.0,84
4546,-200.0,200,0.0,84
4547,-200.0,200,0.0,84
4548,-200.0,200,0.0,84
4549,-200.0,200,0.0,84
4550,-200.0,200,0.0,84
4551,-200.0,200,0.0,84
4552,-200.0,200,0.0,84
4553,-200.0,200,0.0,84
4554,-200.0,200,0.0,84
4555,-200.0,200,0.0,84
4556,-200.0,200,0.0,84
4557,-200.0,200,0.0,84
4558,-195.0,195,1.0,84
4559,-200.0,200,0.0,84
4560,-200.0,200,0.0,84
4561,-200.0,200,0.0,84
4562,-200.0,200,0.0,84
4563,-200.0,200,0.0,84
4564,-200.0,200,0.0,84
4565,-200.0,200,0.0,84
4566,-200.0,200,0.0,84
4567,-200.0,200,0.0,84
4568,-193.0,193,1.0,84
4569,-193.0,193,1.0,84
4570,-196.0,196,1.0,84
4571,-200.0,200,0.0,84
4572,-200.0,200,0.0,84
4573,-200.0,200,0.0,84
4574,-186.0,186,1.0,84
4575,-199.0,199,1.0,84
4576,-200.0,200,0.0,84
4577,-200.0,200,0.0,84
4578,-199.0,199,1.0,84
4579,-200.0,200,0.0,84
4580,-200.0,200,0.0,84
4581,-200.0,200,0.0,84
4582,-193.0,193,1.0,84
4583,-200.0,200,0.0,84
4584,-200.0,200,0.0,84
4585,-200.0,200,0.0,84
4586,-200.0,200,0.0,84
4587,-200.0,200,0.0,84
4588,-200.0,200,0.0,84
4589,-200.0,200,0.0,84
4590,-194.0,194,1.0,84
4591,-191.0,191,1.0,84
4592,-200.0,200,0.0,84
4593,-192.0,192,1.0,84
4594,-200.0,200,0.0,84
4595,-199.0,199,1.0,84
4596,-200.0,200,0.0,84
4597,-200.0,200,0.0,84
4598,-200.0,200,0.0,84
4599,-197.0,197,1.0,84
4600,-200.0,200,0.0,84
4601,-200.0,200,0.0,84
4602,-200.0,200,0.0,84
4603,-200.0,200,0.0,84
4604,-200.0,200,0.0,84
4605,-200.0,200,0.0,84
4606,-200.0,200,0.0,84
4607,-200.0,200,0.0,84
4608,-200.0,200,0.0,84
4609,-200.0,200,0.0,84
4610,-200.0,200,0.0,84
4611,-200.0,200,0.0,84
4612,-196.0,196,1.0,84
4613,-188.0,188,1.0,84
4614,-200.0,200,0.0,84
4615,-200.0,200,0.0,84
4616,-200.0,200,0.0,84
4617,-200.0,200,0.0,84
4618,-200.0,200,0.0,84
4619,-200.0,200,0.0,84
4620,-200.0,200,0.0,84
4621,-200.0,200,0.0,84
4622,-200.0,200,0.0,84
4623,-200.0,200,0.0,84
4624,-200.0,200,0.0,84
4625,-192.0,192,1.0,84
4626,-200.0,200,0.0,84
4627,-200.0,200,0.0,84
4628,-195.0,195,1.0,84
4629,-200.0,200,0.0,84
4630,-200.0,200,0.0,84
4631,-200.0,200,0.0,84
4632,-200.0,200,0.0,84
4633,-200.0,200,0.0,84
4634,-200.0,200,0.0,84
4635,-200.0,200,0.0,84
4636,-200.0,200,0.0,84
4637,-200.0,200,0.0,84
4638,-200.0,200,0.0,84
4639,-200.0,200,0.0,84
4640,-200.0,200,0.0,84
4641,-200.0,200,0.0,84
4642,-195.0,195,1.0,84
4643,-195.0,195,1.0,84
4644,-200.0,200,0.0,84
4645,-200.0,200,0.0,84
4646,-200.0,200,0.0,84
4647,-198.0,198,1.0,84
4648,-200.0,200,0.0,84
4649,-200.0,200,0.0,84
4650,-200.0,200,0.0,84
4651,-200.0,200,0.0,84
4652,-196.0,196,1.0,84
4653,-200.0,200,0.0,84
4654,-198.0,198,1.0,84
4655,-200.0,200,0.0,84
4656,-200.0,200,0.0,84
4657,-189.0,189,1.0,84
4658,-200.0,200,0.0,84
4659,-200.0,200,0.0,84
4660,-200.0,200,0.0,84
4661,-200.0,200,0.0,84
4662,-192.0,192,1.0,84
4663,-200.0,200,0.0,84
4664,-200.0,200,0.0,84
4665,-200.0,200,0.0,84
4666,-200.0,200,0.0,84
4667,-200.0,200,0.0,84
4668,-200.0,200,0.0,84
4669,-200.0,200,0.0,84
4670,-198.0,198,1.0,84
4671,-200.0,200,0.0,84
4672,-200.0,200,0.0,84
4673,-200.0,200,0.0,84
4674,-200.0,200,0.0,84
4675,-200.0,200,0.0,84
4676,-200.0,200,0.0,84
4677,-193.0,193,1.0,84
4678,-200.0,200,0.0,84
4679,-189.0,189,1.0,84
4680,-200.0,200,0.0,84
4681,-200.0,200,0.0,84
4682,-187.0,187,1.0,84
4683,-200.0,200,0.0,84
4684,-200.0,200,0.0,84
4685,-200.0,200,0.0,84
4686,-190.0,190,1.0,84
4687,-185.0,185,1.0,84
4688,-200.0,200,0.0,84
4689,-200.0,200,0.0,84
4690,-200.0,200,0.0,84
4691,-200.0,200,0.0,84
4692,-200.0,200,0.0,84
4693,-193.0,193,1.0,84
4694,-200.0,200,0.0,84
4695,-200.0,200,0.0,84
4696,-200.0,200,0.0,84
4697,-200.0,200,0.0,84
4698,-164.0,164,1.0,84
4699,-193.0,193,1.0,84
4700,-169.0,169,1.0,84
4701,-200.0,200,0.0,84
4702,-200.0,200,0.0,84
4703,-192.0,192,1.0,84
4704,-195.0,195,1.0,84
4705,-167.0,167,1.0,84
4706,-200.0,200,0.0,84
4707,-200.0,200,0.0,84
4708,-200.0,200,0.0,84
4709,-200.0,200,0.0,84
4710,-200.0,200,0.0,84
4711,-186.0,186,1.0,84
4712,-162.0,162,1.0,84
4713,-200.0,200,0.0,84
4714,-190.0,190,1.0,84
4715,-200.0,200,0.0,84
4716,-200.0,200,0.0,84
4717,-164.0,164,1.0,84
4718,-165.0,165,1.0,84
4719,-160.0,160,1.0,84
4720,-189.0,189,1.0,84
4721,-178.0,178,1.0,84
4722,-172.0,172,1.0,84
4723,-156.0,156,1.0,84
4724,-200.0,200,0.0,84
4725,-200.0,200,0.0,84
4726,-160.0,160,1.0,84
4727,-200.0,200,0.0,84
4728,-158.0,158,1.0,84
4729,-167.0,167,1.0,84
4730,-200.0,200,0.0,84
4731,-163.0,163,1.0,84
4732,-200.0,200,0.0,84
4733,-160.0,160,1.0,84
4734,-162.0,162,1.0,84
4735,-162.0,162,1.0,84
4736,-157.0,157,1.0,84
4737,-155.0,155,1.0,84
4738,-172.0,172,1.0,84
4739,-200.0,200,0.0,84
4740,-164.0,164,1.0,84
4741,-167.0,167,1.0,84
4742,-180.0,180,1.0,84
4743,-200.0,200,0.0,84
4744,-154.0,154,1.0,84
4745,-188.0,188,1.0,84
4746,-200.0,200,0.0,84
4747,-168.0,168,1.0,84
4748,-158.0,158,1.0,84
4749,-169.0,169,1.0,84
4750,-164.0,164,1.0,84
4751,-200.0,200,0.0,84
4752,-160.0,160,1.0,84
4753,-161.0,161,1.0,84
4754,-200.0,200,0.0,84
4755,-164.0,164,1.0,84
4756,-199.0,199,1.0,84
4757,-160.0,160,1.0,84
4758,-200.0,200,0.0,84
4759,-199.0,199,1.0,84
4760,-151.0,151,1.0,84
4761,-161.0,161,1.0,84
4762,-192.0,192,1.0,84
4763,-162.0,162,1.0,84
4764,-193.0,193,1.0,84
4765,-190.0,190,1.0,84
4766,-167.0,167,1.0,84
4767,-168.0,168,1.0,84
4768,-162.0,162,1.0,84
4769,-194.0,194,1.0,84
4770,-159.0,159,1.0,84
4771,-166.0,166,1.0,84
4772,-199.0,199,1.0,84
4773,-195.0,195,1.0,84
4774,-194.0,194,1.0,84
4775,-195.0,195,1.0,84
4776,-190.0,190,1.0,84
4777,-155.0,155,1.0,84
4778,-167.0,167,1.0,84
4779,-165.0,165,1.0,84
4780,-163.0,163,1.0,84
4781,-164.0,164,1.0,84
4782,-176.0,176,1.0,84
4783,-167.0,167,1.0,84
4784,-191.0,191,1.0,84
4785,-194.0,194,1.0,84
4786,-188.0,188,1.0,84
4787,-157.0,157,1.0,84
4788,-161.0,161,1.0,84
4789,-198.0,198,1.0,84
4790,-160.0,160,1.0,84
4791,-158.0,158,1.0,84
4792,-159.0,159,1.0,84
4793,-165.0,165,1.0,84
4794,-193.0,193,1.0,84
4795,-162.0,162,1.0,84
4796,-157.0,157,1.0,84
4797,-161.0,161,1.0,84
4798,-159.0,159,1.0,84
4799,-166.0,166,1.0,84
4800,-199.0,199,1.0,84
4801,-200.0,200,0.0,84
4802,-190.0,190,1.0,84
4803,-187.0,187,1.0,84
4804,-159.0,159,1.0,84
4805,-156.0,156,1.0,84
4806,-158.0,158,1.0,84
4807,-199.0,199,1.0,84
4808,-162.0,162,1.0,84
4809,-187.0,187,1.0,84
4810,-192.0,192,1.0,84
4811,-155.0,155,1.0,84
4812,-163.0,163,1.0,84
4813,-154.0,154,1.0,84
4814,-156.0,156,1.0,84
4815,-158.0,158,1.0,84
4816,-152.0,152,1.0,84
4817,-158.0,158,1.0,84
4818,-158.0,158,1.0,84
4819,-158.0,158,1.0,84
4820,-162.0,162,1.0,84
4821,-159.0,159,1.0,84
4822,-160.0,160,1.0,84
4823,-155.0,155,1.0,84
4824,-154.0,154,1.0,84
4825,-155.0,155,1.0,84
4826,-200.0,200,0.0,84
4827,-159.0,159,1.0,84
4828,-153.0,153,1.0,84
4829,-190.0,190,1.0,84
4830,-161.0,161,1.0,84
4831,-156.0,156,1.0,84
4832,-161.0,161,1.0,84
4833,-193.0,193,1.0,84
4834,-198.0,198,1.0,84
4835,-200.0,200,0.0,84
4836,-154.0,154,1.0,84
4837,-200.0,200,0.0,84
4838,-163.0,163,1.0,84
4839,-200.0,200,0.0,84
4840,-200.0,200,0.0,84
4841,-197.0,197,1.0,84
4842,-151.0,151,1.0,84
4843,-155.0,155,1.0,84
4844,-152.0,152,1.0,84
4845,-185.0,185,1.0,84
4846,-155.0,155,1.0,84
4847,-160.0,160,1.0,84
4848,-159.0,159,1.0,84
4849,-152.0,152,1.0,84
4850,-154.0,154,1.0,84
4851,-153.0,153,1.0,84
4852,-200.0,200,0.0,84
4853,-160.0,160,1.0,84
4854,-200.0,200,0.0,84
4855,-152.0,152,1.0,84
4856,-200.0,200,0.0,84
4857,-191.0,191,1.0,84
4858,-154.0,154,1.0,84
4859,-200.0,200,0.0,84
4860,-200.0,200,0.0,84
4861,-153.0,153,1.0,84
4862,-150.0,150,1.0,84
4863,-161.0,161,1.0,84
4864,-169.0,169,1.0,84
4865,-200.0,200,0.0,84
4866,-199.0,199,1.0,84
4867,-189.0,189,1.0,84
4868,-158.0,158,1.0,84
4869,-150.0,150,1.0,84
4870,-183.0,183,1.0,84
4871,-163.0,163,1.0,84
4872,-161.0,161,1.0,84
4873,-193.0,193,1.0,84
4874,-160.0,160,1.0,84
4875,-200.0,200,0.0,84
4876,-168.0,168,1.0,84
4877,-154.0,154,1.0,84
4878,-195.0,195,1.0,84
4879,-158.0,158,1.0,84
4880,-194.0,194,1.0,84
4881,-161.0,161,1.0,84
4882,-160.0,160,1.0,84
4883,-150.0,150,1.0,84
4884,-160.0,160,1.0,84
4885,-189.0,189,1.0,84
4886,-160.0,160,1.0,84
4887,-158.0,158,1.0,84
4888,-160.0,160,1.0,84
4889,-156.0,156,1.0,84
4890,-176.0,176,1.0,84
4891,-155.0,155,1.0,84
4892,-157.0,157,1.0,84
4893,-159.0,159,1.0,84
4894,-155.0,155,1.0,84
4895,-166.0,166,1.0,84
4896,-193.0,193,1.0,84
4897,-156.0,156,1.0,84
4898,-157.0,157,1.0,84
4899,-151.0,151,1.0,84
4900,-162.0,162,1.0,84
4901,-161.0,161,1.0,84
4902,-155.0,155,1.0,84
4903,-192.0,192,1.0,84
4904,-195.0,195,1.0,84
4905,-188.0,188,1.0,84
4906,-157.0,157,1.0,84
4907,-194.0,194,1.0,84
4908,-156.0,156,1.0,84
4909,-169.0,169,1.0,84
4910,-150.0,150,1.0,84
4911,-155.0,155,1.0,84
4912,-159.0,159,1.0,84
4913,-192.0,192,1.0,84
4914,-152.0,152,1.0,84
4915,-155.0,155,1.0,84
4916,-152.0,152,1.0,84
4917,-154.0,154,1.0,84
4918,-200.0,200,0.0,84
4919,-183.0,183,1.0,84
4920,-190.0,190,1.0,84
4921,-192.0,192,1.0,84
4922,-156.0,156,1.0,84
4923,-161.0,161,1.0,84
4924,-164.0,164,1.0,84
4925,-157.0,157,1.0,84
4926,-154.0,154,1.0,84
4927,-154.0,154,1.0,84
4928,-149.0,149,1.0,84
4929,-189.0,189,1.0,84
4930,-151.0,151,1.0,84
4931,-196.0,196,1.0,84
4932,-154.0,154,1.0,84
4933,-158.0,158,1.0,84
4934,-185.0,185,1.0,84
4935,-153.0,153,1.0,84
4936,-152.0,152,1.0,84
4937,-157.0,157,1.0,84
4938,-158.0,158,1.0,84
4939,-160.0,160,1.0,84
4940,-154.0,154,1.0,84
4941,-154.0,154,1.0,84
4942,-156.0,156,1.0,84
4943,-198.0,198,1.0,84
4944,-158.0,158,1.0,84
4945,-156.0,156,1.0,84
4946,-150.0,150,1.0,84
4947,-149.0,149,1.0,84
4948,-155.0,155,1.0,84
4949,-197.0,197,1.0,84
4950,-162.0,162,1.0,84
4951,-192.0,192,1.0,84
4952,-200.0,200,0.0,84
4953,-165.0,165,1.0,84
4954,-181.0,181,1.0,84
4955,-188.0,188,1.0,84
4956,-194.0,194,1.0,84
4957,-199.0,199,1.0,84
4958,-159.0,159,1.0,84
4959,-157.0,157,1.0,84
4960,-194.0,194,1.0,84
4961,-158.0,158,1.0,84
4962,-155.0,155,1.0,84
4963,-162.0,162,1.0,84
4964,-159.0,159,1.0,84
4965,-152.0,152,1.0,84
4966,-158.0,158,1.0,84
4967,-155.0,155,1.0,84
4968,-194.0,194,1.0,84
4969,-153.0,153,1.0,84
4970,-157.0,157,1.0,84
4971,-200.0,200,0.0,84
4972,-149.0,149,1.0,84
4973,-163.0,163,1.0,84
4974,-154.0,154,1.0,84
4975,-200.0,200,0.0,84
4976,-157.0,157,1.0,84
4977,-153.0,153,1.0,84
4978,-161.0,161,1.0,84
4979,-156.0,156,1.0,84
4980,-200.0,200,0.0,84
4981,-157.0,157,1.0,84
4982,-155.0,155,1.0,84
4983,-168.0,168,1.0,84
4984,-193.0,193,1.0,84
4985,-200.0,200,0.0,84
4986,-153.0,153,1.0,84
4987,-165.0,165,1.0,84
4988,-155.0,155,1.0,84
4989,-158.0,158,1.0,84
4990,-160.0,160,1.0,84
4991,-157.0,157,1.0,84
4992,-200.0,200,0.0,84
4993,-159.0,159,1.0,84
4994,-200.0,200,0.0,84
4995,-152.0,152,1.0,84
4996,-152.0,152,1.0,84
4997,-149.0,149,1.0,84
4998,-200.0,200,0.0,84
4999,-159.0,159,1.0,84
5000,-148.0,148,1.0,84
