episode,reward,length,success,seed
1,-200.0,200,0.0,21
2,-200.0,200,0.0,21
3,-200.0,200,0.0,21
4,-200.0,200,0.0,21
5,-200.0,200,0.0,21
6,-200.0,200,0.0,21
7,-200.0,200,0.0,21
8,-200.0,200,0.0,21
9,-200.0,200,0.0,21
10,-200.0,200,0.0,21
11,-200.0,200,0.0,21
12,-200.0,200,0.0,21
13,-200.0,200,0.0,21
14,-200.0,200,0.0,21
15,-200.0,200,0.0,21
16,-200.0,200,0.0,21
17,-200.0,200,0.0,21
18,-200.0,200,0.0,21
19,-200.0,200,0.0,21
20,-200.0,200,0.0,21
21,-200.0,200,0.0,21
22,-200.0,200,0.0,21
23,-200.0,200,0.0,21
24,-200.0,200,0.0,21
25,-200.0,200,0.0,21
26,-200.0,200,0.0,21
27,-200.0,200,0.0,21
28,-200.0,200,0.0,21
29,-200.0,200,0.0,21
30,-200.0,200,0.0,21
31,-200.0,200,0.0,21
32,-200.0,200,0.0,21
33,-200.0,200,0.0,21
34,-200.0,200,0.0,21
35,-200.0,200,0.0,21
36,-200.0,200,0.0,21
37,-200.0,200,0.0,21
38,-200.0,200,0.0,21
39,-200.0,200,0.0,21
40,-200.0,200,0.0,21
41,-200.0,200,0.0,21
42,-200.0,200,0.0,21
43,-200.0,200,0.0,21
44,-200.0,200,0.0,21
45,-200.0,200,0.0,21
46,-200.0,200,0.0,21
47,-200.0,200,0.0,21
48,-200.0,200,0.0,21
49,-200.0,200,0.0,21
50,-200.0,200,0.0,21
51,-200.0,200,0.0,21
52,-200.0,200,0.0,21
53,-200.0,200,0.0,21
54,-200.0,200,0.0,21
55,-200.0,200,0.0,21
56,-200.0,200,0.0,21
57,-200.0,200,0.0,21
58,-200.0,200,0.0,21
59,-200.0,200,0.0,21
60,-200.0,200,0.0,21
61,-200.0,200,0.0,21
62,-200.0,200,0.0,21
63,-200.0,200,0.0,21
64,-200.0,200,0.0,21
65,-200.0,200,0.0,21
66,-200.0,200,0.0,21
67,-200.0,200,0.0,21
68,-200.0,200,0.0,21
69,-200.0,200,0.0,21
70,-200.0,200,0.0,21
71,-200.0,200,0.0,21
72,-200.0,200,0.0,21
73,-200.0,200,0.0,21
74,-200.0,200,0.0,21
75,-200.0,200,0.0,21
76,-200.0,200,0.0,21
77,-200.0,200,0.0,21
78,-200.0,200,0.0,21
79,-200.0,200,0.0,21
80,-200.0,200,0.0,21
81,-200.0,200,0.0,21
82,-200.0,200,0.0,21
83,-200.0,200,0.0,21
84,-200.0,200,0.0,21
85,-200.0,200,0.0,21
86,-200.0,200,0.0,21
87,-200.0,200,0.0,21
88,-200.0,200,0.0,21
89,-200.0,200,0.0,21
90,-200.0,200,0.0,21
91,-200.0,200,0.0,21
92,-200.0,200,0.0,21
93,-200.0,200,0.0,21
94,-200.0,200,0.0,21
95,-200.0,200,0.0,21
96,-200.0,200,0.0,21
97,-200.0,200,0.0,21
98,-200.0,200,0.0,21
99,-200.0,200,0.0,21
100,-200.0,200,0.0,21
101,-200.0,200,0.0,21
102,-200.0,200,0.0,21
103,-200.0,200,0.0,21
104,-200.0,200,0.0,21
105,-200.0,200,0.0,21
106,-200.0,200,0.0,21
107,-200.0,200,0.0,21
108,-200.0,200,0.0,21
109,-200.0,200,0.0,21
110,-200.0,200,0.0,21
111,-200.0,200,0.0,21
112,-200.0,200,0.0,21
113,-200.0,200,0.0,21
114,-200.0,200,0.0,21
115,-200.0,200,0.0,21
116,-200.0,200,0.0,21
117,-200.0,200,0.0,21
118,-200.0,200,0.0,21
119,-200.0,200,0.0,21
120,-200.0,200,0.0,21
121,-200.0,200,0.0,21
122,-200.0,200,0.0,21
123,-200.0,200,0.0,21
124,-200.0,200,0.0,21
125,-200.0,200,0.0,21
126,-200.0,200,0.0,21
127,-200.0,200,0.0,21
128,-200.0,200,0.0,21
129,-200.0,200,0.0,21
130,-200.0,200,0.0,21
131,-200.0,200,0.0,21
132,-200.0,200,0.0,21
133,-200.0,200,0.0,21
134,-200.0,200,0.0,21
135,-200.0,200,0.0,21
136,-200.0,200,0.0,21
137,-200.0,200,0.0,21
138,-200.0,200,0.0,21
139,-200.0,200,0.0,21
140,-200.0,200,0.0,21
141,-200.0,200,0.0,21
142,-200.0,200,0.0,21
143,-200.0,200,0.0,21
144,-200.0,200,0.0,21
145,-200.0,200,0.0,21
146,-200.0,200,0.0,21
147,-200.0,200,0.0,21
148,-200.0,200,0.0,21
149,-200.0,200,0.0,21
150,-200.0,200,0.0,21
151,-200.0,200,0.0,21
152,-200.0,200,0.0,21
153,-200.0,200,0.0,21
154,-200.0,200,0.0,21
155,-200.0,200,0.0,21
156,-200.0,200,0.0,21
157,-200.0,200,0.0,21
158,-200.0,200,0.0,21
159,-200.0,200,0.0,21
160,-200.0,200,0.0,21
161,-200.0,200,0.0,21
162,-200.0,200,0.0,21
163,-200.0,200,0.0,21
164,-200.0,200,0.0,21
165,-200.0,200,0.0,21
166,-200.0,200,0.0,21
167,-200.0,200,0.0,21
168,-200.0,200,0.0,21
169,-200.0,200,0.0,21
170,-200.0,200,0.0,21
171,-200.0,200,0.0,21
172,-200.0,200,0.0,21
173,-200.0,200,0.0,21
174,-200.0,200,0.0,21
175,-200.0,200,0.0,21
176,-200.0,200,0.0,21
177,-200.0,200,0.0,21
178,-200.0,200,0.0,21
179,-200.0,200,0.0,21
180,-200.0,200,0.0,21
181,-200.0,200,0.0,21
182,-200.0,200,0.0,21
183,-200.0,200,0.0,21
184,-200.0,200,0.0,21
185,-200.0,200,0.0,21
186,-200.0,200,0.0,21
187,-200.0,200,0.0,21
188,-200.0,200,0.0,21
189,-200.0,200,0.0,21
190,-200.0,200,0.0,21
191,-200.0,200,0.0,21
192,-200.0,200,0.0,21
193,-200.0,200,0.0,21
194,-200.0,200,0.0,21
195,-200.0,200,0.0,21
196,-200.0,200,0.0,21
197,-200.0,200,0.0,21
198,-200.0,200,0.0,21
199,-200.0,200,0.0,21
200,-200.0,200,0.0,21
201,-200.0,200,0.0,21
202,-200.0,200,0.0,21
203,-200.0,200,0.0,21
204,-200.0,200,0.0,21
205,-200.0,200,0.0,21
206,-200.0,200,0.0,21
207,-200.0,200,0.0,21
208,-200.0,200,0.0,21
209,-200.0,200,0.0,21
210,-200.0,200,0.0,21
211,-200.0,200,0.0,21
212,-200.0,200,0.0,21
213,-200.0,200,0.0,21
214,-200.0,200,0.0,21
215,-200.0,200,0.0,21
216,-200.0,200,0.0,21
217,-200.0,200,0.0,21
218,-200.0,200,0.0,21
219,-200.0,200,0.0,21
220,-200.0,200,0.0,21
221,-200.0,200,0.0,21
222,-200.0,200,0.0,21
223,-200.0,200,0.0,21
224,-200.0,200,0.0,21
225,-200.0,200,0.0,21
226,-200.0,200,0.0,21
227,-200.0,200,0.0,21
228,-200.0,200,0.0,21
229,-200.0,200,0.0,21
230,-200.0,200,0.0,21
231,-200.0,200,0.0,21
232,-200.0,200,0.0,21
233,-200.0,200,0.0,21
234,-200.0,200,0.0,21
235,-200.0,200,0.0,21
236,-200.0,200,0.0,21
237,-200.0,200,0.0,21
238,-200.0,200,0.0,21
239,-200.0,200,0.0,21
240,-200.0,200,0.0,21
241,-200.0,200,0.0,21
242,-200.0,200,0.0,21
243,-200.0,200,0.0,21
244,-200.0,200,0.0,21
245,-200.0,200,0.0,21
246,-200.0,200,0.0,21
247,-200.0,200,0.0,21
248,-200.0,200,0.0,21
249,-200.0,200,0.0,21
250,-200.0,200,0.0,21
251,-200.0,200,0.0,21
252,-200.0,200,0.0,21
253,-200.0,200,0.0,21
254,-200.0,200,0.0,21
255,-200.0,200,0.0,21
256,-200.0,200,0.0,21
257,-200.0,200,0.0,21
258,-200.0,200,0.0,21
259,-200.0,200,0.0,21
260,-200.0,200,0.0,21
261,-200.0,200,0.0,21
262,-200.0,200,0.0,21
263,-200.0,200,0.0,21
264,-200.0,200,0.0,21
265,-200.0,200,0.0,21
266,-200.0,200,0.0,21
267,-200.0,200,0.0,21
268,-200.0,200,0.0,21
269,-200.0,200,0.0,21
270,-200.0,200,0.0,21
271,-200.0,200,0.0,21
272,-200.0,200,0.0,21
273,-200.0,200,0.0,21
274,-200.0,200,0.0,21
275,-200.0,200,0.0,21
276,-200.0,200,0.0,21
277,-200.0,200,0.0,21
278,-200.0,200,0.0,21
279,-200.0,200,0.0,21
280,-200.0,200,0.0,21
281,-200.0,200,0.0,21
282,-200.0,200,0.0,21
283,-200.0,200,0.0,21
284,-200.0,200,0.0,21
285,-200.0,200,0.0,21
286,-200.0,200,0.0,21
287,-200.0,200,0.0,21
288,-200.0,200,0.0,21
289,-200.0,200,0.0,21
290,-200.0,200,0.0,21
291,-200.0,200,0.0,21
292,-200.0,200,0.0,21
293,-200.0,200,0.0,21
294,-200.0,200,0.0,21
295,-200.0,200,0.0,21
296,-200.0,200,0.0,21
297,-200.0,200,0.0,21
298,-200.0,200,0.0,21
299,-200.0,200,0.0,21
300,-200.0,200,0.0,21
301,-200.0,200,0.0,21
302,-200.0,200,0.0,21
303,-200.0,200,0.0,21
304,-200.0,200,0.0,21
305,-200.0,200,0.0,21
306,-200.0,200,0.0,21
307,-200.0,200,0.0,21
308,-200.0,200,0.0,21
309,-200.0,200,0.0,21
310,-200.0,200,0.0,21
311,-200.0,200,0.0,21
312,-200.0,200,0.0,21
313,-200.0,200,0.0,21
314,-200.0,200,0.0,21
315,-200.0,200,0.0,21
316,-200.0,200,0.0,21
317,-200.0,200,0.0,21
318,-200.0,200,0.0,21
319,-200.0,200,0.0,21
320,-200.0,200,0.0,21
321,-200.0,200,0.0,21
322,-200.0,200,0.0,21
323,-200.0,200,0.0,21
324,-200.0,200,0.0,21
325,-200.0,200,0.0,21
326,-200.0,200,0.0,21
327,-200.0,200,0.0,21
328,-200.0,200,0.0,21
329,-200.0,200,0.0,21
330,-200.0,200,0.0,21
331,-200.0,200,0.0,21
332,-200.0,200,0.0,21
333,-200.0,200,0.0,21
334,-200.0,200,0.0,21
335,-200.0,200,0.0,21
336,-200.0,200,0.0,21
337,-200.0,200,0.0,21
338,-200.0,200,0.0,21
339,-200.0,200,0.0,21
340,-200.0,200,0.0,21
341,-200.0,200,0.0,21
342,-200.0,200,0.0,21
343,-200.0,200,0.0,21
344,-200.0,200,0.0,21
345,-200.0,200,0.0,21
346,-200.0,200,0.0,21
347,-200.0,200,0.0,21
348,-200.0,200,0.0,21
349,-200.0,200,0.0,21
350,-200.0,200,0.0,21
351,-200.0,200,0.0,21
352,-200.0,200,0.0,21
353,-200.0,200,0.0,21
354,-200.0,200,0.0,21
355,-200.0,200,0.0,21
356,-200.0,200,0.0,21
357,-200.0,200,0.0,21
358,-200.0,200,0.0,21
359,-200.0,200,0.0,21
360,-200.0,200,0.0,21
361,-200.0,200,0.0,21
362,-200.0,200,0.0,21
363,-200.0,200,0.0,21
364,-200.0,200,0.0,21
365,-200.0,200,0.0,21
366,-200.0,200,0.0,21
367,-200.0,200,0.0,21
368,-200.0,200,0.0,21
369,-200.0,200,0.0,21
370,-200.0,200,0.0,21
371,-200.0,200,0.0,21
372,-200.0,200,0.0,21
373,-200.0,200,0.0,21
374,-200.0,200,0.0,21
375,-200.0,200,0.0,21
376,-200.0,200,0.0,21
377,-200.0,200,0.0,21
378,-200.0,200,0.0,21
379,-200.0,200,0.0,21
380,-200.0,200,0.0,21
381,-200.0,200,0.0,21
382,-200.0,200,0.0,21
383,-200.0,200,0.0,21
384,-200.0,200,0.0,21
385,-200.0,200,0.0,21
386,-200.0,200,0.0,21
387,-200.0,200,0.0,21
388,-200.0,200,0.0,21
389,-200.0,200,0.0,21
390,-200.0,200,0.0,21
391,-200.0,200,0.0,21
392,-200.0,200,0.0,21
393,-200.0,200,0.0,21
394,-200.0,200,0.0,21
395,-200.0,200,0.0,21
396,-200.0,200,0.0,21
397,-200.0,200,0.0,21
398,-200.0,200,0.0,21
399,-200.0,200,0.0,21
400,-200.0,200,0.0,21
401,-200.0,200,0.0,21
402,-200.0,200,0.0,21
403,-200.0,200,0.0,21
404,-200.0,200,0.0,21
405,-200.0,200,0.0,21
406,-200.0,200,0.0,21
407,-200.0,200,0.0,21
408,-200.0,200,0.0,21
409,-200.0,200,0.0,21
410,-200.0,200,0.0,21
411,-200.0,200,0.0,21
412,-200.0,200,0.0,21
413,-200.0,200,0.0,21
414,-200.0,200,0.0,21
415,-200.0,200,0.0,21
416,-200.0,200,0.0,21
417,-200.0,200,0.0,21
418,-200.0,200,0.0,21
419,-200.0,200,0.0,21
420,-200.0,200,0.0,21
421,-200.0,200,0.0,21
422,-200.0,200,0.0,21
423,-200.0,200,0.0,21
424,-200.0,200,0.0,21
425,-200.0,200,0.0,21
426,-200.0,200,0.0,21
427,-200.0,200,0.0,21
428,-200.0,200,0.0,21
429,-200.0,200,0.0,21
430,-200.0,200,0.0,21
431,-200.0,200,0.0,21
432,-200.0,200,0.0,21
433,-200.0,200,0.0,21
434,-200.0,200,0.0,21
435,-200.0,200,0.0,21
436,-200.0,200,0.0,21
437,-200.0,200,0.0,21
438,-200.0,200,0.0,21
439,-200.0,200,0.0,21
440,-200.0,200,0.0,21
441,-200.0,200,0.0,21
442,-200.0,200,0.0,21
443,-200.0,200,0.0,21
444,-200.0,200,0.0,21
445,-200.0,200,0.0,21
446,-200.0,200,0.0,21
447,-200.0,200,0.0,21
448,-200.0,200,0.0,21
449,-200.0,200,0.0,21
450,-200.0,200,0.0,21
451,-200.0,200,0.0,21
452,-200.0,200,0.0,21
453,-200.0,200,0.0,21
454,-200.0,200,0.0,21
455,-200.0,200,0.0,21
456,-200.0,200,0.0,21
457,-200.0,200,0.0,21
458,-200.0,200,0.0,21
459,-200.0,200,0.0,21
460,-200.0,200,0.0,21
461,-200.0,200,0.0,21
462,-200.0,200,0.0,21
463,-200.0,200,0.0,21
464,-200.0,200,0.0,21
465,-200.0,200,0.0,21
466,-200.0,200,0.0,21
467,-200.0,200,0.0,21
468,-200.0,200,0.0,21
469,-200.0,200,0.0,21
470,-200.0,200,0.0,21
471,-200.0,200,0.0,21
472,-200.0,200,0.0,21
473,-200.0,200,0.0,21
474,-200.0,200,0.0,21
475,-200.0,200,0.0,21
476,-200.0,200,0.0,21
477,-200.0,200,0.0,21
478,-200.0,200,0.0,21
479,-200.0,200,0.0,21
480,-200.0,200,0.0,21
481,-200.0,200,0.0,21
482,-200.0,200,0.0,21
483,-200.0,200,0.0,21
484,-200.0,200,0.0,21
485,-200.0,200,0.0,21
486,-200.0,200,0.0,21
487,-200.0,200,0.0,21
488,-200.0,200,0.0,21
489,-200.0,200,0.0,21
490,-200.0,200,0.0,21
491,-200.0,200,0.0,21
492,-200.0,200,0.0,21
493,-200.0,200,0.0,21
494,-200.0,200,0.0,21
495,-200.0,200,0.0,21
496,-200.0,200,0.0,21
497,-200.0,200,0.0,21
498,-200.0,200,0.0,21
499,-200.0,200,0.0,21
500,-200.0,200,0.0,21
501,-200.0,200,0.0,21
502,-200.0,200,0.0,21
503,-200.0,200,0.0,21
504,-200.0,200,0.0,21
505,-200.0,200,0.0,21
506,-200.0,200,0.0,21
507,-200.0,200,0.0,21
508,-200.0,200,0.0,21
509,-200.0,200,0.0,21
510,-200.0,200,0.0,21
511,-200.0,200,0.0,21
512,-200.0,200,0.0,21
513,-200.0,200,0.0,21
514,-200.0,200,0.0,21
515,-200.0,200,0.0,21
516,-200.0,200,0.0,21
517,-200.0,200,0.0,21
518,-200.0,200,0.0,21
519,-200.0,200,0.0,21
520,-200.0,200,0.0,21
521,-200.0,200,0.0,21
522,-200.0,200,0.0,21
523,-200.0,200,0.0,21
524,-200.0,200,0.0,21
525,-200.0,200,0.0,21
526,-200.0,200,0.0,21
527,-200.0,200,0.0,21
528,-200.0,200,0.0,21
529,-200.0,200,0.0,21
530,-200.0,200,0.0,21
531,-200.0,200,0.0,21
532,-200.0,200,0.0,21
533,-200.0,200,0.0,21
534,-200.0,200,0.0,21
535,-200.0,200,0.0,21
536,-200.0,200,0.0,21
537,-200.0,200,0.0,21
538,-200.0,200,0.0,21
539,-200.0,200,0.0,21
540,-200.0,200,0.0,21
541,-200.0,200,0.0,21
542,-200.0,200,0.0,21
543,-200.0,200,0.0,21
544,-200.0,200,0.0,21
545,-200.0,200,0.0,21
546,-200.0,200,0.0,21
547,-200.0,200,0.0,21
548,-200.0,200,0.0,21
549,-200.0,200,0.0,21
550,-200.0,200,0.0,21
551,-200.0,200,0.0,21
552,-200.0,200,0.0,21
553,-200.0,200,0.0,21
554,-200.0,200,0.0,21
555,-200.0,200,0.0,21
556,-200.0,200,0.0,21
557,-200.0,200,0.0,21
558,-200.0,200,0.0,21
559,-200.0,200,0.0,21
560,-200.0,200,0.0,21
561,-200.0,200,0.0,21
562,-200.0,200,0.0,21
563,-200.0,200,0.0,21
564,-200.0,200,0.0,21
565,-200.0,200,0.0,21
566,-200.0,200,0.0,21
567,-200.0,200,0.0,21
568,-200.0,200,0.0,21
569,-200.0,200,0.0,21
570,-200.0,200,0.0,21
571,-200.0,200,0.0,21
572,-200.0,200,0.0,21
573,-200.0,200,0.0,21
574,-200.0,200,0.0,21
575,-200.0,200,0.0,21
576,-200.0,200,0.0,21
577,-200.0,200,0.0,21
578,-200.0,200,0.0,21
579,-200.0,200,0.0,21
580,-200.0,200,0.0,21
581,-200.0,200,0.0,21
582,-200.0,200,0.0,21
583,-200.0,200,0.0,21
584,-200.0,200,0.0,21
585,-200.0,200,0.0,21
586,-200.0,200,0.0,21
587,-200.0,200,0.0,21
588,-200.0,200,0.0,21
589,-200.0,200,0.0,21
590,-200.0,200,0.0,21
591,-200.0,200,0.0,21
592,-200.0,200,0.0,21
593,-200.0,200,0.0,21
594,-200.0,200,0.0,21
595,-200.0,200,0.0,21
596,-200.0,200,0.0,21
597,-200.0,200,0.0,21
598,-200.0,200,0.0,21
599,-200.0,200,0.0,21
600,-200.0,200,0.0,21
601,-200.0,200,0.0,21
602,-200.0,200,0.0,21
603,-200.0,200,0.0,21
604,-200.0,200,0.0,21
605,-200.0,200,0.0,21
606,-200.0,200,0.0,21
607,-200.0,200,0.0,21
608,-200.0,200,0.0,21
609,-200.0,200,0.0,21
610,-200.0,200,0.0,21
611,-200.0,200,0.0,21
612,-200.0,200,0.0,21
613,-200.0,200,0.0,21
614,-200.0,200,0.0,21
615,-200.0,200,0.0,21
616,-200.0,200,0.0,21
617,-200.0,200,0.0,21
618,-200.0,200,0.0,21
619,-200.0,200,0.0,21
620,-200.0,200,0.0,21
621,-200.0,200,0.0,21
622,-200.0,200,0.0,21
623,-200.0,200,0.0,21
624,-200.0,200,0.0,21
625,-200.0,200,0.0,21
626,-200.0,200,0.0,21
627,-200.0,200,0.0,21
628,-200.0,200,0.0,21
629,-200.0,200,0.0,21
630,-200.0,200,0.0,21
631,-200.0,200,0.0,21
632,-200.0,200,0.0,21
633,-200.0,200,0.0,21
634,-200.0,200,0.0,21
635,-200.0,200,0.0,21
636,-200.0,200,0.0,21
637,-200.0,200,0.0,21
638,-200.0,200,0.0,21
639,-200.0,200,0.0,21
640,-200.0,200,0.0,21
641,-200.0,200,0.0,21
642,-200.0,200,0.0,21
643,-200.0,200,0.0,21
644,-200.0,200,0.0,21
645,-200.0,200,0.0,21
646,-200.0,200,0.0,21
647,-200.0,200,0.0,21
648,-200.0,200,0.0,21
649,-200.0,200,0.0,21
650,-200.0,200,0.0,21
651,-200.0,200,0.0,21
652,-200.0,200,0.0,21
653,-200.0,200,0.0,21
654,-200.0,200,0.0,21
655,-200.0,200,0.0,21
656,-200.0,200,0.0,21
657,-200.0,200,0.0,21
658,-200.0,200,0.0,21
659,-200.0,200,0.0,21
660,-200.0,200,0.0,21
661,-200.0,200,0.0,21
662,-200.0,200,0.0,21
663,-200.0,200,0.0,21
664,-200.0,200,0.0,21
665,-200.0,200,0.0,21
666,-200.0,200,0.0,21
667,-200.0,200,0.0,21
668,-200.0,200,0.0,21
669,-200.0,200,0.0,21
670,-200.0,200,0.0,21
671,-200.0,200,0.0,21
672,-200.0,200,0.0,21
673,-200.0,200,0.0,21
674,-200.0,200,0.0,21
675,-200.0,200,0.0,21
676,-200.0,200,0.0,21
677,-200.0,200,0.0,21
678,-200.0,200,0.0,21
679,-200.0,200,0.0,21
680,-200.0,200,0.0,21
681,-200.0,200,0.0,21
682,-200.0,200,0.0,21
683,-200.0,200,0.0,21
684,-200.0,200,0.0,21
685,-200.0,200,0.0,21
686,-200.0,200,0.0,21
687,-200.0,200,0.0,21
688,-200.0,200,0.0,21
689,-200.0,200,0.0,21
690,-200.0,200,0.0,21
691,-200.0,200,0.0,21
692,-200.0,200,0.0,21
693,-200.0,200,0.0,21
694,-200.0,200,0.0,21
695,-200.0,200,0.0,21
696,-200.0,200,0.0,21
697,-200.0,200,0.0,21
698,-200.0,200,0.0,21
699,-200.0,200,0.0,21
700,-200.0,200,0.0,21
701,-200.0,200,0.0,21
702,-200.0,200,0.0,21
703,-200.0,200,0.0,21
704,-200.0,200,0.0,21
705,-200.0,200,0.0,21
706,-200.0,200,0.0,21
707,-200.0,200,0.0,21
708,-200.0,200,0.0,21
709,-200.0,200,0.0,21
710,-200.0,200,0.0,21
711,-200.0,200,0.0,21
712,-200.0,200,0.0,21
713,-200.0,200,0.0,21
714,-200.0,200,0.0,21
715,-200.0,200,0.0,21
716,-200.0,200,0.0,21
717,-200.0,200,0.0,21
718,-200.0,200,0.0,21
719,-200.0,200,0.0,21
720,-200.0,200,0.0,21
721,-200.0,200,0.0,21
722,-200.0,200,0.0,21
723,-200.0,200,0.0,21
724,-200.0,200,0.0,21
725,-200.0,200,0.0,21
726,-200.0,200,0.0,21
727,-200.0,200,0.0,21
728,-200.0,200,0.0,21
729,-200.0,200,0.0,21
730,-200.0,200,0.0,21
731,-200.0,200,0.0,21
732,-200.0,200,0.0,21
733,-200.0,200,0.0,21
734,-200.0,200,0.0,21
735,-200.0,200,0.0,21
736,-200.0,200,0.0,21
737,-200.0,200,0.0,21
738,-200.0,200,0.0,21
739,-200.0,200,0.0,21
740,-200.0,200,0.0,21
741,-200.0,200,0.0,21
742,-200.0,200,0.0,21
743,-200.0,200,0.0,21
744,-200.0,200,0.0,21
745,-200.0,200,0.0,21
746,-200.0,200,0.0,21
747,-200.0,200,0.0,21
748,-200.0,200,0.0,21
749,-200.0,200,0.0,21
750,-200.0,200,0.0,21
751,-200.0,200,0.0,21
752,-200.0,200,0.0,21
753,-200.0,200,0.0,21
754,-200.0,200,0.0,21
755,-200.0,200,0.0,21
756,-200.0,200,0.0,21
757,-200.0,200,0.0,21
758,-200.0,200,0.0,21
759,-200.0,200,0.0,21
760,-200.0,200,0.0,21
761,-200.0,200,0.0,21
762,-200.0,200,0.0,21
763,-200.0,200,0.0,21
764,-200.0,200,0.0,21
765,-200.0,200,0.0,21
766,-200.0,200,0.0,21
767,-200.0,200,0.0,21
768,-200.0,200,0.0,21
769,-200.0,200,0.0,21
770,-200.0,200,0.0,21
771,-200.0,200,0.0,21
772,-200.0,200,0.0,21
773,-200.0,200,0.0,21
774,-200.0,200,0.0,21
775,-200.0,200,0.0,21
776,-200.0,200,0.0,21
777,-200.0,200,0.0,21
778,-200.0,200,0.0,21
779,-200.0,200,0.0,21
780,-200.0,200,0.0,21
781,-200.0,200,0.0,21
782,-200.0,200,0.0,21
783,-200.0,200,0.0,21
784,-200.0,200,0.0,21
785,-200.0,200,0.0,21
786,-200.0,200,0.0,21
787,-200.0,200,0.0,21
788,-200.0,200,0.0,21
789,-200.0,200,0.0,21
790,-200.0,200,0.0,21
791,-200.0,200,0.0,21
792,-200.0,200,0.0,21
793,-200.0,200,0.0,21
794,-200.0,200,0.0,21
795,-200.0,200,0.0,21
796,-200.0,200,0.0,21
797,-200.0,200,0.0,21
798,-200.0,200,0.0,21
799,-200.0,200,0.0,21
800,-200.0,200,0.0,21
801,-200.0,200,0.0,21
802,-200.0,200,0.0,21
803,-200.0,200,0.0,21
804,-200.0,200,0.0,21
805,-200.0,200,0.0,21
806,-200.0,200,0.0,21
807,-200.0,200,0.0,21
808,-200.0,200,0.0,21
809,-200.0,200,0.0,21
810,-200.0,200,0.0,21
811,-200.0,200,0.0,21
812,-200.0,200,0.0,21
813,-200.0,200,0.0,21
814,-200.0,200,0.0,21
815,-200.0,200,0.0,21
816,-200.0,200,0.0,21
817,-200.0,200,0.0,21
818,-200.0,200,0.0,21
819,-200.0,200,0.0,21
820,-200.0,200,0.0,21
821,-200.0,200,0.0,21
822,-200.0,200,0.0,21
823,-200.0,200,0.0,21
824,-200.0,200,0.0,21
825,-200.0,200,0.0,21
826,-200.0,200,0.0,21
827,-200.0,200,0.0,21
828,-200.0,200,0.0,21
829,-200.0,200,0.0,21
830,-200.0,200,0.0,21
831,-200.0,200,0.0,21
832,-200.0,200,0.0,21
833,-200.0,200,0.0,21
834,-200.0,200,0.0,21
835,-200.0,200,0.0,21
836,-200.0,200,0.0,21
837,-200.0,200,0.0,21
838,-200.0,200,0.0,21
839,-200.0,200,0.0,21
840,-200.0,200,0.0,21
841,-200.0,200,0.0,21
842,-200.0,200,0.0,21
843,-200.0,200,0.0,21
844,-200.0,200,0.0,21
845,-200.0,200,0.0,21
846,-200.0,200,0.0,21
847,-200.0,200,0.0,21
848,-200.0,200,0.0,21
849,-200.0,200,0.0,21
850,-200.0,200,0.0,21
851,-200.0,200,0.0,21
852,-200.0,200,0.0,21
853,-200.0,200,0.0,21
854,-200.0,200,0.0,21
855,-200.0,200,0.0,21
856,-200.0,200,0.0,21
857,-200.0,200,0.0,21
858,-200.0,200,0.0,21
859,-200.0,200,0.0,21
860,-200.0,200,0.0,21
861,-200.0,200,0.0,21
862,-200.0,200,0.0,21
863,-200.0,200,0.0,21
864,-200.0,200,0.0,21
865,-200.0,200,0.0,21
866,-200.0,200,0.0,21
867,-200.0,200,0.0,21
868,-200.0,200,0.0,21
869,-200.0,200,0.0,21
870,-200.0,200,0.0,21
871,-200.0,200,0.0,21
872,-200.0,200,0.0,21
873,-200.0,200,0.0,21
874,-200.0,200,0.0,21
875,-200.0,200,0.0,21
876,-200.0,200,0.0,21
877,-200.0,200,0.0,21
878,-200.0,200,0.0,21
879,-200.0,200,0.0,21
880,-200.0,200,0.0,21
881,-200.0,200,0.0,21
882,-200.0,200,0.0,21
883,-200.0,200,0.0,21
884,-200.0,200,0.0,21
885,-200.0,200,0.0,21
886,-200.0,200,0.0,21
887,-200.0,200,0.0,21
888,-200.0,200,0.0,21
889,-200.0,200,0.0,21
890,-200.0,200,0.0,21
891,-200.0,200,0.0,21
892,-200.0,200,0.0,21
893,-200.0,200,0.0,21
894,-200.0,200,0.0,21
895,-200.0,200,0.0,21
896,-200.0,200,0.0,21
897,-200.0,200,0.0,21
898,-200.0,200,0.0,21
899,-200.0,200,0.0,21
900,-200.0,200,0.0,21
901,-200.0,200,0.0,21
902,-200.0,200,0.0,21
903,-200.0,200,0.0,21
904,-200.0,200,0.0,21
905,-200.0,200,0.0,21
906,-200.0,200,0.0,21
907,-200.0,200,0.0,21
908,-200.0,200,0.0,21
909,-200.0,200,0.0,21
910,-200.0,200,0.0,21
911,-200.0,200,0.0,21
912,-200.0,200,0.0,21
913,-200.0,200,0.0,21
914,-200.0,200,0.0,21
915,-200.0,200,0.0,21
916,-200.0,200,0.0,21
917,-200.0,200,0.0,21
918,-200.0,200,0.0,21
919,-200.0,200,0.0,21
920,-200.0,200,0.0,21
921,-200.0,200,0.0,21
922,-200.0,200,0.0,21
923,-200.0,200,0.0,21
924,-200.0,200,0.0,21
925,-200.0,200,0.0,21
926,-200.0,200,0.0,21
927,-200.0,200,0.0,21
928,-200.0,200,0.0,21
929,-200.0,200,0.0,21
930,-200.0,200,0.0,21
931,-200.0,200,0.0,21
932,-200.0,200,0.0,21
933,-200.0,200,0.0,21
934,-200.0,200,0.0,21
935,-200.0,200,0.0,21
936,-200.0,200,0.0,21
937,-200.0,200,0.0,21
938,-200.0,200,0.0,21
939,-200.0,200,0.0,21
940,-200.0,200,0.0,21
941,-200.0,200,0.0,21
942,-200.0,200,0.0,21
943,-200.0,200,0.0,21
944,-200.0,200,0.0,21
945,-200.0,200,0.0,21
946,-200.0,200,0.0,21
947,-200.0,200,0.0,21
948,-200.0,200,0.0,21
949,-200.0,200,0.0,21
950,-200.0,200,0.0,21
951,-200.0,200,0.0,21
952,-200.0,200,0.0,21
953,-200.0,200,0.0,21
954,-200.0,200,0.0,21
955,-200.0,200,0.0,21
956,-200.0,200,0.0,21
957,-200.0,200,0.0,21
958,-200.0,200,0.0,21
959,-200.0,200,0.0,21
960,-200.0,200,0.0,21
961,-200.0,200,0.0,21
962,-200.0,200,0.0,21
963,-200.0,200,0.0,21
964,-200.0,200,0.0,21
965,-200.0,200,0.0,21
966,-200.0,200,0.0,21
967,-200.0,200,0.0,21
968,-200.0,200,0.0,21
969,-200.0,200,0.0,21
970,-200.0,200,0.0,21
971,-200.0,200,0.0,21
972,-200.0,200,0.0,21
973,-200.0,200,0.0,21
974,-200.0,200,0.0,21
975,-200.0,200,0.0,21
976,-200.0,200,0.0,21
977,-200.0,200,0.0,21
978,-200.0,200,0.0,21
979,-200.0,200,0.0,21
980,-200.0,200,0.0,21
981,-200.0,200,0.0,21
982,-200.0,200,0.0,21
983,-200.0,200,0.0,21
984,-200.0,200,0.0,21
985,-200.0,200,0.0,21
986,-200.0,200,0.0,21
987,-200.0,200,0.0,21
988,-200.0,200,0.0,21
989,-200.0,200,0.0,21
990,-200.0,200,0.0,21
991,-200.0,200,0.0,21
992,-200.0,200,0.0,21
993,-200.0,200,0.0,21
994,-200.0,200,0.0,21
995,-200.0,200,0.0,21
996,-200.0,200,0.0,21
997,-200.0,200,0.0,21
998,-200.0,200,0.0,21
999,-200.0,200,0.0,21
1000,-200.0,200,0.0,21
1001,-200.0,200,0.0,21
1002,-200.0,200,0.0,21
1003,-200.0,200,0.0,21
1004,-200.0,200,0.0,21
1005,-200.0,200,0.0,21
1006,-200.0,200,0.0,21
1007,-200.0,200,0.0,21
1008,-200.0,200,0.0,21
1009,-200.0,200,0.0,21
1010,-200.0,200,0.0,21
1011,-200.0,200,0.0,21
1012,-200.0,200,0.0,21
1013,-200.0,200,0.0,21
1014,-200.0,200,0.0,21
1015,-200.0,200,0.0,21
1016,-200.0,200,0.0,21
1017,-200.0,200,0.0,21
1018,-200.0,200,0.0,21
1019,-200.0,200,0.0,21
1020,-200.0,200,0.0,21
1021,-200.0,200,0.0,21
1022,-200.0,200,0.0,21
1023,-200.0,200,0.0,21
1024,-200.0,200,0.0,21
1025,-200.0,200,0.0,21
1026,-200.0,200,0.0,21
1027,-200.0,200,0.0,21
1028,-200.0,200,0.0,21
1029,-200.0,200,0.0,21
1030,-200.0,200,0.0,21
1031,-200.0,200,0.0,21
1032,-200.0,200,0.0,21
1033,-200.0,200,0.0,21
1034,-200.0,200,0.0,21
1035,-200.0,200,0.0,21
1036,-200.0,200,0.0,21
1037,-200.0,200,0.0,21
1038,-200.0,200,0.0,21
1039,-200.0,200,0.0,21
1040,-200.0,200,0.0,21
1041,-200.0,200,0.0,21
1042,-200.0,200,0.0,21
1043,-200.0,200,0.0,21
1044,-200.0,200,0.0,21
1045,-200.0,200,0.0,21
1046,-200.0,200,0.0,21
1047,-200.0,200,0.0,21
1048,-200.0,200,0.0,21
1049,-200.0,200,0.0,21
1050,-200.0,200,0.0,21
1051,-200.0,200,0.0,21
1052,-200.0,200,0.0,21
1053,-200.0,200,0.0,21
1054,-200.0,200,0.0,21
1055,-200.0,200,0.0,21
1056,-200.0,200,0.0,21
1057,-200.0,200,0.0,21
1058,-200.0,200,0.0,21
1059,-200.0,200,0.0,21
1060,-200.0,200,0.0,21
1061,-200.0,200,0.0,21
1062,-200.0,200,0.0,21
1063,-200.0,200,0.0,21
1064,-200.0,200,0.0,21
1065,-200.0,200,0.0,21
1066,-200.0,200,0.0,21
1067,-200.0,200,0.0,21
1068,-200.0,200,0.0,21
1069,-200.0,200,0.0,21
1070,-200.0,200,0.0,21
1071,-200.0,200,0.0,21
1072,-200.0,200,0.0,21
1073,-200.0,200,0.0,21
1074,-200.0,200,0.0,21
1075,-200.0,200,0.0,21
1076,-200.0,200,0.0,21
1077,-200.0,200,0.0,21
1078,-200.0,200,0.0,21
1079,-200.0,200,0.0,21
1080,-200.0,200,0.0,21
1081,-200.0,200,0.0,21
1082,-200.0,200,0.0,21
1083,-200.0,200,0.0,21
1084,-200.0,200,0.0,21
1085,-200.0,200,0.0,21
1086,-200.0,200,0.0,21
1087,-200.0,200,0.0,21
1088,-200.0,200,0.0,21
1089,-200.0,200,0.0,21
1090,-200.0,200,0.0,21
1091,-200.0,200,0.0,21
1092,-200.0,200,0.0,21
1093,-200.0,200,0.0,21
1094,-200.0,200,0.0,21
1095,-200.0,200,0.0,21
1096,-200.0,200,0.0,21
1097,-200.0,200,0.0,21
1098,-200.0,200,0.0,21
1099,-200.0,200,0.0,21
1100,-200.0,200,0.0,21
1101,-200.0,200,0.0,21
1102,-200.0,200,0.0,21
1103,-200.0,200,0.0,21
1104,-200.0,200,0.0,21
1105,-200.0,200,0.0,21
1106,-200.0,200,0.0,21
1107,-200.0,200,0.0,21
1108,-200.0,200,0.0,21
1109,-200.0,200,0.0,21
1110,-200.0,200,0.0,21
1111,-200.0,200,0.0,21
1112,-200.0,200,0.0,21
1113,-200.0,200,0.0,21
1114,-200.0,200,0.0,21
1115,-200.0,200,0.0,21
1116,-200.0,200,0.0,21
1117,-200.0,200,0.0,21
1118,-200.0,200,0.0,21
1119,-200.0,200,0.0,21
1120,-200.0,200,0.0,21
1121,-200.0,200,0.0,21
1122,-200.0,200,0.0,21
1123,-200.0,200,0.0,21
1124,-200.0,200,0.0,21
1125,-200.0,200,0.0,21
1126,-200.0,200,0.0,21
1127,-200.0,200,0.0,21
1128,-200.0,200,0.0,21
1129,-200.0,200,0.0,21
1130,-200.0,200,0.0,21
1131,-200.0,200,0.0,21
1132,-200.0,200,0.0,21
1133,-200.0,200,0.0,21
1134,-200.0,200,0.0,21
1135,-200.0,200,0.0,21
1136,-200.0,200,0.0,21
1137,-200.0,200,0.0,21
1138,-200.0,200,0.0,21
1139,-200.0,200,0.0,21
1140,-200.0,200,0.0,21
1141,-200.0,200,0.0,21
1142,-200.0,200,0.0,21
1143,-200.0,200,0.0,21
1144,-200.0,200,0.0,21
1145,-200.0,200,0.0,21
1146,-200.0,200,0.0,21
1147,-200.0,200,0.0,21
1148,-200.0,200,0.0,21
1149,-200.0,200,0.0,21
1150,-200.0,200,0.0,21
1151,-200.0,200,0.0,21
1152,-200.0,200,0.0,21
1153,-200.0,200,0.0,21
1154,-200.0,200,0.0,21
1155,-200.0,200,0.0,21
1156,-200.0,200,0.0,21
1157,-200.0,200,0.0,21
1158,-200.0,200,0.0,21
1159,-200.0,200,0.0,21
1160,-200.0,200,0.0,21
1161,-200.0,200,0.0,21
1162,-200.0,200,0.0,21
1163,-200.0,200,0.0,21
1164,-200.0,200,0.0,21
1165,-200.0,200,0.0,21
1166,-200.0,200,0.0,21
1167,-200.0,200,0.0,21
1168,-200.0,200,0.0,21
1169,-200.0,200,0.0,21
1170,-200.0,200,0.0,21
1171,-200.0,200,0.0,21
1172,-200.0,200,0.0,21
1173,-200.0,200,0.0,21
1174,-200.0,200,0.0,21
1175,-200.0,200,0.0,21
1176,-200.0,200,0.0,21
1177,-200.0,200,0.0,21
1178,-200.0,200,0.0,21
1179,-200.0,200,0.0,21
1180,-200.0,200,0.0,21
1181,-200.0,200,0.0,21
1182,-200.0,200,0.0,21
1183,-200.0,200,0.0,21
1184,-200.0,200,0.0,21
1185,-200.0,200,0.0,21
1186,-200.0,200,0.0,21
1187,-200.0,200,0.0,21
1188,-200.0,200,0.0,21
1189,-200.0,200,0.0,21
1190,-200.0,200,0.0,21
1191,-200.0,200,0.0,21
1192,-200.0,200,0.0,21
1193,-200.0,200,0.0,21
1194,-200.0,200,0.0,21
1195,-200.0,200,0.0,21
1196,-200.0,200,0.0,21
1197,-200.0,200,0.0,21
1198,-200.0,200,0.0,21
1199,-200.0,200,0.0,21
1200,-200.0,200,0.0,21
1201,-200.0,200,0.0,21
1202,-200.0,200,0.0,21
1203,-200.0,200,0.0,21
1204,-200.0,200,0.0,21
1205,-200.0,200,0.0,21
1206,-200.0,200,0.0,21
1207,-200.0,200,0.0,21
1208,-200.0,200,0.0,21
1209,-200.0,200,0.0,21
1210,-200.0,200,0.0,21
1211,-200.0,200,0.0,21
1212,-200.0,200,0.0,21
1213,-200.0,200,0.0,21
1214,-200.0,200,0.0,21
1215,-200.0,200,0.0,21
1216,-200.0,200,0.0,21
1217,-200.0,200,0.0,21
1218,-200.0,200,0.0,21
1219,-200.0,200,0.0,21
1220,-200.0,200,0.0,21
1221,-200.0,200,0.0,21
1222,-200.0,200,0.0,21
1223,-200.0,200,0.0,21
1224,-200.0,200,0.0,21
1225,-200.0,200,0.0,21
1226,-200.0,200,0.0,21
1227,-200.0,200,0.0,21
1228,-200.0,200,0.0,21
1229,-200.0,200,0.0,21
1230,-200.0,200,0.0,21
1231,-200.0,200,0.0,21
1232,-200.0,200,0.0,21
1233,-200.0,200,0.0,21
1234,-200.0,200,0.0,21
1235,-200.0,200,0.0,21
1236,-200.0,200,0.0,21
1237,-200.0,200,0.0,21
1238,-200.0,200,0.0,21
1239,-200.0,200,0.0,21
1240,-200.0,200,0.0,21
1241,-200.0,200,0.0,21
1242,-200.0,200,0.0,21
1243,-200.0,200,0.0,21
1244,-200.0,200,0.0,21
1245,-200.0,200,0.0,21
1246,-200.0,200,0.0,21
1247,-200.0,200,0.0,21
1248,-200.0,200,0.0,21
1249,-200.0,200,0.0,21
1250,-200.0,200,0.0,21
1251,-200.0,200,0.0,21
1252,-200.0,200,0.0,21
1253,-200.0,200,0.0,21
1254,-200.0,200,0.0,21
1255,-200.0,200,0.0,21
1256,-200.0,200,0.0,21
1257,-200.0,200,0.0,21
1258,-200.0,200,0.0,21
1259,-200.0,200,0.0,21
1260,-200.0,200,0.0,21
1261,-200.0,200,0.0,21
1262,-200.0,200,0.0,21
1263,-200.0,200,0.0,21
1264,-200.0,200,0.0,21
1265,-200.0,200,0.0,21
1266,-200.0,200,0.0,21
1267,-200.0,200,0.0,21
1268,-200.0,200,0.0,21
1269,-200.0,200,0.0,21
1270,-200.0,200,0.0,21
1271,-200.0,200,0.0,21
1272,-200.0,200,0.0,21
1273,-200.0,200,0.0,21
1274,-200.0,200,0.0,21
1275,-200.0,200,0.0,21
1276,-200.0,200,0.0,21
1277,-200.0,200,0.0,21
1278,-200.0,200,0.0,21
1279,-200.0,200,0.0,21
1280,-200.0,200,0.0,21
1281,-200.0,200,0.0,21
1282,-200.0,200,0.0,21
1283,-200.0,200,0.0,21
1284,-200.0,200,0.0,21
1285,-200.0,200,0.0,21
1286,-200.0,200,0.0,21
1287,-200.0,200,0.0,21
1288,-200.0,200,0.0,21
1289,-200.0,200,0.0,21
1290,-200.0,200,0.0,21
1291,-200.0,200,0.0,21
1292,-200.0,200,0.0,21
1293,-200.0,200,0.0,21
1294,-200.0,200,0.0,21
1295,-200.0,200,0.0,21
1296,-200.0,200,0.0,21
1297,-200.0,200,0.0,21
1298,-200.0,200,0.0,21
1299,-200.0,200,0.0,21
1300,-200.0,200,0.0,21
1301,-200.0,200,0.0,21
1302,-200.0,200,0.0,21
1303,-200.0,200,0.0,21
1304,-200.0,200,0.0,21
1305,-200.0,200,0.0,21
1306,-200.0,200,0.0,21
1307,-200.0,200,0.0,21
1308,-200.0,200,0.0,21
1309,-200.0,200,0.0,21
1310,-200.0,200,0.0,21
1311,-200.0,200,0.0,21
1312,-200.0,200,0.0,21
1313,-200.0,200,0.0,21
1314,-200.0,200,0.0,21
1315,-200.0,200,0.0,21
1316,-200.0,200,0.0,21
1317,-200.0,200,0.0,21
1318,-200.0,200,0.0,21
1319,-200.0,200,0.0,21
1320,-200.0,200,0.0,21
1321,-200.0,200,0.0,21
1322,-200.0,200,0.0,21
1323,-200.0,200,0.0,21
1324,-200.0,200,0.0,21
1325,-200.0,200,0.0,21
1326,-200.0,200,0.0,21
1327,-200.0,200,0.0,21
1328,-200.0,200,0.0,21
1329,-200.0,200,0.0,21
1330,-200.0,200,0.0,21
1331,-200.0,200,0.0,21
1332,-200.0,200,0.0,21
1333,-200.0,200,0.0,21
1334,-200.0,200,0.0,21
1335,-200.0,200,0.0,21
1336,-200.0,200,0.0,21
1337,-200.0,200,0.0,21
1338,-200.0,200,0.0,21
1339,-200.0,200,0.0,21
1340,-200.0,200,0.0,21
1341,-200.0,200,0.0,21
1342,-200.0,200,0.0,21
1343,-200.0,200,0.0,21
1344,-200.0,200,0.0,21
1345,-200.0,200,0.0,21
1346,-200.0,200,0.0,21
1347,-200.0,200,0.0,21
1348,-200.0,200,0.0,21
1349,-200.0,200,0.0,21
1350,-200.0,200,0.0,21
1351,-200.0,200,0.0,21
1352,-200.0,200,0.0,21
1353,-200.0,200,0.0,21
1354,-200.0,200,0.0,21
1355,-200.0,200,0.0,21
1356,-200.0,200,0.0,21
1357,-200.0,200,0.0,21
1358,-200.0,200,0.0,21
1359,-200.0,200,0.0,21
1360,-200.0,200,0.0,21
1361,-200.0,200,0.0,21
1362,-200.0,200,0.0,21
1363,-200.0,200,0.0,21
1364,-200.0,200,0.0,21
1365,-200.0,200,0.0,21
1366,-200.0,200,0.0,21
1367,-200.0,200,0.0,21
1368,-200.0,200,0.0,21
1369,-200.0,200,0.0,21
1370,-200.0,200,0.0,21
1371,-200.0,200,0.0,21
1372,-200.0,200,0.0,21
1373,-200.0,200,0.0,21
1374,-200.0,200,0.0,21
1375,-200.0,200,0.0,21
1376,-200.0,200,0.0,21
1377,-200.0,200,0.0,21
1378,-200.0,200,0.0,21
1379,-200.0,200,0.0,21
1380,-200.0,200,0.0,21
1381,-200.0,200,0.0,21
1382,-200.0,200,0.0,21
1383,-200.0,200,0.0,21
1384,-200.0,200,0.0,21
1385,-200.0,200,0.0,21
1386,-196.0,196,1.0,21
1387,-200.0,200,0.0,21
1388,-200.0,200,0.0,21
1389,-200.0,200,0.0,21
1390,-200.0,200,0.0,21
1391,-200.0,200,0.0,21
1392,-200.0,200,0.0,21
1393,-200.0,200,0.0,21
1394,-200.0,200,0.0,21
1395,-198.0,198,1.0,21
1396,-200.0,200,0.0,21
1397,-200.0,200,0.0,21
1398,-200.0,200,0.0,21
1399,-200.0,200,0.0,21
1400,-195.0,195,1.0,21
1401,-200.0,200,0.0,21
1402,-200.0,200,0.0,21
1403,-195.0,195,1.0,21
1404,-200.0,200,0.0,21
1405,-200.0,200,0.0,21
1406,-200.0,200,0.0,21
1407,-200.0,200,0.0,21
1408,-200.0,200,0.0,21
1409,-200.0,200,0.0,21
1410,-200.0,200,0.0,21
1411,-200.0,200,0.0,21
1412,-200.0,200,0.0,21
1413,-200.0,200,0.0,21
1414,-200.0,200,0.0,21
1415,-200.0,200,0.0,21
1416,-200.0,200,0.0,21
1417,-200.0,200,0.0,21
1418,-200.0,200,0.0,21
1419,-200.0,200,0.0,21
1420,-200.0,200,0.0,21
1421,-200.0,200,0.0,21
1422,-200.0,200,0.0,21
1423,-197.0,197,1.0,21
1424,-200.0,200,0.0,21
1425,-200.0,200,0.0,21
1426,-200.0,200,0.0,21
1427,-200.0,200,0.0,21
1428,-200.0,200,0.0,21
1429,-200.0,200,0.0,21
1430,-200.0,200,0.0,21
1431,-200.0,200,0.0,21
1432,-200.0,200,0.0,21
1433,-200.0,200,0.0,21
1434,-200.0,200,0.0,21
1435,-200.0,200,0.0,21
1436,-200.0,200,0.0,21
1437,-170.0,170,1.0,21
1438,-168.0,168,1.0,21
1439,-200.0,200,0.0,21
1440,-200.0,200,0.0,21
1441,-200.0,200,0.0,21
1442,-200.0,200,0.0,21
1443,-200.0,200,0.0,21
1444,-200.0,200,0.0,21
1445,-200.0,200,0.0,21
1446,-169.0,169,1.0,21
1447,-200.0,200,0.0,21
1448,-200.0,200,0.0,21
1449,-200.0,200,0.0,21
1450,-200.0,200,0.0,21
1451,-200.0,200,0.0,21
1452,-200.0,200,0.0,21
1453,-200.0,200,0.0,21
1454,-200.0,200,0.0,21
1455,-200.0,200,0.0,21
1456,-200.0,200,0.0,21
1457,-200.0,200,0.0,21
1458,-200.0,200,0.0,21
1459,-200.0,200,0.0,21
1460,-200.0,200,0.0,21
1461,-200.0,200,0.0,21
1462,-200.0,200,0.0,21
1463,-200.0,200,0.0,21
1464,-200.0,200,0.0,21
1465,-200.0,200,0.0,21
1466,-200.0,200,0.0,21
1467,-200.0,200,0.0,21
1468,-200.0,200,0.0,21
1469,-200.0,200,0.0,21
1470,-200.0,200,0.0,21
1471,-200.0,200,0.0,21
1472,-200.0,200,0.0,21
1473,-200.0,200,0.0,21
1474,-200.0,200,0.0,21
1475,-200.0,200,0.0,21
1476,-200.0,200,0.0,21
1477,-200.0,200,0.0,21
1478,-200.0,200,0.0,21
1479,-200.0,200,0.0,21
1480,-200.0,200,0.0,21
1481,-200.0,200,0.0,21
1482,-200.0,200,0.0,21
1483,-200.0,200,0.0,21
1484,-200.0,200,0.0,21
1485,-200.0,200,0.0,21
1486,-200.0,200,0.0,21
1487,-200.0,200,0.0,21
1488,-169.0,169,1.0,21
1489,-200.0,200,0.0,21
1490,-200.0,200,0.0,21
1491,-200.0,200,0.0,21
1492,-200.0,200,0.0,21
1493,-200.0,200,0.0,21
1494,-200.0,200,0.0,21
1495,-200.0,200,0.0,21
1496,-200.0,200,0.0,21
1497,-200.0,200,0.0,21
1498,-200.0,200,0.0,21
1499,-200.0,200,0.0,21
1500,-200.0,200,0.0,21
1501,-200.0,200,0.0,21
1502,-200.0,200,0.0,21
1503,-200.0,200,0.0,21
1504,-200.0,200,0.0,21
1505,-200.0,200,0.0,21
1506,-200.0,200,0.0,21
1507,-200.0,200,0.0,21
1508,-200.0,200,0.0,21
1509,-200.0,200,0.0,21
1510,-200.0,200,0.0,21
1511,-200.0,200,0.0,21
1512,-200.0,200,0.0,21
1513,-198.0,198,1.0,21
1514,-200.0,200,0.0,21
1515,-200.0,200,0.0,21
1516,-200.0,200,0.0,21
1517,-200.0,200,0.0,21
1518,-173.0,173,1.0,21
1519,-200.0,200,0.0,21
1520,-200.0,200,0.0,21
1521,-200.0,200,0.0,21
1522,-200.0,200,0.0,21
1523,-200.0,200,0.0,21
1524,-200.0,200,0.0,21
1525,-200.0,200,0.0,21
1526,-200.0,200,0.0,21
1527,-200.0,200,0.0,21
1528,-200.0,200,0.0,21
1529,-200.0,200,0.0,21
1530,-200.0,200,0.0,21
1531,-200.0,200,0.0,21
1532,-200.0,200,0.0,21
1533,-200.0,200,0.0,21
1534,-200.0,200,0.0,21
1535,-200.0,200,0.0,21
1536,-200.0,200,0.0,21
1537,-200.0,200,0.0,21
1538,-200.0,200,0.0,21
1539,-200.0,200,0.0,21
1540,-200.0,200,0.0,21
1541,-200.0,200,0.0,21
1542,-200.0,200,0.0,21
1543,-200.0,200,0.0,21
1544,-200.0,200,0.0,21
1545,-200.0,200,0.0,21
1546,-200.0,200,0.0,21
1547,-200.0,200,0.0,21
1548,-200.0,200,0.0,21
1549,-200.0,200,0.0,21
1550,-200.0,200,0.0,21
1551,-200.0,200,0.0,21
1552,-200.0,200,0.0,21
1553,-200.0,200,0.0,21
1554,-200.0,200,0.0,21
1555,-200.0,200,0.0,21
1556,-200.0,200,0.0,21
1557,-200.0,200,0.0,21
1558,-200.0,200,0.0,21
1559,-200.0,200,0.0,21
1560,-200.0,200,0.0,21
1561,-200.0,200,0.0,21
1562,-200.0,200,0.0,21
1563,-200.0,200,0.0,21
1564,-200.0,200,0.0,21
1565,-200.0,200,0.0,21
1566,-200.0,200,0.0,21
1567,-200.0,200,0.0,21
1568,-200.0,200,0.0,21
1569,-200.0,200,0.0,21
1570,-200.0,200,0.0,21
1571,-200.0,200,0.0,21
1572,-200.0,200,0.0,21
1573,-200.0,200,0.0,21
1574,-200.0,200,0.0,21
1575,-200.0,200,0.0,21
1576,-200.0,200,0.0,21
1577,-200.0,200,0.0,21
1578,-200.0,200,0.0,21
1579,-200.0,200,0.0,21
1580,-200.0,200,0.0,21
1581,-200.0,200,0.0,21
1582,-200.0,200,0.0,21
1583,-200.0,200,0.0,21
1584,-200.0,200,0.0,21
1585,-200.0,200,0.0,21
1586,-200.0,200,0.0,21
1587,-200.0,200,0.0,21
1588,-200.0,200,0.0,21
1589,-200.0,200,0.0,21
1590,-200.0,200,0.0,21
1591,-200.0,200,0.0,21
1592,-200.0,200,0.0,21
1593,-200.0,200,0.0,21
1594,-200.0,200,0.0,21
1595,-200.0,200,0.0,21
1596,-200.0,200,0.0,21
1597,-200.0,200,0.0,21
1598,-200.0,200,0.0,21
1599,-200.0,200,0.0,21
1600,-200.0,200,0.0,21
1601,-200.0,200,0.0,21
1602,-200.0,200,0.0,21
1603,-200.0,200,0.0,21
1604,-200.0,200,0.0,21
1605,-200.0,200,0.0,21
1606,-200.0,200,0.0,21
1607,-200.0,200,0.0,21
1608,-200.0,200,0.0,21
1609,-200.0,200,0.0,21
1610,-200.0,200,0.0,21
1611,-200.0,200,0.0,21
1612,-200.0,200,0.0,21
1613,-200.0,200,0.0,21
1614,-200.0,200,0.0,21
1615,-200.0,200,0.0,21
1616,-200.0,200,0.0,21
1617,-200.0,200,0.0,21
1618,-200.0,200,0.0,21
1619,-200.0,200,0.0,21
1620,-200.0,200,0.0,21
1621,-200.0,200,0.0,21
1622,-200.0,200,0.0,21
1623,-200.0,200,0.0,21
1624,-200.0,200,0.0,21
1625,-200.0,200,0.0,21
1626,-200.0,200,0.0,21
1627,-200.0,200,0.0,21
1628,-200.0,200,0.0,21
1629,-200.0,200,0.0,21
1630,-200.0,200,0.0,21
1631,-200.0,200,0.0,21
1632,-200.0,200,0.0,21
1633,-200.0,200,0.0,21
1634,-200.0,200,0.0,21
1635,-200.0,200,0.0,21
1636,-200.0,200,0.0,21
1637,-200.0,200,0.0,21
1638,-200.0,200,0.0,21
1639,-200.0,200,0.0,21
1640,-200.0,200,0.0,21
1641,-200.0,200,0.0,21
1642,-200.0,200,0.0,21
1643,-200.0,200,0.0,21
1644,-200.0,200,0.0,21
1645,-200.0,200,0.0,21
1646,-200.0,200,0.0,21
1647,-200.0,200,0.0,21
1648,-200.0,200,0.0,21
1649,-200.0,200,0.0,21
1650,-200.0,200,0.0,21
1651,-200.0,200,0.0,21
1652,-200.0,200,0.0,21
1653,-200.0,200,0.0,21
1654,-200.0,200,0.0,21
1655,-200.0,200,0.0,21
1656,-200.0,200,0.0,21
1657,-200.0,200,0.0,21
1658,-200.0,200,0.0,21
1659,-200.0,200,0.0,21
1660,-200.0,200,0.0,21
1661,-200.0,200,0.0,21
1662,-200.0,200,0.0,21
1663,-200.0,200,0.0,21
1664,-200.0,200,0.0,21
1665,-200.0,200,0.0,21
1666,-200.0,200,0.0,21
1667,-200.0,200,0.0,21
1668,-200.0,200,0.0,21
1669,-200.0,200,0.0,21
1670,-200.0,200,0.0,21
1671,-200.0,200,0.0,21
1672,-200.0,200,0.0,21
1673,-200.0,200,0.0,21
1674,-200.0,200,0.0,21
1675,-200.0,200,0.0,21
1676,-200.0,200,0.0,21
1677,-200.0,200,0.0,21
1678,-200.0,200,0.0,21
1679,-200.0,200,0.0,21
1680,-200.0,200,0.0,21
1681,-200.0,200,0.0,21
1682,-200.0,200,0.0,21
1683,-200.0,200,0.0,21
1684,-200.0,200,0.0,21
1685,-200.0,200,0.0,21
1686,-200.0,200,0.0,21
1687,-200.0,200,0.0,21
1688,-183.0,183,1.0,21
1689,-200.0,200,0.0,21
1690,-200.0,200,0.0,21
1691,-200.0,200,0.0,21
1692,-200.0,200,0.0,21
1693,-200.0,200,0.0,21
1694,-200.0,200,0.0,21
1695,-157.0,157,1.0,21
1696,-200.0,200,0.0,21
1697,-200.0,200,0.0,21
1698,-200.0,200,0.0,21
1699,-200.0,200,0.0,21
1700,-200.0,200,0.0,21
1701,-200.0,200,0.0,21
1702,-200.0,200,0.0,21
1703,-200.0,200,0.0,21
1704,-200.0,200,0.0,21
1705,-200.0,200,0.0,21
1706,-200.0,200,0.0,21
1707,-200.0,200,0.0,21
1708,-200.0,200,0.0,21
1709,-200.0,200,0.0,21
1710,-200.0,200,0.0,21
1711,-200.0,200,0.0,21
1712,-200.0,200,0.0,21
1713,-200.0,200,0.0,21
1714,-200.0,200,0.0,21
1715,-191.0,191,1.0,21
1716,-200.0,200,0.0,21
1717,-200.0,200,0.0,21
1718,-181.0,181,1.0,21
1719,-168.0,168,1.0,21
1720,-198.0,198,1.0,21
1721,-200.0,200,0.0,21
1722,-200.0,200,0.0,21
1723,-200.0,200,0.0,21
1724,-200.0,200,0.0,21
1725,-200.0,200,0.0,21
1726,-200.0,200,0.0,21
1727,-200.0,200,0.0,21
1728,-200.0,200,0.0,21
1729,-200.0,200,0.0,21
1730,-199.0,199,1.0,21
1731,-200.0,200,0.0,21
1732,-200.0,200,0.0,21
1733,-200.0,200,0.0,21
1734,-200.0,200,0.0,21
1735,-200.0,200,0.0,21
1736,-200.0,200,0.0,21
1737,-200.0,200,0.0,21
1738,-200.0,200,0.0,21
1739,-195.0,195,1.0,21
1740,-200.0,200,0.0,21
1741,-200.0,200,0.0,21
1742,-200.0,200,0.0,21
1743,-196.0,196,1.0,21
1744,-200.0,200,0.0,21
1745,-200.0,200,0.0,21
1746,-200.0,200,0.0,21
1747,-200.0,200,0.0,21
1748,-200.0,200,0.0,21
1749,-200.0,200,0.0,21
1750,-200.0,200,0.0,21
1751,-200.0,200,0.0,21
1752,-190.0,190,1.0,21
1753,-200.0,200,0.0,21
1754,-199.0,199,1.0,21
1755,-200.0,200,0.0,21
1756,-200.0,200,0.0,21
1757,-200.0,200,0.0,21
1758,-200.0,200,0.0,21
1759,-200.0,200,0.0,21
1760,-200.0,200,0.0,21
1761,-200.0,200,0.0,21
1762,-200.0,200,0.0,21
1763,-200.0,200,0.0,21
1764,-200.0,200,0.0,21
1765,-200.0,200,0.0,21
1766,-200.0,200,0.0,21
1767,-200.0,200,0.0,21
1768,-200.0,200,0.0,21
1769,-200.0,200,0.0,21
1770,-200.0,200,0.0,21
1771,-200.0,200,0.0,21
1772,-200.0,200,0.0,21
1773,-200.0,200,0.0,21
1774,-200.0,200,0.0,21
1775,-200.0,200,0.0,21
1776,-200.0,200,0.0,21
1777,-200.0,200,0.0,21
1778,-200.0,200,0.0,21
1779,-200.0,200,0.0,21
1780,-200.0,200,0.0,21
1781,-200.0,200,0.0,21
1782,-200.0,200,0.0,21
1783,-200.0,200,0.0,21
1784,-200.0,200,0.0,21
1785,-200.0,200,0.0,21
1786,-200.0,200,0.0,21
1787,-200.0,200,0.0,21
1788,-200.0,200,0.0,21
1789,-200.0,200,0.0,21
1790,-200.0,200,0.0,21
1791,-200.0,200,0.0,21
1792,-200.0,200,0.0,21
1793,-200.0,200,0.0,21
1794,-200.0,200,0.0,21
1795,-200.0,200,0.0,21
1796,-200.0,200,0.0,21
1797,-200.0,200,0.0,21
1798,-200.0,200,0.0,21
1799,-200.0,200,0.0,21
1800,-200.0,200,0.0,21
1801,-200.0,200,0.0,21
1802,-197.0,197,1.0,21
1803,-200.0,200,0.0,21
1804,-200.0,200,0.0,21
1805,-200.0,200,0.0,21
1806,-200.0,200,0.0,21
1807,-200.0,200,0.0,21
1808,-200.0,200,0.0,21
1809,-200.0,200,0.0,21
1810,-200.0,200,0.0,21
1811,-200.0,200,0.0,21
1812,-200.0,200,0.0,21
1813,-200.0,200,0.0,21
1814,-200.0,200,0.0,21
1815,-200.0,200,0.0,21
1816,-200.0,200,0.0,21
1817,-200.0,200,0.0,21
1818,-200.0,200,0.0,21
1819,-200.0,200,0.0,21
1820,-200.0,200,0.0,21
1821,-200.0,200,0.0,21
1822,-200.0,200,0.0,21
1823,-200.0,200,0.0,21
1824,-200.0,200,0.0,21
1825,-200.0,200,0.0,21
1826,-200.0,200,0.0,21
1827,-200.0,200,0.0,21
1828,-200.0,200,0.0,21
1829,-200.0,200,0.0,21
1830,-200.0,200,0.0,21
1831,-200.0,200,0.0,21
1832,-200.0,200,0.0,21
1833,-200.0,200,0.0,21
1834,-200.0,200,0.0,21
1835,-200.0,200,0.0,21
1836,-200.0,200,0.0,21
1837,-200.0,200,0.0,21
1838,-200.0,200,0.0,21
1839,-200.0,200,0.0,21
1840,-200.0,200,0.0,21
1841,-200.0,200,0.0,21
1842,-200.0,200,0.0,21
1843,-200.0,200,0.0,21
1844,-200.0,200,0.0,21
1845,-200.0,200,0.0,21
1846,-200.0,200,0.0,21
1847,-200.0,200,0.0,21
1848,-178.0,178,1.0,21
1849,-200.0,200,0.0,21
1850,-200.0,200,0.0,21
1851,-163.0,163,1.0,21
1852,-200.0,200,0.0,21
1853,-200.0,200,0.0,21
1854,-200.0,200,0.0,21
1855,-200.0,200,0.0,21
1856,-200.0,200,0.0,21
1857,-200.0,200,0.0,21
1858,-200.0,200,0.0,21
1859,-200.0,200,0.0,21
1860,-200.0,200,0.0,21
1861,-200.0,200,0.0,21
1862,-200.0,200,0.0,21
1863,-200.0,200,0.0,21
1864,-200.0,200,0.0,21
1865,-200.0,200,0.0,21
1866,-200.0,200,0.0,21
1867,-200.0,200,0.0,21
1868,-200.0,200,0.0,21
1869,-200.0,200,0.0,21
1870,-200.0,200,0.0,21
1871,-200.0,200,0.0,21
1872,-200.0,200,0.0,21
1873,-200.0,200,0.0,21
1874,-200.0,200,0.0,21
1875,-200.0,200,0.0,21
1876,-200.0,200,0.0,21
1877,-200.0,200,0.0,21
1878,-200.0,200,0.0,21
1879,-200.0,200,0.0,21
1880,-200.0,200,0.0,21
1881,-200.0,200,0.0,21
1882,-200.0,200,0.0,21
1883,-200.0,200,0.0,21
1884,-200.0,200,0.0,21
1885,-200.0,200,0.0,21
1886,-200.0,200,0.0,21
1887,-200.0,200,0.0,21
1888,-200.0,200,0.0,21
1889,-200.0,200,0.0,21
1890,-200.0,200,0.0,21
1891,-200.0,200,0.0,21
1892,-200.0,200,0.0,21
1893,-200.0,200,0.0,21
1894,-200.0,200,0.0,21
1895,-200.0,200,0.0,21
1896,-200.0,200,0.0,21
1897,-200.0,200,0.0,21
1898,-200.0,200,0.0,21
1899,-200.0,200,0.0,21
1900,-200.0,200,0.0,21
1901,-200.0,200,0.0,21
1902,-200.0,200,0.0,21
1903,-200.0,200,0.0,21
1904,-200.0,200,0.0,21
1905,-200.0,200,0.0,21
1906,-200.0,200,0.0,21
1907,-200.0,200,0.0,21
1908,-200.0,200,0.0,21
1909,-200.0,200,0.0,21
1910,-200.0,200,0.0,21
1911,-200.0,200,0.0,21
1912,-200.0,200,0.0,21
1913,-200.0,200,0.0,21
1914,-200.0,200,0.0,21
1915,-200.0,200,0.0,21
1916,-200.0,200,0.0,21
1917,-200.0,200,0.0,21
1918,-200.0,200,0.0,21
1919,-200.0,200,0.0,21
1920,-200.0,200,0.0,21
1921,-200.0,200,0.0,21
1922,-200.0,200,0.0,21
1923,-200.0,200,0.0,21
1924,-200.0,200,0.0,21
1925,-200.0,200,0.0,21
1926,-200.0,200,0.0,21
1927,-200.0,200,0.0,21
1928,-200.0,200,0.0,21
1929,-200.0,200,0.0,21
1930,-200.0,200,0.0,21
1931,-166.0,166,1.0,21
1932,-200.0,200,0.0,21
1933,-200.0,200,0.0,21
1934,-200.0,200,0.0,21
1935,-200.0,200,0.0,21
1936,-200.0,200,0.0,21
1937,-200.0,200,0.0,21
1938,-200.0,200,0.0,21
1939,-200.0,200,0.0,21
1940,-200.0,200,0.0,21
1941,-200.0,200,0.0,21
1942,-200.0,200,0.0,21
1943,-200.0,200,0.0,21
1944,-200.0,200,0.0,21
1945,-200.0,200,0.0,21
1946,-200.0,200,0.0,21
1947,-200.0,200,0.0,21
1948,-200.0,200,0.0,21
1949,-200.0,200,0.0,21
1950,-200.0,200,0.0,21
1951,-200.0,200,0.0,21
1952,-200.0,200,0.0,21
1953,-200.0,200,0.0,21
1954,-200.0,200,0.0,21
1955,-200.0,200,0.0,21
1956,-200.0,200,0.0,21
1957,-200.0,200,0.0,21
1958,-200.0,200,0.0,21
1959,-200.0,200,0.0,21
1960,-200.0,200,0.0,21
1961,-200.0,200,0.0,21
1962,-200.0,200,0.0,21
1963,-200.0,200,0.0,21
1964,-200.0,200,0.0,21
1965,-200.0,200,0.0,21
1966,-200.0,200,0.0,21
1967,-200.0,200,0.0,21
1968,-200.0,200,0.0,21
1969,-200.0,200,0.0,21
1970,-200.0,200,0.0,21
1971,-200.0,200,0.0,21
1972,-200.0,200,0.0,21
1973,-200.0,200,0.0,21
1974,-200.0,200,0.0,21
1975,-200.0,200,0.0,21
1976,-200.0,200,0.0,21
1977,-200.0,200,0.0,21
1978,-200.0,200,0.0,21
1979,-200.0,200,0.0,21
1980,-200.0,200,0.0,21
1981,-200.0,200,0.0,21
1982,-200.0,200,0.0,21
1983,-200.0,200,0.0,21
1984,-200.0,200,0.0,21
1985,-200.0,200,0.0,21
1986,-200.0,200,0.0,21
1987,-200.0,200,0.0,21
1988,-200.0,200,0.0,21
1989,-200.0,200,0.0,21
1990,-200.0,200,0.0,21
1991,-200.0,200,0.0,21
1992,-200.0,200,0.0,21
1993,-200.0,200,0.0,21
1994,-200.0,200,0.0,21
1995,-200.0,200,0.0,21
1996,-200.0,200,0.0,21
1997,-200.0,200,0.0,21
1998,-200.0,200,0.0,21
1999,-200.0,200,0.0,21
2000,-200.0,200,0.0,21
2001,-200.0,200,0.0,21
2002,-200.0,200,0.0,21
2003,-200.0,200,0.0,21
2004,-200.0,200,0.0,21
2005,-200.0,200,0.0,21
2006,-200.0,200,0.0,21
2007,-200.0,200,0.0,21
2008,-200.0,200,0.0,21
2009,-200.0,200,0.0,21
2010,-200.0,200,0.0,21
2011,-200.0,200,0.0,21
2012,-200.0,200,0.0,21
2013,-200.0,200,0.0,21
2014,-200.0,200,0.0,21
2015,-200.0,200,0.0,21
2016,-200.0,200,0.0,21
2017,-200.0,200,0.0,21
2018,-200.0,200,0.0,21
2019,-200.0,200,0.0,21
2020,-200.0,200,0.0,21
2021,-200.0,200,0.0,21
2022,-200.0,200,0.0,21
2023,-200.0,200,0.0,21
2024,-200.0,200,0.0,21
2025,-200.0,200,0.0,21
2026,-200.0,200,0.0,21
2027,-200.0,200,0.0,21
2028,-200.0,200,0.0,21
2029,-200.0,200,0.0,21
2030,-200.0,200,0.0,21
2031,-200.0,200,0.0,21
2032,-200.0,200,0.0,21
2033,-200.0,200,0.0,21
2034,-200.0,200,0.0,21
2035,-200.0,200,0.0,21
2036,-200.0,200,0.0,21
2037,-200.0,200,0.0,21
2038,-200.0,200,0.0,21
2039,-200.0,200,0.0,21
2040,-200.0,200,0.0,21
2041,-200.0,200,0.0,21
2042,-200.0,200,0.0,21
2043,-200.0,200,0.0,21
2044,-200.0,200,0.0,21
2045,-200.0,200,0.0,21
2046,-200.0,200,0.0,21
2047,-200.0,200,0.0,21
2048,-200.0,200,0.0,21
2049,-200.0,200,0.0,21
2050,-200.0,200,0.0,21
2051,-200.0,200,0.0,21
2052,-200.0,200,0.0,21
2053,-200.0,200,0.0,21
2054,-200.0,200,0.0,21
2055,-200.0,200,0.0,21
2056,-200.0,200,0.0,21
2057,-200.0,200,0.0,21
2058,-200.0,200,0.0,21
2059,-200.0,200,0.0,21
2060,-200.0,200,0.0,21
2061,-200.0,200,0.0,21
2062,-200.0,200,0.0,21
2063,-200.0,200,0.0,21
2064,-200.0,200,0.0,21
2065,-172.0,172,1.0,21
2066,-200.0,200,0.0,21
2067,-200.0,200,0.0,21
2068,-164.0,164,1.0,21
2069,-163.0,163,1.0,21
2070,-200.0,200,0.0,21
2071,-200.0,200,0.0,21
2072,-200.0,200,0.0,21
2073,-200.0,200,0.0,21
2074,-200.0,200,0.0,21
2075,-200.0,200,0.0,21
2076,-164.0,164,1.0,21
2077,-200.0,200,0.0,21
2078,-200.0,200,0.0,21
2079,-200.0,200,0.0,21
2080,-200.0,200,0.0,21
2081,-200.0,200,0.0,21
2082,-200.0,200,0.0,21
2083,-200.0,200,0.0,21
2084,-200.0,200,0.0,21
2085,-200.0,200,0.0,21
2086,-200.0,200,0.0,21
2087,-200.0,200,0.0,21
2088,-200.0,200,0.0,21
2089,-200.0,200,0.0,21
2090,-167.0,167,1.0,21
2091,-192.0,192,1.0,21
2092,-200.0,200,0.0,21
2093,-200.0,200,0.0,21
2094,-200.0,200,0.0,21
2095,-200.0,200,0.0,21
2096,-200.0,200,0.0,21
2097,-160.0,160,1.0,21
2098,-200.0,200,0.0,21
2099,-166.0,166,1.0,21
2100,-197.0,197,1.0,21
2101,-164.0,164,1.0,21
2102,-168.0,168,1.0,21
2103,-200.0,200,0.0,21
2104,-192.0,192,1.0,21
2105,-200.0,200,0.0,21
2106,-200.0,200,0.0,21
2107,-200.0,200,0.0,21
2108,-200.0,200,0.0,21
2109,-200.0,200,0.0,21
2110,-172.0,172,1.0,21
2111,-200.0,200,0.0,21
2112,-200.0,200,0.0,21
2113,-200.0,200,0.0,21
2114,-200.0,200,0.0,21
2115,-200.0,200,0.0,21
2116,-200.0,200,0.0,21
2117,-200.0,200,0.0,21
2118,-200.0,200,0.0,21
2119,-200.0,200,0.0,21
2120,-200.0,200,0.0,21
2121,-200.0,200,0.0,21
2122,-200.0,200,0.0,21
2123,-200.0,200,0.0,21
2124,-200.0,200,0.0,21
2125,-200.0,200,0.0,21
2126,-200.0,200,0.0,21
2127,-200.0,200,0.0,21
2128,-200.0,200,0.0,21
2129,-200.0,200,0.0,21
2130,-200.0,200,0.0,21
2131,-200.0,200,0.0,21
2132,-200.0,200,0.0,21
2133,-200.0,200,0.0,21
2134,-200.0,200,0.0,21
2135,-200.0,200,0.0,21
2136,-200.0,200,0.0,21
2137,-200.0,200,0.0,21
2138,-200.0,200,0.0,21
2139,-200.0,200,0.0,21
2140,-200.0,200,0.0,21
2141,-200.0,200,0.0,21
2142,-200.0,200,0.0,21
2143,-200.0,200,0.0,21
2144,-200.0,200,0.0,21
2145,-200.0,200,0.0,21
2146,-200.0,200,0.0,21
2147,-200.0,200,0.0,21
2148,-200.0,200,0.0,21
2149,-200.0,200,0.0,21
2150,-200.0,200,0.0,21
2151,-200.0,200,0.0,21
2152,-200.0,200,0.0,21
2153,-200.0,200,0.0,21
2154,-200.0,200,0.0,21
2155,-200.0,200,0.0,21
2156,-200.0,200,0.0,21
2157,-200.0,200,0.0,21
2158,-200.0,200,0.0,21
2159,-200.0,200,0.0,21
2160,-200.0,200,0.0,21
2161,-200.0,200,0.0,21
2162,-200.0,200,0.0,21
2163,-200.0,200,0.0,21
2164,-200.0,200,0.0,21
2165,-200.0,200,0.0,21
2166,-200.0,200,0.0,21
2167,-200.0,200,0.0,21
2168,-200.0,200,0.0,21
2169,-200.0,200,0.0,21
2170,-200.0,200,0.0,21
2171,-200.0,200,0.0,21
2172,-200.0,200,0.0,21
2173,-200.0,200,0.0,21
2174,-200.0,200,0.0,21
2175,-200.0,200,0.0,21
2176,-200.0,200,0.0,21
2177,-200.0,200,0.0,21
2178,-200.0,200,0.0,21
2179,-200.0,200,0.0,21
2180,-200.0,200,0.0,21
2181,-200.0,200,0.0,21
2182,-200.0,200,0.0,21
2183,-200.0,200,0.0,21
2184,-200.0,200,0.0,21
2185,-200.0,200,0.0,21
2186,-199.0,199,1.0,21
2187,-200.0,200,0.0,21
2188,-199.0,199,1.0,21
2189,-200.0,200,0.0,21
2190,-200.0,200,0.0,21
2191,-200.0,200,0.0,21
2192,-200.0,200,0.0,21
2193,-200.0,200,0.0,21
2194,-200.0,200,0.0,21
2195,-193.0,193,1.0,21
2196,-200.0,200,0.0,21
2197,-190.0,190,1.0,21
2198,-199.0,199,1.0,21
2199,-200.0,200,0.0,21
2200,-200.0,200,0.0,21
2201,-199.0,199,1.0,21
2202,-200.0,200,0.0,21
2203,-200.0,200,0.0,21
2204,-200.0,200,0.0,21
2205,-200.0,200,0.0,21
2206,-200.0,200,0.0,21
2207,-200.0,200,0.0,21
2208,-200.0,200,0.0,21
2209,-200.0,200,0.0,21
2210,-200.0,200,0.0,21
2211,-200.0,200,0.0,21
2212,-200.0,200,0.0,21
2213,-200.0,200,0.0,21
2214,-200.0,200,0.0,21
2215,-200.0,200,0.0,21
2216,-166.0,166,1.0,21
2217,-200.0,200,0.0,21
2218,-200.0,200,0.0,21
2219,-200.0,200,0.0,21
2220,-200.0,200,0.0,21
2221,-200.0,200,0.0,21
2222,-200.0,200,0.0,21
2223,-200.0,200,0.0,21
2224,-159.0,159,1.0,21
2225,-200.0,200,0.0,21
2226,-200.0,200,0.0,21
2227,-168.0,168,1.0,21
2228,-199.0,199,1.0,21
2229,-164.0,164,1.0,21
2230,-200.0,200,0.0,21
2231,-200.0,200,0.0,21
2232,-200.0,200,0.0,21
2233,-200.0,200,0.0,21
2234,-198.0,198,1.0,21
2235,-200.0,200,0.0,21
2236,-200.0,200,0.0,21
2237,-200.0,200,0.0,21
2238,-197.0,197,1.0,21
2239,-200.0,200,0.0,21
2240,-200.0,200,0.0,21
2241,-200.0,200,0.0,21
2242,-200.0,200,0.0,21
2243,-200.0,200,0.0,21
2244,-200.0,200,0.0,21
2245,-200.0,200,0.0,21
2246,-200.0,200,0.0,21
2247,-200.0,200,0.0,21
2248,-200.0,200,0.0,21
2249,-200.0,200,0.0,21
2250,-200.0,200,0.0,21
2251,-200.0,200,0.0,21
2252,-200.0,200,0.0,21
2253,-200.0,200,0.0,21
2254,-200.0,200,0.0,21
2255,-200.0,200,0.0,21
2256,-193.0,193,1.0,21
2257,-200.0,200,0.0,21
2258,-169.0,169,1.0,21
2259,-200.0,200,0.0,21
2260,-200.0,200,0.0,21
2261,-200.0,200,0.0,21
2262,-200.0,200,0.0,21
2263,-200.0,200,0.0,21
2264,-195.0,195,1.0,21
2265,-168.0,168,1.0,21
2266,-200.0,200,0.0,21
2267,-200.0,200,0.0,21
2268,-195.0,195,1.0,21
2269,-200.0,200,0.0,21
2270,-200.0,200,0.0,21
2271,-187.0,187,1.0,21
2272,-164.0,164,1.0,21
2273,-200.0,200,0.0,21
2274,-200.0,200,0.0,21
2275,-200.0,200,0.0,21
2276,-190.0,190,1.0,21
2277,-200.0,200,0.0,21
2278,-200.0,200,0.0,21
2279,-195.0,195,1.0,21
2280,-198.0,198,1.0,21
2281,-194.0,194,1.0,21
2282,-163.0,163,1.0,21
2283,-184.0,184,1.0,21
2284,-198.0,198,1.0,21
2285,-200.0,200,0.0,21
2286,-173.0,173,1.0,21
2287,-200.0,200,0.0,21
2288,-169.0,169,1.0,21
2289,-177.0,177,1.0,21
2290,-198.0,198,1.0,21
2291,-170.0,170,1.0,21
2292,-197.0,197,1.0,21
2293,-198.0,198,1.0,21
2294,-200.0,200,0.0,21
2295,-200.0,200,0.0,21
2296,-194.0,194,1.0,21
2297,-196.0,196,1.0,21
2298,-186.0,186,1.0,21
2299,-167.0,167,1.0,21
2300,-200.0,200,0.0,21
2301,-166.0,166,1.0,21
2302,-197.0,197,1.0,21
2303,-185.0,185,1.0,21
2304,-200.0,200,0.0,21
2305,-200.0,200,0.0,21
2306,-169.0,169,1.0,21
2307,-200.0,200,0.0,21
2308,-200.0,200,0.0,21
2309,-187.0,187,1.0,21
2310,-164.0,164,1.0,21
2311,-156.0,156,1.0,21
2312,-179.0,179,1.0,21
2313,-164.0,164,1.0,21
2314,-200.0,200,0.0,21
2315,-200.0,200,0.0,21
2316,-185.0,185,1.0,21
2317,-200.0,200,0.0,21
2318,-168.0,168,1.0,21
2319,-200.0,200,0.0,21
2320,-200.0,200,0.0,21
2321,-200.0,200,0.0,21
2322,-170.0,170,1.0,21
2323,-200.0,200,0.0,21
2324,-162.0,162,1.0,21
2325,-200.0,200,0.0,21
2326,-200.0,200,0.0,21
2327,-200.0,200,0.0,21
2328,-167.0,167,1.0,21
2329,-200.0,200,0.0,21
2330,-200.0,200,0.0,21
2331,-200.0,200,0.0,21
2332,-177.0,177,1.0,21
2333,-200.0,200,0.0,21
2334,-200.0,200,0.0,21
2335,-200.0,200,0.0,21
2336,-200.0,200,0.0,21
2337,-200.0,200,0.0,21
2338,-197.0,197,1.0,21
2339,-200.0,200,0.0,21
2340,-200.0,200,0.0,21
2341,-200.0,200,0.0,21
2342,-200.0,200,0.0,21
2343,-200.0,200,0.0,21
2344,-200.0,200,0.0,21
2345,-200.0,200,0.0,21
2346,-200.0,200,0.0,21
2347,-200.0,200,0.0,21
2348,-200.0,200,0.0,21
2349,-200.0,200,0.0,21
2350,-193.0,193,1.0,21
2351,-172.0,172,1.0,21
2352,-200.0,200,0.0,21
2353,-200.0,200,0.0,21
2354,-200.0,200,0.0,21
2355,-200.0,200,0.0,21
2356,-200.0,200,0.0,21
2357,-163.0,163,1.0,21
2358,-200.0,200,0.0,21
2359,-200.0,200,0.0,21
2360,-200.0,200,0.0,21
2361,-200.0,200,0.0,21
2362,-200.0,200,0.0,21
2363,-200.0,200,0.0,21
2364,-200.0,200,0.0,21
2365,-200.0,200,0.0,21
2366,-200.0,200,0.0,21
2367,-200.0,200,0.0,21
2368,-196.0,196,1.0,21
2369,-200.0,200,0.0,21
2370,-200.0,200,0.0,21
2371,-200.0,200,0.0,21
2372,-200.0,200,0.0,21
2373,-200.0,200,0.0,21
2374,-200.0,200,0.0,21
2375,-200.0,200,0.0,21
2376,-200.0,200,0.0,21
2377,-200.0,200,0.0,21
2378,-200.0,200,0.0,21
2379,-200.0,200,0.0,21
2380,-200.0,200,0.0,21
2381,-200.0,200,0.0,21
2382,-200.0,200,0.0,21
2383,-200.0,200,0.0,21
2384,-169.0,169,1.0,21
2385,-200.0,200,0.0,21
2386,-200.0,200,0.0,21
2387,-200.0,200,0.0,21
2388,-200.0,200,0.0,21
2389,-200.0,200,0.0,21
2390,-200.0,200,0.0,21
2391,-200.0,200,0.0,21
2392,-200.0,200,0.0,21
2393,-200.0,200,0.0,21
2394,-200.0,200,0.0,21
2395,-200.0,200,0.0,21
2396,-200.0,200,0.0,21
2397,-200.0,200,0.0,21
2398,-200.0,200,0.0,21
2399,-200.0,200,0.0,21
2400,-200.0,200,0.0,21
2401,-200.0,200,0.0,21
2402,-200.0,200,0.0,21
2403,-200.0,200,0.0,21
2404,-200.0,200,0.0,21
2405,-200.0,200,0.0,21
2406,-200.0,200,0.0,21
2407,-200.0,200,0.0,21
2408,-200.0,200,0.0,21
2409,-200.0,200,0.0,21
2410,-200.0,200,0.0,21
2411,-200.0,200,0.0,21
2412,-200.0,200,0.0,21
2413,-200.0,200,0.0,21
2414,-200.0,200,0.0,21
2415,-200.0,200,0.0,21
2416,-200.0,200,0.0,21
2417,-200.0,200,0.0,21
2418,-200.0,200,0.0,21
2419,-200.0,200,0.0,21
2420,-200.0,200,0.0,21
2421,-200.0,200,0.0,21
2422,-200.0,200,0.0,21
2423,-200.0,200,0.0,21
2424,-200.0,200,0.0,21
2425,-200.0,200,0.0,21
2426,-200.0,200,0.0,21
2427,-200.0,200,0.0,21
2428,-200.0,200,0.0,21
2429,-200.0,200,0.0,21
2430,-174.0,174,1.0,21
2431,-200.0,200,0.0,21
2432,-200.0,200,0.0,21
2433,-200.0,200,0.0,21
2434,-200.0,200,0.0,21
2435,-200.0,200,0.0,21
2436,-200.0,200,0.0,21
2437,-200.0,200,0.0,21
2438,-200.0,200,0.0,21
2439,-191.0,191,1.0,21
2440,-200.0,200,0.0,21
2441,-200.0,200,0.0,21
2442,-200.0,200,0.0,21
2443,-200.0,200,0.0,21
2444,-200.0,200,0.0,21
2445,-200.0,200,0.0,21
2446,-200.0,200,0.0,21
2447,-166.0,166,1.0,21
2448,-168.0,168,1.0,21
2449,-193.0,193,1.0,21
2450,-200.0,200,0.0,21
2451,-173.0,173,1.0,21
2452,-200.0,200,0.0,21
2453,-166.0,166,1.0,21
2454,-200.0,200,0.0,21
2455,-200.0,200,0.0,21
2456,-167.0,167,1.0,21
2457,-200.0,200,0.0,21
2458,-200.0,200,0.0,21
2459,-200.0,200,0.0,21
2460,-200.0,200,0.0,21
2461,-200.0,200,0.0,21
2462,-200.0,200,0.0,21
2463,-200.0,200,0.0,21
2464,-200.0,200,0.0,21
2465,-200.0,200,0.0,21
2466,-200.0,200,0.0,21
2467,-166.0,166,1.0,21
2468,-200.0,200,0.0,21
2469,-200.0,200,0.0,21
2470,-200.0,200,0.0,21
2471,-200.0,200,0.0,21
2472,-200.0,200,0.0,21
2473,-200.0,200,0.0,21
2474,-200.0,200,0.0,21
2475,-200.0,200,0.0,21
2476,-200.0,200,0.0,21
2477,-200.0,200,0.0,21
2478,-200.0,200,0.0,21
2479,-200.0,200,0.0,21
2480,-200.0,200,0.0,21
2481,-169.0,169,1.0,21
2482,-200.0,200,0.0,21
2483,-200.0,200,0.0,21
2484,-200.0,200,0.0,21
2485,-200.0,200,0.0,21
2486,-200.0,200,0.0,21
2487,-200.0,200,0.0,21
2488,-200.0,200,0.0,21
2489,-176.0,176,1.0,21
2490,-200.0,200,0.0,21
2491,-200.0,200,0.0,21
2492,-200.0,200,0.0,21
2493,-200.0,200,0.0,21
2494,-200.0,200,0.0,21
2495,-200.0,200,0.0,21
2496,-200.0,200,0.0,21
2497,-200.0,200,0.0,21
2498,-200.0,200,0.0,21
2499,-200.0,200,0.0,21
2500,-200.0,200,0.0,21
2501,-200.0,200,0.0,21
2502,-164.0,164,1.0,21
2503,-200.0,200,0.0,21
2504,-200.0,200,0.0,21
2505,-200.0,200,0.0,21
2506,-200.0,200,0.0,21
2507,-189.0,189,1.0,21
2508,-200.0,200,0.0,21
2509,-195.0,195,1.0,21
2510,-200.0,200,0.0,21
2511,-200.0,200,0.0,21
2512,-200.0,200,0.0,21
2513,-200.0,200,0.0,21
2514,-200.0,200,0.0,21
2515,-200.0,200,0.0,21
2516,-199.0,199,1.0,21
2517,-200.0,200,0.0,21
2518,-155.0,155,1.0,21
2519,-200.0,200,0.0,21
2520,-200.0,200,0.0,21
2521,-193.0,193,1.0,21
2522,-200.0,200,0.0,21
2523,-200.0,200,0.0,21
2524,-200.0,200,0.0,21
2525,-200.0,200,0.0,21
2526,-175.0,175,1.0,21
2527,-200.0,200,0.0,21
2528,-200.0,200,0.0,21
2529,-200.0,200,0.0,21
2530,-200.0,200,0.0,21
2531,-200.0,200,0.0,21
2532,-200.0,200,0.0,21
2533,-200.0,200,0.0,21
2534,-200.0,200,0.0,21
2535,-194.0,194,1.0,21
2536,-200.0,200,0.0,21
2537,-200.0,200,0.0,21
2538,-200.0,200,0.0,21
2539,-200.0,200,0.0,21
2540,-200.0,200,0.0,21
2541,-200.0,200,0.0,21
2542,-200.0,200,0.0,21
2543,-200.0,200,0.0,21
2544,-200.0,200,0.0,21
2545,-200.0,200,0.0,21
2546,-200.0,200,0.0,21
2547,-200.0,200,0.0,21
2548,-200.0,200,0.0,21
2549,-200.0,200,0.0,21
2550,-200.0,200,0.0,21
2551,-200.0,200,0.0,21
2552,-196.0,196,1.0,21
2553,-200.0,200,0.0,21
2554,-200.0,200,0.0,21
2555,-189.0,189,1.0,21
2556,-200.0,200,0.0,21
2557,-200.0,200,0.0,21
2558,-200.0,200,0.0,21
2559,-200.0,200,0.0,21
2560,-200.0,200,0.0,21
2561,-200.0,200,0.0,21
2562,-200.0,200,0.0,21
2563,-200.0,200,0.0,21
2564,-200.0,200,0.0,21
2565,-200.0,200,0.0,21
2566,-200.0,200,0.0,21
2567,-200.0,200,0.0,21
2568,-200.0,200,0.0,21
2569,-200.0,200,0.0,21
2570,-200.0,200,0.0,21
2571,-193.0,193,1.0,21
2572,-200.0,200,0.0,21
2573,-200.0,200,0.0,21
2574,-200.0,200,0.0,21
2575,-200.0,200,0.0,21
2576,-200.0,200,0.0,21
2577,-200.0,200,0.0,21
2578,-200.0,200,0.0,21
2579,-200.0,200,0.0,21
2580,-199.0,199,1.0,21
2581,-200.0,200,0.0,21
2582,-200.0,200,0.0,21
2583,-200.0,200,0.0,21
2584,-200.0,200,0.0,21
2585,-199.0,199,1.0,21
2586,-200.0,200,0.0,21
2587,-200.0,200,0.0,21
2588,-200.0,200,0.0,21
2589,-200.0,200,0.0,21
2590,-200.0,200,0.0,21
2591,-200.0,200,0.0,21
2592,-200.0,200,0.0,21
2593,-200.0,200,0.0,21
2594,-195.0,195,1.0,21
2595,-200.0,200,0.0,21
2596,-200.0,200,0.0,21
2597,-200.0,200,0.0,21
2598,-200.0,200,0.0,21
2599,-200.0,200,0.0,21
2600,-200.0,200,0.0,21
2601,-200.0,200,0.0,21
2602,-200.0,200,0.0,21
2603,-200.0,200,0.0,21
2604,-200.0,200,0.0,21
2605,-200.0,200,0.0,21
2606,-200.0,200,0.0,21
2607,-200.0,200,0.0,21
2608,-200.0,200,0.0,21
2609,-200.0,200,0.0,21
2610,-200.0,200,0.0,21
2611,-200.0,200,0.0,21
2612,-200.0,200,0.0,21
2613,-200.0,200,0.0,21
2614,-200.0,200,0.0,21
2615,-200.0,200,0.0,21
2616,-186.0,186,1.0,21
2617,-200.0,200,0.0,21
2618,-200.0,200,0.0,21
2619,-200.0,200,0.0,21
2620,-200.0,200,0.0,21
2621,-200.0,200,0.0,21
2622,-200.0,200,0.0,21
2623,-200.0,200,0.0,21
2624,-200.0,200,0.0,21
2625,-200.0,200,0.0,21
2626,-200.0,200,0.0,21
2627,-200.0,200,0.0,21
2628,-200.0,200,0.0,21
2629,-200.0,200,0.0,21
2630,-200.0,200,0.0,21
2631,-200.0,200,0.0,21
2632,-200.0,200,0.0,21
2633,-157.0,157,1.0,21
2634,-200.0,200,0.0,21
2635,-200.0,200,0.0,21
2636,-200.0,200,0.0,21
2637,-200.0,200,0.0,21
2638,-200.0,200,0.0,21
2639,-200.0,200,0.0,21
2640,-194.0,194,1.0,21
2641,-200.0,200,0.0,21
2642,-200.0,200,0.0,21
2643,-200.0,200,0.0,21
2644,-200.0,200,0.0,21
2645,-200.0,200,0.0,21
2646,-200.0,200,0.0,21
2647,-200.0,200,0.0,21
2648,-200.0,200,0.0,21
2649,-200.0,200,0.0,21
2650,-200.0,200,0.0,21
2651,-200.0,200,0.0,21
2652,-200.0,200,0.0,21
2653,-200.0,200,0.0,21
2654,-200.0,200,0.0,21
2655,-200.0,200,0.0,21
2656,-200.0,200,0.0,21
2657,-200.0,200,0.0,21
2658,-200.0,200,0.0,21
2659,-200.0,200,0.0,21
2660,-200.0,200,0.0,21
2661,-200.0,200,0.0,21
2662,-200.0,200,0.0,21
2663,-200.0,200,0.0,21
2664,-200.0,200,0.0,21
2665,-200.0,200,0.0,21
2666,-200.0,200,0.0,21
2667,-200.0,200,0.0,21
2668,-159.0,159,1.0,21
2669,-200.0,200,0.0,21
2670,-200.0,200,0.0,21
2671,-161.0,161,1.0,21
2672,-200.0,200,0.0,21
2673,-200.0,200,0.0,21
2674,-196.0,196,1.0,21
2675,-200.0,200,0.0,21
2676,-200.0,200,0.0,21
2677,-200.0,200,0.0,21
2678,-161.0,161,1.0,21
2679,-200.0,200,0.0,21
2680,-200.0,200,0.0,21
2681,-200.0,200,0.0,21
2682,-200.0,200,0.0,21
2683,-200.0,200,0.0,21
2684,-200.0,200,0.0,21
2685,-159.0,159,1.0,21
2686,-159.0,159,1.0,21
2687,-159.0,159,1.0,21
2688,-163.0,163,1.0,21
2689,-200.0,200,0.0,21
2690,-155.0,155,1.0,21
2691,-200.0,200,0.0,21
2692,-200.0,200,0.0,21
2693,-200.0,200,0.0,21
2694,-200.0,200,0.0,21
2695,-200.0,200,0.0,21
2696,-200.0,200,0.0,21
2697,-200.0,200,0.0,21
2698,-200.0,200,0.0,21
2699,-200.0,200,0.0,21
2700,-200.0,200,0.0,21
2701,-200.0,200,0.0,21
2702,-200.0,200,0.0,21
2703,-196.0,196,1.0,21
2704,-196.0,196,1.0,21
2705,-200.0,200,0.0,21
2706,-200.0,200,0.0,21
2707,-200.0,200,0.0,21
2708,-200.0,200,0.0,21
2709,-200.0,200,0.0,21
2710,-200.0,200,0.0,21
2711,-200.0,200,0.0,21
2712,-200.0,200,0.0,21
2713,-197.0,197,1.0,21
2714,-200.0,200,0.0,21
2715,-200.0,200,0.0,21
2716,-200.0,200,0.0,21
2717,-200.0,200,0.0,21
2718,-200.0,200,0.0,21
2719,-200.0,200,0.0,21
2720,-200.0,200,0.0,21
2721,-200.0,200,0.0,21
2722,-200.0,200,0.0,21
2723,-200.0,200,0.0,21
2724,-200.0,200,0.0,21
2725,-200.0,200,0.0,21
2726,-200.0,200,0.0,21
2727,-200.0,200,0.0,21
2728,-200.0,200,0.0,21
2729,-200.0,200,0.0,21
2730,-200.0,200,0.0,21
2731,-200.0,200,0.0,21
2732,-200.0,200,0.0,21
2733,-200.0,200,0.0,21
2734,-200.0,200,0.0,21
2735,-200.0,200,0.0,21
2736,-200.0,200,0.0,21
2737,-200.0,200,0.0,21
2738,-200.0,200,0.0,21
2739,-200.0,200,0.0,21
2740,-200.0,200,0.0,21
2741,-200.0,200,0.0,21
2742,-200.0,200,0.0,21
2743,-200.0,200,0.0,21
2744,-200.0,200,0.0,21
2745,-200.0,200,0.0,21
2746,-200.0,200,0.0,21
2747,-200.0,200,0.0,21
2748,-200.0,200,0.0,21
2749,-200.0,200,0.0,21
2750,-200.0,200,0.0,21
2751,-200.0,200,0.0,21
2752,-200.0,200,0.0,21
2753,-200.0,200,0.0,21
2754,-200.0,200,0.0,21
2755,-200.0,200,0.0,21
2756,-200.0,200,0.0,21
2757,-200.0,200,0.0,21
2758,-200.0,200,0.0,21
2759,-200.0,200,0.0,21
2760,-200.0,200,0.0,21
2761,-200.0,200,0.0,21
2762,-200.0,200,0.0,21
2763,-200.0,200,0.0,21
2764,-200.0,200,0.0,21
2765,-200.0,200,0.0,21
2766,-200.0,200,0.0,21
2767,-200.0,200,0.0,21
2768,-200.0,200,0.0,21
2769,-200.0,200,0.0,21
2770,-200.0,200,0.0,21
2771,-200.0,200,0.0,21
2772,-200.0,200,0.0,21
2773,-200.0,200,0.0,21
2774,-200.0,200,0.0,21
2775,-200.0,200,0.0,21
2776,-200.0,200,0.0,21
2777,-200.0,200,0.0,21
2778,-200.0,200,0.0,21
2779,-200.0,200,0.0,21
2780,-200.0,200,0.0,21
2781,-200.0,200,0.0,21
2782,-200.0,200,0.0,21
2783,-200.0,200,0.0,21
2784,-200.0,200,0.0,21
2785,-200.0,200,0.0,21
2786,-200.0,200,0.0,21
2787,-200.0,200,0.0,21
2788,-200.0,200,0.0,21
2789,-200.0,200,0.0,21
2790,-200.0,200,0.0,21
2791,-200.0,200,0.0,21
2792,-200.0,200,0.0,21
2793,-200.0,200,0.0,21
2794,-197.0,197,1.0,21
2795,-200.0,200,0.0,21
2796,-200.0,200,0.0,21
2797,-200.0,200,0.0,21
2798,-200.0,200,0.0,21
2799,-200.0,200,0.0,21
2800,-200.0,200,0.0,21
2801,-200.0,200,0.0,21
2802,-200.0,200,0.0,21
2803,-200.0,200,0.0,21
2804,-200.0,200,0.0,21
2805,-200.0,200,0.0,21
2806,-200.0,200,0.0,21
2807,-200.0,200,0.0,21
2808,-200.0,200,0.0,21
2809,-200.0,200,0.0,21
2810,-200.0,200,0.0,21
2811,-200.0,200,0.0,21
2812,-200.0,200,0.0,21
2813,-200.0,200,0.0,21
2814,-200.0,200,0.0,21
2815,-170.0,170,1.0,21
2816,-197.0,197,1.0,21
2817,-161.0,161,1.0,21
2818,-200.0,200,0.0,21
2819,-200.0,200,0.0,21
2820,-165.0,165,1.0,21
2821,-200.0,200,0.0,21
2822,-155.0,155,1.0,21
2823,-200.0,200,0.0,21
2824,-200.0,200,0.0,21
2825,-200.0,200,0.0,21
2826,-197.0,197,1.0,21
2827,-156.0,156,1.0,21
2828,-158.0,158,1.0,21
2829,-165.0,165,1.0,21
2830,-159.0,159,1.0,21
2831,-200.0,200,0.0,21
2832,-167.0,167,1.0,21
2833,-153.0,153,1.0,21
2834,-200.0,200,0.0,21
2835,-166.0,166,1.0,21
2836,-200.0,200,0.0,21
2837,-200.0,200,0.0,21
2838,-161.0,161,1.0,21
2839,-200.0,200,0.0,21
2840,-200.0,200,0.0,21
2841,-199.0,199,1.0,21
2842,-200.0,200,0.0,21
2843,-200.0,200,0.0,21
2844,-200.0,200,0.0,21
2845,-200.0,200,0.0,21
2846,-194.0,194,1.0,21
2847,-200.0,200,0.0,21
2848,-168.0,168,1.0,21
2849,-167.0,167,1.0,21
2850,-160.0,160,1.0,21
2851,-163.0,163,1.0,21
2852,-200.0,200,0.0,21
2853,-160.0,160,1.0,21
2854,-166.0,166,1.0,21
2855,-170.0,170,1.0,21
2856,-199.0,199,1.0,21
2857,-195.0,195,1.0,21
2858,-189.0,189,1.0,21
2859,-168.0,168,1.0,21
2860,-161.0,161,1.0,21
2861,-194.0,194,1.0,21
2862,-200.0,200,0.0,21
2863,-200.0,200,0.0,21
2864,-200.0,200,0.0,21
2865,-200.0,200,0.0,21
2866,-200.0,200,0.0,21
2867,-162.0,162,1.0,21
2868,-200.0,200,0.0,21
2869,-166.0,166,1.0,21
2870,-200.0,200,0.0,21
2871,-191.0,191,1.0,21
2872,-188.0,188,1.0,21
2873,-200.0,200,0.0,21
2874,-200.0,200,0.0,21
2875,-200.0,200,0.0,21
2876,-190.0,190,1.0,21
2877,-158.0,158,1.0,21
2878,-200.0,200,0.0,21
2879,-188.0,188,1.0,21
2880,-200.0,200,0.0,21
2881,-194.0,194,1.0,21
2882,-196.0,196,1.0,21
2883,-156.0,156,1.0,21
2884,-158.0,158,1.0,21
2885,-162.0,162,1.0,21
2886,-200.0,200,0.0,21
2887,-189.0,189,1.0,21
2888,-188.0,188,1.0,21
2889,-200.0,200,0.0,21
2890,-200.0,200,0.0,21
2891,-162.0,162,1.0,21
2892,-200.0,200,0.0,21
2893,-200.0,200,0.0,21
2894,-199.0,199,1.0,21
2895,-200.0,200,0.0,21
2896,-200.0,200,0.0,21
2897,-200.0,200,0.0,21
2898,-200.0,200,0.0,21
2899,-200.0,200,0.0,21
2900,-166.0,166,1.0,21
2901,-200.0,200,0.0,21
2902,-200.0,200,0.0,21
2903,-200.0,200,0.0,21
2904,-162.0,162,1.0,21
2905,-200.0,200,0.0,21
2906,-200.0,200,0.0,21
2907,-200.0,200,0.0,21
2908,-195.0,195,1.0,21
2909,-200.0,200,0.0,21
2910,-200.0,200,0.0,21
2911,-200.0,200,0.0,21
2912,-200.0,200,0.0,21
2913,-163.0,163,1.0,21
2914,-200.0,200,0.0,21
2915,-200.0,200,0.0,21
2916,-197.0,197,1.0,21
2917,-200.0,200,0.0,21
2918,-200.0,200,0.0,21
2919,-200.0,200,0.0,21
2920,-200.0,200,0.0,21
2921,-200.0,200,0.0,21
2922,-200.0,200,0.0,21
2923,-200.0,200,0.0,21
2924,-194.0,194,1.0,21
2925,-200.0,200,0.0,21
2926,-200.0,200,0.0,21
2927,-193.0,193,1.0,21
2928,-200.0,200,0.0,21
2929,-200.0,200,0.0,21
2930,-200.0,200,0.0,21
2931,-200.0,200,0.0,21
2932,-197.0,197,1.0,21
2933,-200.0,200,0.0,21
2934,-200.0,200,0.0,21
2935,-200.0,200,0.0,21
2936,-200.0,200,0.0,21
2937,-200.0,200,0.0,21
2938,-200.0,200,0.0,21
2939,-200.0,200,0.0,21
2940,-200.0,200,0.0,21
2941,-200.0,200,0.0,21
2942,-200.0,200,0.0,21
2943,-200.0,200,0.0,21
2944,-200.0,200,0.0,21
2945,-200.0,200,0.0,21
2946,-196.0,196,1.0,21
2947,-179.0,179,1.0,21
2948,-200.0,200,0.0,21
2949,-200.0,200,0.0,21
2950,-200.0,200,0.0,21
2951,-195.0,195,1.0,21
2952,-169.0,169,1.0,21
2953,-200.0,200,0.0,21
2954,-200.0,200,0.0,21
2955,-200.0,200,0.0,21
2956,-200.0,200,0.0,21
2957,-163.0,163,1.0,21
2958,-200.0,200,0.0,21
2959,-174.0,174,1.0,21
2960,-162.0,162,1.0,21
2961,-166.0,166,1.0,21
2962,-166.0,166,1.0,21
2963,-163.0,163,1.0,21
2964,-167.0,167,1.0,21
2965,-159.0,159,1.0,21
2966,-194.0,194,1.0,21
2967,-191.0,191,1.0,21
2968,-200.0,200,0.0,21
2969,-188.0,188,1.0,21
2970,-200.0,200,0.0,21
2971,-197.0,197,1.0,21
2972,-200.0,200,0.0,21
2973,-186.0,186,1.0,21
2974,-200.0,200,0.0,21
2975,-162.0,162,1.0,21
2976,-200.0,200,0.0,21
2977,-162.0,162,1.0,21
2978,-200.0,200,0.0,21
2979,-174.0,174,1.0,21
2980,-164.0,164,1.0,21
2981,-197.0,197,1.0,21
2982,-170.0,170,1.0,21
2983,-154.0,154,1.0,21
2984,-166.0,166,1.0,21
2985,-161.0,161,1.0,21
2986,-200.0,200,0.0,21
2987,-161.0,161,1.0,21
2988,-200.0,200,0.0,21
2989,-199.0,199,1.0,21
2990,-161.0,161,1.0,21
2991,-191.0,191,1.0,21
2992,-163.0,163,1.0,21
2993,-160.0,160,1.0,21
2994,-200.0,200,0.0,21
2995,-198.0,198,1.0,21
2996,-170.0,170,1.0,21
2997,-163.0,163,1.0,21
2998,-164.0,164,1.0,21
2999,-198.0,198,1.0,21
3000,-179.0,179,1.0,21
3001,-195.0,195,1.0,21
3002,-200.0,200,0.0,21
3003,-166.0,166,1.0,21
3004,-164.0,164,1.0,21
3005,-200.0,200,0.0,21
3006,-200.0,200,0.0,21
3007,-200.0,200,0.0,21
3008,-200.0,200,0.0,21
3009,-200.0,200,0.0,21
3010,-200.0,200,0.0,21
3011,-200.0,200,0.0,21
3012,-181.0,181,1.0,21
3013,-200.0,200,0.0,21
3014,-179.0,179,1.0,21
3015,-200.0,200,0.0,21
3016,-200.0,200,0.0,21
3017,-200.0,200,0.0,21
3018,-200.0,200,0.0,21
3019,-200.0,200,0.0,21
3020,-200.0,200,0.0,21
3021,-168.0,168,1.0,21
3022,-200.0,200,0.0,21
3023,-164.0,164,1.0,21
3024,-170.0,170,1.0,21
3025,-170.0,170,1.0,21
3026,-160.0,160,1.0,21
3027,-155.0,155,1.0,21
3028,-200.0,200,0.0,21
3029,-200.0,200,0.0,21
3030,-200.0,200,0.0,21
3031,-200.0,200,0.0,21
3032,-196.0,196,1.0,21
3033,-200.0,200,0.0,21
3034,-178.0,178,1.0,21
3035,-200.0,200,0.0,21
3036,-173.0,173,1.0,21
3037,-196.0,196,1.0,21
3038,-161.0,161,1.0,21
3039,-200.0,200,0.0,21
3040,-200.0,200,0.0,21
3041,-200.0,200,0.0,21
3042,-200.0,200,0.0,21
3043,-200.0,200,0.0,21
3044,-200.0,200,0.0,21
3045,-200.0,200,0.0,21
3046,-200.0,200,0.0,21
3047,-200.0,200,0.0,21
3048,-200.0,200,0.0,21
3049,-200.0,200,0.0,21
3050,-200.0,200,0.0,21
3051,-200.0,200,0.0,21
3052,-200.0,200,0.0,21
3053,-185.0,185,1.0,21
3054,-200.0,200,0.0,21
3055,-167.0,167,1.0,21
3056,-200.0,200,0.0,21
3057,-200.0,200,0.0,21
3058,-169.0,169,1.0,21
3059,-200.0,200,0.0,21
3060,-200.0,200,0.0,21
3061,-200.0,200,0.0,21
3062,-171.0,171,1.0,21
3063,-165.0,165,1.0,21
3064,-200.0,200,0.0,21
3065,-200.0,200,0.0,21
3066,-200.0,200,0.0,21
3067,-200.0,200,0.0,21
3068,-196.0,196,1.0,21
3069,-200.0,200,0.0,21
3070,-168.0,168,1.0,21
3071,-200.0,200,0.0,21
3072,-200.0,200,0.0,21
3073,-200.0,200,0.0,21
3074,-200.0,200,0.0,21
3075,-200.0,200,0.0,21
3076,-200.0,200,0.0,21
3077,-200.0,200,0.0,21
3078,-200.0,200,0.0,21
3079,-200.0,200,0.0,21
3080,-200.0,200,0.0,21
3081,-200.0,200,0.0,21
3082,-200.0,200,0.0,21
3083,-200.0,200,0.0,21
3084,-200.0,200,0.0,21
3085,-200.0,200,0.0,21
3086,-200.0,200,0.0,21
3087,-200.0,200,0.0,21
3088,-198.0,198,1.0,21
3089,-200.0,200,0.0,21
3090,-200.0,200,0.0,21
3091,-200.0,200,0.0,21
3092,-200.0,200,0.0,21
3093,-200.0,200,0.0,21
3094,-200.0,200,0.0,21
3095,-200.0,200,0.0,21
3096,-191.0,191,1.0,21
3097,-196.0,196,1.0,21
3098,-200.0,200,0.0,21
3099,-191.0,191,1.0,21
3100,-153.0,153,1.0,21
3101,-200.0,200,0.0,21
3102,-200.0,200,0.0,21
3103,-157.0,157,1.0,21
3104,-200.0,200,0.0,21
3105,-200.0,200,0.0,21
3106,-159.0,159,1.0,21
3107,-172.0,172,1.0,21
3108,-200.0,200,0.0,21
3109,-200.0,200,0.0,21
3110,-200.0,200,0.0,21
3111,-200.0,200,0.0,21
3112,-200.0,200,0.0,21
3113,-200.0,200,0.0,21
3114,-200.0,200,0.0,21
3115,-196.0,196,1.0,21
3116,-161.0,161,1.0,21
3117,-200.0,200,0.0,21
3118,-200.0,200,0.0,21
3119,-200.0,200,0.0,21
3120,-200.0,200,0.0,21
3121,-200.0,200,0.0,21
3122,-200.0,200,0.0,21
3123,-200.0,200,0.0,21
3124,-200.0,200,0.0,21
3125,-200.0,200,0.0,21
3126,-200.0,200,0.0,21
3127,-200.0,200,0.0,21
3128,-200.0,200,0.0,21
3129,-172.0,172,1.0,21
3130,-200.0,200,0.0,21
3131,-200.0,200,0.0,21
3132,-200.0,200,0.0,21
3133,-200.0,200,0.0,21
3134,-200.0,200,0.0,21
3135,-200.0,200,0.0,21
3136,-200.0,200,0.0,21
3137,-200.0,200,0.0,21
3138,-200.0,200,0.0,21
3139,-200.0,200,0.0,21
3140,-181.0,181,1.0,21
3141,-197.0,197,1.0,21
3142,-200.0,200,0.0,21
3143,-200.0,200,0.0,21
3144,-200.0,200,0.0,21
3145,-163.0,163,1.0,21
3146,-162.0,162,1.0,21
3147,-164.0,164,1.0,21
3148,-161.0,161,1.0,21
3149,-168.0,168,1.0,21
3150,-200.0,200,0.0,21
3151,-162.0,162,1.0,21
3152,-159.0,159,1.0,21
3153,-200.0,200,0.0,21
3154,-200.0,200,0.0,21
3155,-158.0,158,1.0,21
3156,-158.0,158,1.0,21
3157,-200.0,200,0.0,21
3158,-198.0,198,1.0,21
3159,-200.0,200,0.0,21
3160,-159.0,159,1.0,21
3161,-200.0,200,0.0,21
3162,-157.0,157,1.0,21
3163,-200.0,200,0.0,21
3164,-200.0,200,0.0,21
3165,-200.0,200,0.0,21
3166,-200.0,200,0.0,21
3167,-200.0,200,0.0,21
3168,-200.0,200,0.0,21
3169,-200.0,200,0.0,21
3170,-154.0,154,1.0,21
3171,-200.0,200,0.0,21
3172,-200.0,200,0.0,21
3173,-200.0,200,0.0,21
3174,-200.0,200,0.0,21
3175,-200.0,200,0.0,21
3176,-200.0,200,0.0,21
3177,-200.0,200,0.0,21
3178,-200.0,200,0.0,21
3179,-200.0,200,0.0,21
3180,-200.0,200,0.0,21
3181,-200.0,200,0.0,21
3182,-200.0,200,0.0,21
3183,-200.0,200,0.0,21
3184,-200.0,200,0.0,21
3185,-200.0,200,0.0,21
3186,-200.0,200,0.0,21
3187,-200.0,200,0.0,21
3188,-200.0,200,0.0,21
3189,-200.0,200,0.0,21
3190,-200.0,200,0.0,21
3191,-200.0,200,0.0,21
3192,-200.0,200,0.0,21
3193,-200.0,200,0.0,21
3194,-200.0,200,0.0,21
3195,-200.0,200,0.0,21
3196,-200.0,200,0.0,21
3197,-200.0,200,0.0,21
3198,-200.0,200,0.0,21
3199,-200.0,200,0.0,21
3200,-200.0,200,0.0,21
3201,-200.0,200,0.0,21
3202,-200.0,200,0.0,21
3203,-200.0,200,0.0,21
3204,-200.0,200,0.0,21
3205,-200.0,200,0.0,21
3206,-200.0,200,0.0,21
3207,-200.0,200,0.0,21
3208,-200.0,200,0.0,21
3209,-200.0,200,0.0,21
3210,-200.0,200,0.0,21
3211,-200.0,200,0.0,21
3212,-200.0,200,0.0,21
3213,-200.0,200,0.0,21
3214,-200.0,200,0.0,21
3215,-200.0,200,0.0,21
3216,-200.0,200,0.0,21
3217,-200.0,200,0.0,21
3218,-200.0,200,0.0,21
3219,-200.0,200,0.0,21
3220,-200.0,200,0.0,21
3221,-200.0,200,0.0,21
3222,-196.0,196,1.0,21
3223,-200.0,200,0.0,21
3224,-189.0,189,1.0,21
3225,-200.0,200,0.0,21
3226,-200.0,200,0.0,21
3227,-200.0,200,0.0,21
3228,-200.0,200,0.0,21
3229,-200.0,200,0.0,21
3230,-200.0,200,0.0,21
3231,-200.0,200,0.0,21
3232,-200.0,200,0.0,21
3233,-200.0,200,0.0,21
3234,-200.0,200,0.0,21
3235,-200.0,200,0.0,21
3236,-200.0,200,0.0,21
3237,-200.0,200,0.0,21
3238,-200.0,200,0.0,21
3239,-200.0,200,0.0,21
3240,-200.0,200,0.0,21
3241,-200.0,200,0.0,21
3242,-200.0,200,0.0,21
3243,-200.0,200,0.0,21
3244,-200.0,200,0.0,21
3245,-200.0,200,0.0,21
3246,-200.0,200,0.0,21
3247,-200.0,200,0.0,21
3248,-200.0,200,0.0,21
3249,-189.0,189,1.0,21
3250,-150.0,150,1.0,21
3251,-159.0,159,1.0,21
3252,-200.0,200,0.0,21
3253,-200.0,200,0.0,21
3254,-153.0,153,1.0,21
3255,-164.0,164,1.0,21
3256,-200.0,200,0.0,21
3257,-184.0,184,1.0,21
3258,-153.0,153,1.0,21
3259,-150.0,150,1.0,21
3260,-158.0,158,1.0,21
3261,-157.0,157,1.0,21
3262,-200.0,200,0.0,21
3263,-160.0,160,1.0,21
3264,-195.0,195,1.0,21
3265,-200.0,200,0.0,21
3266,-156.0,156,1.0,21
3267,-196.0,196,1.0,21
3268,-156.0,156,1.0,21
3269,-157.0,157,1.0,21
3270,-200.0,200,0.0,21
3271,-155.0,155,1.0,21
3272,-154.0,154,1.0,21
3273,-155.0,155,1.0,21
3274,-163.0,163,1.0,21
3275,-182.0,182,1.0,21
3276,-152.0,152,1.0,21
3277,-191.0,191,1.0,21
3278,-158.0,158,1.0,21
3279,-200.0,200,0.0,21
3280,-200.0,200,0.0,21
3281,-200.0,200,0.0,21
3282,-200.0,200,0.0,21
3283,-159.0,159,1.0,21
3284,-151.0,151,1.0,21
3285,-153.0,153,1.0,21
3286,-152.0,152,1.0,21
3287,-200.0,200,0.0,21
3288,-200.0,200,0.0,21
3289,-152.0,152,1.0,21
3290,-149.0,149,1.0,21
3291,-149.0,149,1.0,21
3292,-164.0,164,1.0,21
3293,-200.0,200,0.0,21
3294,-200.0,200,0.0,21
3295,-200.0,200,0.0,21
3296,-200.0,200,0.0,21
3297,-200.0,200,0.0,21
3298,-200.0,200,0.0,21
3299,-150.0,150,1.0,21
3300,-200.0,200,0.0,21
3301,-200.0,200,0.0,21
3302,-200.0,200,0.0,21
3303,-188.0,188,1.0,21
3304,-200.0,200,0.0,21
3305,-200.0,200,0.0,21
3306,-160.0,160,1.0,21
3307,-156.0,156,1.0,21
3308,-153.0,153,1.0,21
3309,-200.0,200,0.0,21
3310,-200.0,200,0.0,21
3311,-156.0,156,1.0,21
3312,-200.0,200,0.0,21
3313,-165.0,165,1.0,21
3314,-200.0,200,0.0,21
3315,-157.0,157,1.0,21
3316,-191.0,191,1.0,21
3317,-198.0,198,1.0,21
3318,-200.0,200,0.0,21
3319,-200.0,200,0.0,21
3320,-200.0,200,0.0,21
3321,-200.0,200,0.0,21
3322,-200.0,200,0.0,21
3323,-200.0,200,0.0,21
3324,-200.0,200,0.0,21
3325,-200.0,200,0.0,21
3326,-200.0,200,0.0,21
3327,-200.0,200,0.0,21
3328,-200.0,200,0.0,21
3329,-200.0,200,0.0,21
3330,-200.0,200,0.0,21
3331,-156.0,156,1.0,21
3332,-200.0,200,0.0,21
3333,-157.0,157,1.0,21
3334,-200.0,200,0.0,21
3335,-200.0,200,0.0,21
3336,-200.0,200,0.0,21
3337,-196.0,196,1.0,21
3338,-196.0,196,1.0,21
3339,-200.0,200,0.0,21
3340,-200.0,200,0.0,21
3341,-188.0,188,1.0,21
3342,-200.0,200,0.0,21
3343,-200.0,200,0.0,21
3344,-200.0,200,0.0,21
3345,-190.0,190,1.0,21
3346,-200.0,200,0.0,21
3347,-200.0,200,0.0,21
3348,-200.0,200,0.0,21
3349,-200.0,200,0.0,21
3350,-200.0,200,0.0,21
3351,-200.0,200,0.0,21
3352,-200.0,200,0.0,21
3353,-200.0,200,0.0,21
3354,-200.0,200,0.0,21
3355,-200.0,200,0.0,21
3356,-200.0,200,0.0,21
3357,-162.0,162,1.0,21
3358,-200.0,200,0.0,21
3359,-200.0,200,0.0,21
3360,-200.0,200,0.0,21
3361,-196.0,196,1.0,21
3362,-200.0,200,0.0,21
3363,-200.0,200,0.0,21
3364,-200.0,200,0.0,21
3365,-199.0,199,1.0,21
3366,-195.0,195,1.0,21
3367,-200.0,200,0.0,21
3368,-200.0,200,0.0,21
3369,-200.0,200,0.0,21
3370,-200.0,200,0.0,21
3371,-197.0,197,1.0,21
3372,-200.0,200,0.0,21
3373,-198.0,198,1.0,21
3374,-200.0,200,0.0,21
3375,-200.0,200,0.0,21
3376,-200.0,200,0.0,21
3377,-200.0,200,0.0,21
3378,-200.0,200,0.0,21
3379,-200.0,200,0.0,21
3380,-200.0,200,0.0,21
3381,-197.0,197,1.0,21
3382,-198.0,198,1.0,21
3383,-199.0,199,1.0,21
3384,-180.0,180,1.0,21
3385,-200.0,200,0.0,21
3386,-200.0,200,0.0,21
3387,-200.0,200,0.0,21
3388,-197.0,197,1.0,21
3389,-200.0,200,0.0,21
3390,-196.0,196,1.0,21
3391,-200.0,200,0.0,21
3392,-194.0,194,1.0,21
3393,-200.0,200,0.0,21
3394,-190.0,190,1.0,21
3395,-200.0,200,0.0,21
3396,-200.0,200,0.0,21
3397,-183.0,183,1.0,21
3398,-189.0,189,1.0,21
3399,-191.0,191,1.0,21
3400,-200.0,200,0.0,21
3401,-186.0,186,1.0,21
3402,-193.0,193,1.0,21
3403,-200.0,200,0.0,21
3404,-192.0,192,1.0,21
3405,-200.0,200,0.0,21
3406,-188.0,188,1.0,21
3407,-200.0,200,0.0,21
3408,-182.0,182,1.0,21
3409,-187.0,187,1.0,21
3410,-186.0,186,1.0,21
3411,-200.0,200,0.0,21
3412,-200.0,200,0.0,21
3413,-191.0,191,1.0,21
3414,-200.0,200,0.0,21
3415,-200.0,200,0.0,21
3416,-200.0,200,0.0,21
3417,-200.0,200,0.0,21
3418,-191.0,191,1.0,21
3419,-200.0,200,0.0,21
3420,-192.0,192,1.0,21
3421,-200.0,200,0.0,21
3422,-195.0,195,1.0,21
3423,-200.0,200,0.0,21
3424,-190.0,190,1.0,21
3425,-200.0,200,0.0,21
3426,-200.0,200,0.0,21
3427,-191.0,191,1.0,21
3428,-191.0,191,1.0,21
3429,-200.0,200,0.0,21
3430,-200.0,200,0.0,21
3431,-195.0,195,1.0,21
3432,-200.0,200,0.0,21
3433,-194.0,194,1.0,21
3434,-200.0,200,0.0,21
3435,-200.0,200,0.0,21
3436,-200.0,200,0.0,21
3437,-200.0,200,0.0,21
3438,-200.0,200,0.0,21
3439,-196.0,196,1.0,21
3440,-200.0,200,0.0,21
3441,-200.0,200,0.0,21
3442,-200.0,200,0.0,21
3443,-200.0,200,0.0,21
3444,-200.0,200,0.0,21
3445,-200.0,200,0.0,21
3446,-200.0,200,0.0,21
3447,-200.0,200,0.0,21
3448,-196.0,196,1.0,21
3449,-200.0,200,0.0,21
3450,-200.0,200,0.0,21
3451,-200.0,200,0.0,21
3452,-200.0,200,0.0,21
3453,-200.0,200,0.0,21
3454,-200.0,200,0.0,21
3455,-200.0,200,0.0,21
3456,-200.0,200,0.0,21
3457,-200.0,200,0.0,21
3458,-200.0,200,0.0,21
3459,-195.0,195,1.0,21
3460,-200.0,200,0.0,21
3461,-200.0,200,0.0,21
3462,-200.0,200,0.0,21
3463,-200.0,200,0.0,21
3464,-200.0,200,0.0,21
3465,-200.0,200,0.0,21
3466,-194.0,194,1.0,21
3467,-200.0,200,0.0,21
3468,-200.0,200,0.0,21
3469,-192.0,192,1.0,21
3470,-200.0,200,0.0,21
3471,-200.0,200,0.0,21
3472,-200.0,200,0.0,21
3473,-200.0,200,0.0,21
3474,-200.0,200,0.0,21
3475,-200.0,200,0.0,21
3476,-200.0,200,0.0,21
3477,-193.0,193,1.0,21
3478,-200.0,200,0.0,21
3479,-200.0,200,0.0,21
3480,-189.0,189,1.0,21
3481,-200.0,200,0.0,21
3482,-200.0,200,0.0,21
3483,-187.0,187,1.0,21
3484,-200.0,200,0.0,21
3485,-200.0,200,0.0,21
3486,-200.0,200,0.0,21
3487,-190.0,190,1.0,21
3488,-200.0,200,0.0,21
3489,-200.0,200,0.0,21
3490,-200.0,200,0.0,21
3491,-200.0,200,0.0,21
3492,-200.0,200,0.0,21
3493,-200.0,200,0.0,21
3494,-200.0,200,0.0,21
3495,-200.0,200,0.0,21
3496,-200.0,200,0.0,21
3497,-200.0,200,0.0,21
3498,-200.0,200,0.0,21
3499,-200.0,200,0.0,21
3500,-200.0,200,0.0,21
3501,-200.0,200,0.0,21
3502,-200.0,200,0.0,21
3503,-200.0,200,0.0,21
3504,-200.0,200,0.0,21
3505,-200.0,200,0.0,21
3506,-197.0,197,1.0,21
3507,-200.0,200,0.0,21
3508,-200.0,200,0.0,21
3509,-172.0,172,1.0,21
3510,-200.0,200,0.0,21
3511,-200.0,200,0.0,21
3512,-200.0,200,0.0,21
3513,-200.0,200,0.0,21
3514,-200.0,200,0.0,21
3515,-200.0,200,0.0,21
3516,-200.0,200,0.0,21
3517,-200.0,200,0.0,21
3518,-200.0,200,0.0,21
3519,-200.0,200,0.0,21
3520,-200.0,200,0.0,21
3521,-200.0,200,0.0,21
3522,-200.0,200,0.0,21
3523,-200.0,200,0.0,21
3524,-200.0,200,0.0,21
3525,-200.0,200,0.0,21
3526,-200.0,200,0.0,21
3527,-200.0,200,0.0,21
3528,-200.0,200,0.0,21
3529,-200.0,200,0.0,21
3530,-195.0,195,1.0,21
3531,-194.0,194,1.0,21
3532,-200.0,200,0.0,21
3533,-200.0,200,0.0,21
3534,-198.0,198,1.0,21
3535,-200.0,200,0.0,21
3536,-196.0,196,1.0,21
3537,-200.0,200,0.0,21
3538,-200.0,200,0.0,21
3539,-200.0,200,0.0,21
3540,-200.0,200,0.0,21
3541,-173.0,173,1.0,21
3542,-175.0,175,1.0,21
3543,-200.0,200,0.0,21
3544,-200.0,200,0.0,21
3545,-181.0,181,1.0,21
3546,-200.0,200,0.0,21
3547,-200.0,200,0.0,21
3548,-200.0,200,0.0,21
3549,-200.0,200,0.0,21
3550,-200.0,200,0.0,21
3551,-182.0,182,1.0,21
3552,-200.0,200,0.0,21
3553,-166.0,166,1.0,21
3554,-179.0,179,1.0,21
3555,-175.0,175,1.0,21
3556,-195.0,195,1.0,21
3557,-191.0,191,1.0,21
3558,-199.0,199,1.0,21
3559,-169.0,169,1.0,21
3560,-199.0,199,1.0,21
3561,-200.0,200,0.0,21
3562,-199.0,199,1.0,21
3563,-200.0,200,0.0,21
3564,-172.0,172,1.0,21
3565,-200.0,200,0.0,21
3566,-200.0,200,0.0,21
3567,-176.0,176,1.0,21
3568,-200.0,200,0.0,21
3569,-195.0,195,1.0,21
3570,-192.0,192,1.0,21
3571,-190.0,190,1.0,21
3572,-162.0,162,1.0,21
3573,-163.0,163,1.0,21
3574,-180.0,180,1.0,21
3575,-194.0,194,1.0,21
3576,-200.0,200,0.0,21
3577,-168.0,168,1.0,21
3578,-192.0,192,1.0,21
3579,-168.0,168,1.0,21
3580,-200.0,200,0.0,21
3581,-198.0,198,1.0,21
3582,-162.0,162,1.0,21
3583,-168.0,168,1.0,21
3584,-200.0,200,0.0,21
3585,-169.0,169,1.0,21
3586,-200.0,200,0.0,21
3587,-200.0,200,0.0,21
3588,-193.0,193,1.0,21
3589,-194.0,194,1.0,21
3590,-200.0,200,0.0,21
3591,-169.0,169,1.0,21
3592,-172.0,172,1.0,21
3593,-166.0,166,1.0,21
3594,-200.0,200,0.0,21
3595,-200.0,200,0.0,21
3596,-200.0,200,0.0,21
3597,-200.0,200,0.0,21
3598,-200.0,200,0.0,21
3599,-174.0,174,1.0,21
3600,-200.0,200,0.0,21
3601,-200.0,200,0.0,21
3602,-194.0,194,1.0,21
3603,-200.0,200,0.0,21
3604,-198.0,198,1.0,21
3605,-200.0,200,0.0,21
3606,-165.0,165,1.0,21
3607,-200.0,200,0.0,21
3608,-200.0,200,0.0,21
3609,-192.0,192,1.0,21
3610,-172.0,172,1.0,21
3611,-200.0,200,0.0,21
3612,-200.0,200,0.0,21
3613,-200.0,200,0.0,21
3614,-200.0,200,0.0,21
3615,-200.0,200,0.0,21
3616,-199.0,199,1.0,21
3617,-164.0,164,1.0,21
3618,-200.0,200,0.0,21
3619,-167.0,167,1.0,21
3620,-200.0,200,0.0,21
3621,-200.0,200,0.0,21
3622,-200.0,200,0.0,21
3623,-200.0,200,0.0,21
3624,-160.0,160,1.0,21
3625,-173.0,173,1.0,21
3626,-200.0,200,0.0,21
3627,-186.0,186,1.0,21
3628,-194.0,194,1.0,21
3629,-198.0,198,1.0,21
3630,-200.0,200,0.0,21
3631,-200.0,200,0.0,21
3632,-178.0,178,1.0,21
3633,-200.0,200,0.0,21
3634,-200.0,200,0.0,21
3635,-164.0,164,1.0,21
3636,-160.0,160,1.0,21
3637,-186.0,186,1.0,21
3638,-200.0,200,0.0,21
3639,-197.0,197,1.0,21
3640,-191.0,191,1.0,21
3641,-200.0,200,0.0,21
3642,-175.0,175,1.0,21
3643,-200.0,200,0.0,21
3644,-200.0,200,0.0,21
3645,-200.0,200,0.0,21
3646,-200.0,200,0.0,21
3647,-165.0,165,1.0,21
3648,-200.0,200,0.0,21
3649,-199.0,199,1.0,21
3650,-200.0,200,0.0,21
3651,-200.0,200,0.0,21
3652,-197.0,197,1.0,21
3653,-200.0,200,0.0,21
3654,-199.0,199,1.0,21
3655,-180.0,180,1.0,21
3656,-160.0,160,1.0,21
3657,-196.0,196,1.0,21
3658,-200.0,200,0.0,21
3659,-181.0,181,1.0,21
3660,-200.0,200,0.0,21
3661,-200.0,200,0.0,21
3662,-169.0,169,1.0,21
3663,-200.0,200,0.0,21
3664,-200.0,200,0.0,21
3665,-194.0,194,1.0,21
3666,-200.0,200,0.0,21
3667,-200.0,200,0.0,21
3668,-197.0,197,1.0,21
3669,-200.0,200,0.0,21
3670,-200.0,200,0.0,21
3671,-200.0,200,0.0,21
3672,-200.0,200,0.0,21
3673,-200.0,200,0.0,21
3674,-200.0,200,0.0,21
3675,-200.0,200,0.0,21
3676,-200.0,200,0.0,21
3677,-200.0,200,0.0,21
3678,-200.0,200,0.0,21
3679,-200.0,200,0.0,21
3680,-183.0,183,1.0,21
3681,-200.0,200,0.0,21
3682,-200.0,200,0.0,21
3683,-200.0,200,0.0,21
3684,-200.0,200,0.0,21
3685,-189.0,189,1.0,21
3686,-167.0,167,1.0,21
3687,-200.0,200,0.0,21
3688,-178.0,178,1.0,21
3689,-166.0,166,1.0,21
3690,-200.0,200,0.0,21
3691,-200.0,200,0.0,21
3692,-200.0,200,0.0,21
3693,-200.0,200,0.0,21
3694,-200.0,200,0.0,21
3695,-200.0,200,0.0,21
3696,-200.0,200,0.0,21
3697,-200.0,200,0.0,21
3698,-200.0,200,0.0,21
3699,-200.0,200,0.0,21
3700,-200.0,200,0.0,21
3701,-200.0,200,0.0,21
3702,-200.0,200,0.0,21
3703,-200.0,200,0.0,21
3704,-200.0,200,0.0,21
3705,-200.0,200,0.0,21
3706,-200.0,200,0.0,21
3707,-200.0,200,0.0,21
3708,-200.0,200,0.0,21
3709,-200.0,200,0.0,21
3710,-200.0,200,0.0,21
3711,-200.0,200,0.0,21
3712,-200.0,200,0.0,21
3713,-200.0,200,0.0,21
3714,-200.0,200,0.0,21
3715,-200.0,200,0.0,21
3716,-200.0,200,0.0,21
3717,-200.0,200,0.0,21
3718,-200.0,200,0.0,21
3719,-200.0,200,0.0,21
3720,-200.0,200,0.0,21
3721,-200.0,200,0.0,21
3722,-200.0,200,0.0,21
3723,-200.0,200,0.0,21
3724,-200.0,200,0.0,21
3725,-200.0,200,0.0,21
3726,-200.0,200,0.0,21
3727,-200.0,200,0.0,21
3728,-200.0,200,0.0,21
3729,-200.0,200,0.0,21
3730,-200.0,200,0.0,21
3731,-200.0,200,0.0,21
3732,-200.0,200,0.0,21
3733,-180.0,180,1.0,21
3734,-200.0,200,0.0,21
3735,-200.0,200,0.0,21
3736,-200.0,200,0.0,21
3737,-200.0,200,0.0,21
3738,-200.0,200,0.0,21
3739,-200.0,200,0.0,21
3740,-200.0,200,0.0,21
3741,-200.0,200,0.0,21
3742,-200.0,200,0.0,21
3743,-200.0,200,0.0,21
3744,-200.0,200,0.0,21
3745,-200.0,200,0.0,21
3746,-200.0,200,0.0,21
3747,-200.0,200,0.0,21
3748,-200.0,200,0.0,21
3749,-200.0,200,0.0,21
3750,-200.0,200,0.0,21
3751,-200.0,200,0.0,21
3752,-200.0,200,0.0,21
3753,-200.0,200,0.0,21
3754,-170.0,170,1.0,21
3755,-160.0,160,1.0,21
3756,-170.0,170,1.0,21
3757,-200.0,200,0.0,21
3758,-200.0,200,0.0,21
3759,-170.0,170,1.0,21
3760,-200.0,200,0.0,21
3761,-167.0,167,1.0,21
3762,-158.0,158,1.0,21
3763,-200.0,200,0.0,21
3764,-200.0,200,0.0,21
3765,-170.0,170,1.0,21
3766,-156.0,156,1.0,21
3767,-174.0,174,1.0,21
3768,-200.0,200,0.0,21
3769,-200.0,200,0.0,21
3770,-200.0,200,0.0,21
3771,-200.0,200,0.0,21
3772,-200.0,200,0.0,21
3773,-200.0,200,0.0,21
3774,-200.0,200,0.0,21
3775,-200.0,200,0.0,21
3776,-200.0,200,0.0,21
3777,-200.0,200,0.0,21
3778,-200.0,200,0.0,21
3779,-166.0,166,1.0,21
3780,-200.0,200,0.0,21
3781,-200.0,200,0.0,21
3782,-200.0,200,0.0,21
3783,-200.0,200,0.0,21
3784,-200.0,200,0.0,21
3785,-200.0,200,0.0,21
3786,-200.0,200,0.0,21
3787,-200.0,200,0.0,21
3788,-200.0,200,0.0,21
3789,-200.0,200,0.0,21
3790,-200.0,200,0.0,21
3791,-200.0,200,0.0,21
3792,-200.0,200,0.0,21
3793,-200.0,200,0.0,21
3794,-200.0,200,0.0,21
3795,-200.0,200,0.0,21
3796,-200.0,200,0.0,21
3797,-200.0,200,0.0,21
3798,-200.0,200,0.0,21
3799,-200.0,200,0.0,21
3800,-200.0,200,0.0,21
3801,-200.0,200,0.0,21
3802,-200.0,200,0.0,21
3803,-200.0,200,0.0,21
3804,-200.0,200,0.0,21
3805,-200.0,200,0.0,21
3806,-200.0,200,0.0,21
3807,-200.0,200,0.0,21
3808,-200.0,200,0.0,21
3809,-200.0,200,0.0,21
3810,-200.0,200,0.0,21
3811,-200.0,200,0.0,21
3812,-200.0,200,0.0,21
3813,-200.0,200,0.0,21
3814,-200.0,200,0.0,21
3815,-200.0,200,0.0,21
3816,-200.0,200,0.0,21
3817,-200.0,200,0.0,21
3818,-200.0,200,0.0,21
3819,-200.0,200,0.0,21
3820,-200.0,200,0.0,21
3821,-200.0,200,0.0,21
3822,-200.0,200,0.0,21
3823,-200.0,200,0.0,21
3824,-200.0,200,0.0,21
3825,-200.0,200,0.0,21
3826,-200.0,200,0.0,21
3827,-200.0,200,0.0,21
3828,-200.0,200,0.0,21
3829,-200.0,200,0.0,21
3830,-200.0,200,0.0,21
3831,-200.0,200,0.0,21
3832,-200.0,200,0.0,21
3833,-200.0,200,0.0,21
3834,-200.0,200,0.0,21
3835,-200.0,200,0.0,21
3836,-200.0,200,0.0,21
3837,-200.0,200,0.0,21
3838,-200.0,200,0.0,21
3839,-200.0,200,0.0,21
3840,-200.0,200,0.0,21
3841,-200.0,200,0.0,21
3842,-200.0,200,0.0,21
3843,-200.0,200,0.0,21
3844,-200.0,200,0.0,21
3845,-200.0,200,0.0,21
3846,-200.0,200,0.0,21
3847,-200.0,200,0.0,21
3848,-200.0,200,0.0,21
3849,-200.0,200,0.0,21
3850,-200.0,200,0.0,21
3851,-200.0,200,0.0,21
3852,-170.0,170,1.0,21
3853,-200.0,200,0.0,21
3854,-200.0,200,0.0,21
3855,-200.0,200,0.0,21
3856,-200.0,200,0.0,21
3857,-169.0,169,1.0,21
3858,-200.0,200,0.0,21
3859,-200.0,200,0.0,21
3860,-200.0,200,0.0,21
3861,-200.0,200,0.0,21
3862,-200.0,200,0.0,21
3863,-159.0,159,1.0,21
3864,-200.0,200,0.0,21
3865,-200.0,200,0.0,21
3866,-200.0,200,0.0,21
3867,-200.0,200,0.0,21
3868,-200.0,200,0.0,21
3869,-161.0,161,1.0,21
3870,-200.0,200,0.0,21
3871,-200.0,200,0.0,21
3872,-200.0,200,0.0,21
3873,-200.0,200,0.0,21
3874,-197.0,197,1.0,21
3875,-200.0,200,0.0,21
3876,-200.0,200,0.0,21
3877,-200.0,200,0.0,21
3878,-200.0,200,0.0,21
3879,-200.0,200,0.0,21
3880,-200.0,200,0.0,21
3881,-198.0,198,1.0,21
3882,-198.0,198,1.0,21
3883,-194.0,194,1.0,21
3884,-197.0,197,1.0,21
3885,-200.0,200,0.0,21
3886,-200.0,200,0.0,21
3887,-200.0,200,0.0,21
3888,-200.0,200,0.0,21
3889,-200.0,200,0.0,21
3890,-195.0,195,1.0,21
3891,-200.0,200,0.0,21
3892,-200.0,200,0.0,21
3893,-200.0,200,0.0,21
3894,-200.0,200,0.0,21
3895,-200.0,200,0.0,21
3896,-192.0,192,1.0,21
3897,-200.0,200,0.0,21
3898,-200.0,200,0.0,21
3899,-200.0,200,0.0,21
3900,-200.0,200,0.0,21
3901,-196.0,196,1.0,21
3902,-200.0,200,0.0,21
3903,-200.0,200,0.0,21
3904,-200.0,200,0.0,21
3905,-200.0,200,0.0,21
3906,-158.0,158,1.0,21
3907,-200.0,200,0.0,21
3908,-200.0,200,0.0,21
3909,-200.0,200,0.0,21
3910,-200.0,200,0.0,21
3911,-195.0,195,1.0,21
3912,-200.0,200,0.0,21
3913,-200.0,200,0.0,21
3914,-200.0,200,0.0,21
3915,-200.0,200,0.0,21
3916,-200.0,200,0.0,21
3917,-200.0,200,0.0,21
3918,-154.0,154,1.0,21
3919,-200.0,200,0.0,21
3920,-200.0,200,0.0,21
3921,-200.0,200,0.0,21
3922,-200.0,200,0.0,21
3923,-200.0,200,0.0,21
3924,-200.0,200,0.0,21
3925,-200.0,200,0.0,21
3926,-200.0,200,0.0,21
3927,-200.0,200,0.0,21
3928,-197.0,197,1.0,21
3929,-200.0,200,0.0,21
3930,-200.0,200,0.0,21
3931,-200.0,200,0.0,21
3932,-200.0,200,0.0,21
3933,-200.0,200,0.0,21
3934,-200.0,200,0.0,21
3935,-200.0,200,0.0,21
3936,-200.0,200,0.0,21
3937,-200.0,200,0.0,21
3938,-200.0,200,0.0,21
3939,-200.0,200,0.0,21
3940,-200.0,200,0.0,21
3941,-200.0,200,0.0,21
3942,-200.0,200,0.0,21
3943,-173.0,173,1.0,21
3944,-200.0,200,0.0,21
3945,-200.0,200,0.0,21
3946,-200.0,200,0.0,21
3947,-161.0,161,1.0,21
3948,-200.0,200,0.0,21
3949,-200.0,200,0.0,21
3950,-154.0,154,1.0,21
3951,-200.0,200,0.0,21
3952,-200.0,200,0.0,21
3953,-200.0,200,0.0,21
3954,-200.0,200,0.0,21
3955,-200.0,200,0.0,21
3956,-200.0,200,0.0,21
3957,-200.0,200,0.0,21
3958,-200.0,200,0.0,21
3959,-200.0,200,0.0,21
3960,-200.0,200,0.0,21
3961,-200.0,200,0.0,21
3962,-200.0,200,0.0,21
3963,-200.0,200,0.0,21
3964,-200.0,200,0.0,21
3965,-198.0,198,1.0,21
3966,-200.0,200,0.0,21
3967,-193.0,193,1.0,21
3968,-200.0,200,0.0,21
3969,-197.0,197,1.0,21
3970,-196.0,196,1.0,21
3971,-194.0,194,1.0,21
3972,-200.0,200,0.0,21
3973,-200.0,200,0.0,21
3974,-200.0,200,0.0,21
3975,-200.0,200,0.0,21
3976,-200.0,200,0.0,21
3977,-200.0,200,0.0,21
3978,-200.0,200,0.0,21
3979,-200.0,200,0.0,21
3980,-200.0,200,0.0,21
3981,-200.0,200,0.0,21
3982,-200.0,200,0.0,21
3983,-198.0,198,1.0,21
3984,-200.0,200,0.0,21
3985,-200.0,200,0.0,21
3986,-197.0,197,1.0,21
3987,-200.0,200,0.0,21
3988,-200.0,200,0.0,21
3989,-200.0,200,0.0,21
3990,-200.0,200,0.0,21
3991,-191.0,191,1.0,21
3992,-200.0,200,0.0,21
3993,-200.0,200,0.0,21
3994,-200.0,200,0.0,21
3995,-189.0,189,1.0,21
3996,-200.0,200,0.0,21
3997,-200.0,200,0.0,21
3998,-200.0,200,0.0,21
3999,-200.0,200,0.0,21
4000,-200.0,200,0.0,21
4001,-200.0,200,0.0,21
4002,-198.0,198,1.0,21
4003,-200.0,200,0.0,21
4004,-200.0,200,0.0,21
4005,-200.0,200,0.0,21
4006,-200.0,200,0.0,21
4007,-200.0,200,0.0,21
4008,-200.0,200,0.0,21
4009,-195.0,195,1.0,21
4010,-200.0,200,0.0,21
4011,-197.0,197,1.0,21
4012,-200.0,200,0.0,21
4013,-200.0,200,0.0,21
4014,-200.0,200,0.0,21
4015,-200.0,200,0.0,21
4016,-195.0,195,1.0,21
4017,-194.0,194,1.0,21
4018,-195.0,195,1.0,21
4019,-200.0,200,0.0,21
4020,-200.0,200,0.0,21
4021,-200.0,200,0.0,21
4022,-200.0,200,0.0,21
4023,-200.0,200,0.0,21
4024,-196.0,196,1.0,21
4025,-196.0,196,1.0,21
4026,-200.0,200,0.0,21
4027,-194.0,194,1.0,21
4028,-200.0,200,0.0,21
4029,-200.0,200,0.0,21
4030,-200.0,200,0.0,21
4031,-199.0,199,1.0,21
4032,-196.0,196,1.0,21
4033,-194.0,194,1.0,21
4034,-195.0,195,1.0,21
4035,-197.0,197,1.0,21
4036,-191.0,191,1.0,21
4037,-200.0,200,0.0,21
4038,-192.0,192,1.0,21
4039,-200.0,200,0.0,21
4040,-200.0,200,0.0,21
4041,-200.0,200,0.0,21
4042,-194.0,194,1.0,21
4043,-200.0,200,0.0,21
4044,-200.0,200,0.0,21
4045,-200.0,200,0.0,21
4046,-200.0,200,0.0,21
4047,-194.0,194,1.0,21
4048,-200.0,200,0.0,21
4049,-191.0,191,1.0,21
4050,-200.0,200,0.0,21
4051,-200.0,200,0.0,21
4052,-200.0,200,0.0,21
4053,-194.0,194,1.0,21
4054,-200.0,200,0.0,21
4055,-200.0,200,0.0,21
4056,-200.0,200,0.0,21
4057,-200.0,200,0.0,21
4058,-200.0,200,0.0,21
4059,-200.0,200,0.0,21
4060,-200.0,200,0.0,21
4061,-200.0,200,0.0,21
4062,-200.0,200,0.0,21
4063,-200.0,200,0.0,21
4064,-200.0,200,0.0,21
4065,-197.0,197,1.0,21
4066,-200.0,200,0.0,21
4067,-197.0,197,1.0,21
4068,-200.0,200,0.0,21
4069,-200.0,200,0.0,21
4070,-198.0,198,1.0,21
4071,-200.0,200,0.0,21
4072,-200.0,200,0.0,21
4073,-200.0,200,0.0,21
4074,-200.0,200,0.0,21
4075,-200.0,200,0.0,21
4076,-200.0,200,0.0,21
4077,-200.0,200,0.0,21
4078,-200.0,200,0.0,21
4079,-195.0,195,1.0,21
4080,-200.0,200,0.0,21
4081,-200.0,200,0.0,21
4082,-196.0,196,1.0,21
4083,-198.0,198,1.0,21
4084,-193.0,193,1.0,21
4085,-200.0,200,0.0,21
4086,-200.0,200,0.0,21
4087,-186.0,186,1.0,21
4088,-200.0,200,0.0,21
4089,-200.0,200,0.0,21
4090,-200.0,200,0.0,21
4091,-200.0,200,0.0,21
4092,-187.0,187,1.0,21
4093,-187.0,187,1.0,21
4094,-198.0,198,1.0,21
4095,-155.0,155,1.0,21
4096,-194.0,194,1.0,21
4097,-199.0,199,1.0,21
4098,-200.0,200,0.0,21
4099,-200.0,200,0.0,21
4100,-194.0,194,1.0,21
4101,-165.0,165,1.0,21
4102,-200.0,200,0.0,21
4103,-200.0,200,0.0,21
4104,-160.0,160,1.0,21
4105,-154.0,154,1.0,21
4106,-200.0,200,0.0,21
4107,-169.0,169,1.0,21
4108,-191.0,191,1.0,21
4109,-158.0,158,1.0,21
4110,-153.0,153,1.0,21
4111,-157.0,157,1.0,21
4112,-200.0,200,0.0,21
4113,-157.0,157,1.0,21
4114,-192.0,192,1.0,21
4115,-160.0,160,1.0,21
4116,-157.0,157,1.0,21
4117,-200.0,200,0.0,21
4118,-193.0,193,1.0,21
4119,-158.0,158,1.0,21
4120,-200.0,200,0.0,21
4121,-157.0,157,1.0,21
4122,-157.0,157,1.0,21
4123,-158.0,158,1.0,21
4124,-200.0,200,0.0,21
4125,-157.0,157,1.0,21
4126,-200.0,200,0.0,21
4127,-156.0,156,1.0,21
4128,-153.0,153,1.0,21
4129,-151.0,151,1.0,21
4130,-157.0,157,1.0,21
4131,-153.0,153,1.0,21
4132,-200.0,200,0.0,21
4133,-164.0,164,1.0,21
4134,-165.0,165,1.0,21
4135,-160.0,160,1.0,21
4136,-200.0,200,0.0,21
4137,-158.0,158,1.0,21
4138,-200.0,200,0.0,21
4139,-157.0,157,1.0,21
4140,-156.0,156,1.0,21
4141,-192.0,192,1.0,21
4142,-159.0,159,1.0,21
4143,-157.0,157,1.0,21
4144,-193.0,193,1.0,21
4145,-162.0,162,1.0,21
4146,-191.0,191,1.0,21
4147,-189.0,189,1.0,21
4148,-157.0,157,1.0,21
4149,-158.0,158,1.0,21
4150,-154.0,154,1.0,21
4151,-151.0,151,1.0,21
4152,-184.0,184,1.0,21
4153,-191.0,191,1.0,21
4154,-151.0,151,1.0,21
4155,-186.0,186,1.0,21
4156,-157.0,157,1.0,21
4157,-200.0,200,0.0,21
4158,-159.0,159,1.0,21
4159,-194.0,194,1.0,21
4160,-163.0,163,1.0,21
4161,-152.0,152,1.0,21
4162,-200.0,200,0.0,21
4163,-162.0,162,1.0,21
4164,-153.0,153,1.0,21
4165,-200.0,200,0.0,21
4166,-168.0,168,1.0,21
4167,-158.0,158,1.0,21
4168,-198.0,198,1.0,21
4169,-156.0,156,1.0,21
4170,-192.0,192,1.0,21
4171,-192.0,192,1.0,21
4172,-155.0,155,1.0,21
4173,-194.0,194,1.0,21
4174,-152.0,152,1.0,21
4175,-168.0,168,1.0,21
4176,-197.0,197,1.0,21
4177,-200.0,200,0.0,21
4178,-159.0,159,1.0,21
4179,-193.0,193,1.0,21
4180,-156.0,156,1.0,21
4181,-157.0,157,1.0,21
4182,-148.0,148,1.0,21
4183,-153.0,153,1.0,21
4184,-169.0,169,1.0,21
4185,-174.0,174,1.0,21
4186,-195.0,195,1.0,21
4187,-200.0,200,0.0,21
4188,-197.0,197,1.0,21
4189,-189.0,189,1.0,21
4190,-163.0,163,1.0,21
4191,-200.0,200,0.0,21
4192,-156.0,156,1.0,21
4193,-200.0,200,0.0,21
4194,-151.0,151,1.0,21
4195,-157.0,157,1.0,21
4196,-192.0,192,1.0,21
4197,-192.0,192,1.0,21
4198,-200.0,200,0.0,21
4199,-200.0,200,0.0,21
4200,-153.0,153,1.0,21
4201,-200.0,200,0.0,21
4202,-200.0,200,0.0,21
4203,-157.0,157,1.0,21
4204,-200.0,200,0.0,21
4205,-200.0,200,0.0,21
4206,-200.0,200,0.0,21
4207,-200.0,200,0.0,21
4208,-152.0,152,1.0,21
4209,-200.0,200,0.0,21
4210,-164.0,164,1.0,21
4211,-200.0,200,0.0,21
4212,-123.0,123,1.0,21
4213,-200.0,200,0.0,21
4214,-123.0,123,1.0,21
4215,-157.0,157,1.0,21
4216,-196.0,196,1.0,21
4217,-169.0,169,1.0,21
4218,-162.0,162,1.0,21
4219,-200.0,200,0.0,21
4220,-200.0,200,0.0,21
4221,-200.0,200,0.0,21
4222,-195.0,195,1.0,21
4223,-200.0,200,0.0,21
4224,-200.0,200,0.0,21
4225,-199.0,199,1.0,21
4226,-198.0,198,1.0,21
4227,-200.0,200,0.0,21
4228,-200.0,200,0.0,21
4229,-200.0,200,0.0,21
4230,-200.0,200,0.0,21
4231,-200.0,200,0.0,21
4232,-200.0,200,0.0,21
4233,-200.0,200,0.0,21
4234,-200.0,200,0.0,21
4235,-196.0,196,1.0,21
4236,-200.0,200,0.0,21
4237,-200.0,200,0.0,21
4238,-200.0,200,0.0,21
4239,-200.0,200,0.0,21
4240,-200.0,200,0.0,21
4241,-200.0,200,0.0,21
4242,-200.0,200,0.0,21
4243,-200.0,200,0.0,21
4244,-200.0,200,0.0,21
4245,-200.0,200,0.0,21
4246,-200.0,200,0.0,21
4247,-196.0,196,1.0,21
4248,-200.0,200,0.0,21
4249,-200.0,200,0.0,21
4250,-200.0,200,0.0,21
4251,-200.0,200,0.0,21
4252,-200.0,200,0.0,21
4253,-199.0,199,1.0,21
4254,-200.0,200,0.0,21
4255,-200.0,200,0.0,21
4256,-196.0,196,1.0,21
4257,-200.0,200,0.0,21
4258,-199.0,199,1.0,21
4259,-200.0,200,0.0,21
4260,-133.0,133,1.0,21
4261,-200.0,200,0.0,21
4262,-161.0,161,1.0,21
4263,-200.0,200,0.0,21
4264,-200.0,200,0.0,21
4265,-200.0,200,0.0,21
4266,-200.0,200,0.0,21
4267,-155.0,155,1.0,21
4268,-200.0,200,0.0,21
4269,-200.0,200,0.0,21
4270,-200.0,200,0.0,21
4271,-200.0,200,0.0,21
4272,-200.0,200,0.0,21
4273,-200.0,200,0.0,21
4274,-200.0,200,0.0,21
4275,-200.0,200,0.0,21
4276,-200.0,200,0.0,21
4277,-199.0,199,1.0,21
4278,-200.0,200,0.0,21
4279,-200.0,200,0.0,21
4280,-199.0,199,1.0,21
4281,-187.0,187,1.0,21
4282,-200.0,200,0.0,21
4283,-200.0,200,0.0,21
4284,-200.0,200,0.0,21
4285,-200.0,200,0.0,21
4286,-200.0,200,0.0,21
4287,-198.0,198,1.0,21
4288,-200.0,200,0.0,21
4289,-200.0,200,0.0,21
4290,-200.0,200,0.0,21
4291,-200.0,200,0.0,21
4292,-200.0,200,0.0,21
4293,-200.0,200,0.0,21
4294,-200.0,200,0.0,21
4295,-200.0,200,0.0,21
4296,-160.0,160,1.0,21
4297,-200.0,200,0.0,21
4298,-195.0,195,1.0,21
4299,-196.0,196,1.0,21
4300,-200.0,200,0.0,21
4301,-200.0,200,0.0,21
4302,-200.0,200,0.0,21
4303,-190.0,190,1.0,21
4304,-200.0,200,0.0,21
4305,-198.0,198,1.0,21
4306,-200.0,200,0.0,21
4307,-200.0,200,0.0,21
4308,-194.0,194,1.0,21
4309,-193.0,193,1.0,21
4310,-185.0,185,1.0,21
4311,-200.0,200,0.0,21
4312,-200.0,200,0.0,21
4313,-200.0,200,0.0,21
4314,-200.0,200,0.0,21
4315,-188.0,188,1.0,21
4316,-189.0,189,1.0,21
4317,-200.0,200,0.0,21
4318,-190.0,190,1.0,21
4319,-200.0,200,0.0,21
4320,-200.0,200,0.0,21
4321,-200.0,200,0.0,21
4322,-187.0,187,1.0,21
4323,-200.0,200,0.0,21
4324,-200.0,200,0.0,21
4325,-183.0,183,1.0,21
4326,-200.0,200,0.0,21
4327,-192.0,192,1.0,21
4328,-200.0,200,0.0,21
4329,-200.0,200,0.0,21
4330,-200.0,200,0.0,21
4331,-189.0,189,1.0,21
4332,-163.0,163,1.0,21
4333,-154.0,154,1.0,21
4334,-159.0,159,1.0,21
4335,-155.0,155,1.0,21
4336,-157.0,157,1.0,21
4337,-166.0,166,1.0,21
4338,-195.0,195,1.0,21
4339,-200.0,200,0.0,21
4340,-168.0,168,1.0,21
4341,-172.0,172,1.0,21
4342,-169.0,169,1.0,21
4343,-165.0,165,1.0,21
4344,-200.0,200,0.0,21
4345,-200.0,200,0.0,21
4346,-157.0,157,1.0,21
4347,-189.0,189,1.0,21
4348,-167.0,167,1.0,21
4349,-200.0,200,0.0,21
4350,-193.0,193,1.0,21
4351,-200.0,200,0.0,21
4352,-158.0,158,1.0,21
4353,-200.0,200,0.0,21
4354,-193.0,193,1.0,21
4355,-200.0,200,0.0,21
4356,-157.0,157,1.0,21
4357,-158.0,158,1.0,21
4358,-191.0,191,1.0,21
4359,-154.0,154,1.0,21
4360,-157.0,157,1.0,21
4361,-157.0,157,1.0,21
4362,-198.0,198,1.0,21
4363,-193.0,193,1.0,21
4364,-191.0,191,1.0,21
4365,-196.0,196,1.0,21
4366,-192.0,192,1.0,21
4367,-198.0,198,1.0,21
4368,-153.0,153,1.0,21
4369,-185.0,185,1.0,21
4370,-157.0,157,1.0,21
4371,-158.0,158,1.0,21
4372,-163.0,163,1.0,21
4373,-160.0,160,1.0,21
4374,-158.0,158,1.0,21
4375,-200.0,200,0.0,21
4376,-197.0,197,1.0,21
4377,-200.0,200,0.0,21
4378,-200.0,200,0.0,21
4379,-200.0,200,0.0,21
4380,-162.0,162,1.0,21
4381,-153.0,153,1.0,21
4382,-156.0,156,1.0,21
4383,-167.0,167,1.0,21
4384,-161.0,161,1.0,21
4385,-194.0,194,1.0,21
4386,-198.0,198,1.0,21
4387,-166.0,166,1.0,21
4388,-160.0,160,1.0,21
4389,-154.0,154,1.0,21
4390,-161.0,161,1.0,21
4391,-160.0,160,1.0,21
4392,-159.0,159,1.0,21
4393,-165.0,165,1.0,21
4394,-191.0,191,1.0,21
4395,-160.0,160,1.0,21
4396,-158.0,158,1.0,21
4397,-196.0,196,1.0,21
4398,-195.0,195,1.0,21
4399,-159.0,159,1.0,21
4400,-160.0,160,1.0,21
4401,-200.0,200,0.0,21
4402,-158.0,158,1.0,21
4403,-167.0,167,1.0,21
4404,-163.0,163,1.0,21
4405,-163.0,163,1.0,21
4406,-159.0,159,1.0,21
4407,-162.0,162,1.0,21
4408,-163.0,163,1.0,21
4409,-160.0,160,1.0,21
4410,-158.0,158,1.0,21
4411,-161.0,161,1.0,21
4412,-159.0,159,1.0,21
4413,-196.0,196,1.0,21
4414,-160.0,160,1.0,21
4415,-200.0,200,0.0,21
4416,-167.0,167,1.0,21
4417,-155.0,155,1.0,21
4418,-166.0,166,1.0,21
4419,-166.0,166,1.0,21
4420,-165.0,165,1.0,21
4421,-200.0,200,0.0,21
4422,-196.0,196,1.0,21
4423,-200.0,200,0.0,21
4424,-200.0,200,0.0,21
4425,-160.0,160,1.0,21
4426,-167.0,167,1.0,21
4427,-163.0,163,1.0,21
4428,-161.0,161,1.0,21
4429,-162.0,162,1.0,21
4430,-166.0,166,1.0,21
4431,-170.0,170,1.0,21
4432,-167.0,167,1.0,21
4433,-163.0,163,1.0,21
4434,-195.0,195,1.0,21
4435,-167.0,167,1.0,21
4436,-200.0,200,0.0,21
4437,-200.0,200,0.0,21
4438,-163.0,163,1.0,21
4439,-198.0,198,1.0,21
4440,-161.0,161,1.0,21
4441,-162.0,162,1.0,21
4442,-166.0,166,1.0,21
4443,-160.0,160,1.0,21
4444,-157.0,157,1.0,21
4445,-198.0,198,1.0,21
4446,-194.0,194,1.0,21
4447,-163.0,163,1.0,21
4448,-195.0,195,1.0,21
4449,-200.0,200,0.0,21
4450,-187.0,187,1.0,21
4451,-166.0,166,1.0,21
4452,-191.0,191,1.0,21
4453,-164.0,164,1.0,21
4454,-161.0,161,1.0,21
4455,-162.0,162,1.0,21
4456,-162.0,162,1.0,21
4457,-162.0,162,1.0,21
4458,-159.0,159,1.0,21
4459,-162.0,162,1.0,21
4460,-160.0,160,1.0,21
4461,-156.0,156,1.0,21
4462,-164.0,164,1.0,21
4463,-159.0,159,1.0,21
4464,-194.0,194,1.0,21
4465,-166.0,166,1.0,21
4466,-200.0,200,0.0,21
4467,-160.0,160,1.0,21
4468,-157.0,157,1.0,21
4469,-157.0,157,1.0,21
4470,-195.0,195,1.0,21
4471,-192.0,192,1.0,21
4472,-159.0,159,1.0,21
4473,-194.0,194,1.0,21
4474,-158.0,158,1.0,21
4475,-164.0,164,1.0,21
4476,-160.0,160,1.0,21
4477,-159.0,159,1.0,21
4478,-197.0,197,1.0,21
4479,-197.0,197,1.0,21
4480,-157.0,157,1.0,21
4481,-200.0,200,0.0,21
4482,-154.0,154,1.0,21
4483,-154.0,154,1.0,21
4484,-189.0,189,1.0,21
4485,-189.0,189,1.0,21
4486,-155.0,155,1.0,21
4487,-154.0,154,1.0,21
4488,-159.0,159,1.0,21
4489,-156.0,156,1.0,21
4490,-192.0,192,1.0,21
4491,-159.0,159,1.0,21
4492,-156.0,156,1.0,21
4493,-158.0,158,1.0,21
4494,-200.0,200,0.0,21
4495,-176.0,176,1.0,21
4496,-200.0,200,0.0,21
4497,-158.0,158,1.0,21
4498,-159.0,159,1.0,21
4499,-200.0,200,0.0,21
4500,-161.0,161,1.0,21
4501,-197.0,197,1.0,21
4502,-169.0,169,1.0,21
4503,-200.0,200,0.0,21
4504,-162.0,162,1.0,21
4505,-167.0,167,1.0,21
4506,-159.0,159,1.0,21
4507,-200.0,200,0.0,21
4508,-162.0,162,1.0,21
4509,-162.0,162,1.0,21
4510,-160.0,160,1.0,21
4511,-200.0,200,0.0,21
4512,-200.0,200,0.0,21
4513,-159.0,159,1.0,21
4514,-166.0,166,1.0,21
4515,-154.0,154,1.0,21
4516,-200.0,200,0.0,21
4517,-162.0,162,1.0,21
4518,-174.0,174,1.0,21
4519,-160.0,160,1.0,21
4520,-159.0,159,1.0,21
4521,-198.0,198,1.0,21
4522,-165.0,165,1.0,21
4523,-161.0,161,1.0,21
4524,-188.0,188,1.0,21
4525,-156.0,156,1.0,21
4526,-164.0,164,1.0,21
4527,-186.0,186,1.0,21
4528,-161.0,161,1.0,21
4529,-161.0,161,1.0,21
4530,-188.0,188,1.0,21
4531,-159.0,159,1.0,21
4532,-164.0,164,1.0,21
4533,-195.0,195,1.0,21
4534,-162.0,162,1.0,21
4535,-200.0,200,0.0,21
4536,-194.0,194,1.0,21
4537,-168.0,168,1.0,21
4538,-200.0,200,0.0,21
4539,-159.0,159,1.0,21
4540,-168.0,168,1.0,21
4541,-164.0,164,1.0,21
4542,-200.0,200,0.0,21
4543,-162.0,162,1.0,21
4544,-189.0,189,1.0,21
4545,-161.0,161,1.0,21
4546,-200.0,200,0.0,21
4547,-200.0,200,0.0,21
4548,-173.0,173,1.0,21
4549,-192.0,192,1.0,21
4550,-167.0,167,1.0,21
4551,-157.0,157,1.0,21
4552,-172.0,172,1.0,21
4553,-161.0,161,1.0,21
4554,-200.0,200,0.0,21
4555,-163.0,163,1.0,21
4556,-176.0,176,1.0,21
4557,-200.0,200,0.0,21
4558,-192.0,192,1.0,21
4559,-200.0,200,0.0,21
4560,-165.0,165,1.0,21
4561,-200.0,200,0.0,21
4562,-200.0,200,0.0,21
4563,-161.0,161,1.0,21
4564,-161.0,161,1.0,21
4565,-183.0,183,1.0,21
4566,-161.0,161,1.0,21
4567,-161.0,161,1.0,21
4568,-160.0,160,1.0,21
4569,-200.0,200,0.0,21
4570,-161.0,161,1.0,21
4571,-163.0,163,1.0,21
4572,-181.0,181,1.0,21
4573,-200.0,200,0.0,21
4574,-159.0,159,1.0,21
4575,-163.0,163,1.0,21
4576,-159.0,159,1.0,21
4577,-159.0,159,1.0,21
4578,-160.0,160,1.0,21
4579,-169.0,169,1.0,21
4580,-193.0,193,1.0,21
4581,-200.0,200,0.0,21
4582,-200.0,200,0.0,21
4583,-200.0,200,0.0,21
4584,-172.0,172,1.0,21
4585,-170.0,170,1.0,21
4586,-200.0,200,0.0,21
4587,-196.0,196,1.0,21
4588,-200.0,200,0.0,21
4589,-159.0,159,1.0,21
4590,-162.0,162,1.0,21
4591,-200.0,200,0.0,21
4592,-159.0,159,1.0,21
4593,-200.0,200,0.0,21
4594,-171.0,171,1.0,21
4595,-200.0,200,0.0,21
4596,-200.0,200,0.0,21
4597,-200.0,200,0.0,21
4598,-200.0,200,0.0,21
4599,-200.0,200,0.0,21
4600,-200.0,200,0.0,21
4601,-200.0,200,0.0,21
4602,-200.0,200,0.0,21
4603,-200.0,200,0.0,21
4604,-179.0,179,1.0,21
4605,-173.0,173,1.0,21
4606,-200.0,200,0.0,21
4607,-200.0,200,0.0,21
4608,-175.0,175,1.0,21
4609,-200.0,200,0.0,21
4610,-200.0,200,0.0,21
4611,-200.0,200,0.0,21
4612,-170.0,170,1.0,21
4613,-157.0,157,1.0,21
4614,-164.0,164,1.0,21
4615,-165.0,165,1.0,21
4616,-171.0,171,1.0,21
4617,-200.0,200,0.0,21
4618,-200.0,200,0.0,21
4619,-178.0,178,1.0,21
4620,-200.0,200,0.0,21
4621,-155.0,155,1.0,21
4622,-158.0,158,1.0,21
4623,-172.0,172,1.0,21
4624,-159.0,159,1.0,21
4625,-175.0,175,1.0,21
4626,-158.0,158,1.0,21
4627,-164.0,164,1.0,21
4628,-157.0,157,1.0,21
4629,-172.0,172,1.0,21
4630,-159.0,159,1.0,21
4631,-158.0,158,1.0,21
4632,-178.0,178,1.0,21
4633,-200.0,200,0.0,21
4634,-163.0,163,1.0,21
4635,-156.0,156,1.0,21
4636,-200.0,200,0.0,21
4637,-161.0,161,1.0,21
4638,-167.0,167,1.0,21
4639,-200.0,200,0.0,21
4640,-162.0,162,1.0,21
4641,-152.0,152,1.0,21
4642,-155.0,155,1.0,21
4643,-192.0,192,1.0,21
4644,-200.0,200,0.0,21
4645,-169.0,169,1.0,21
4646,-199.0,199,1.0,21
4647,-156.0,156,1.0,21
4648,-152.0,152,1.0,21
4649,-200.0,200,0.0,21
4650,-163.0,163,1.0,21
4651,-191.0,191,1.0,21
4652,-200.0,200,0.0,21
4653,-163.0,163,1.0,21
4654,-162.0,162,1.0,21
4655,-151.0,151,1.0,21
4656,-167.0,167,1.0,21
4657,-150.0,150,1.0,21
4658,-160.0,160,1.0,21
4659,-193.0,193,1.0,21
4660,-158.0,158,1.0,21
4661,-154.0,154,1.0,21
4662,-193.0,193,1.0,21
4663,-199.0,199,1.0,21
4664,-154.0,154,1.0,21
4665,-190.0,190,1.0,21
4666,-151.0,151,1.0,21
4667,-200.0,200,0.0,21
4668,-160.0,160,1.0,21
4669,-199.0,199,1.0,21
4670,-165.0,165,1.0,21
4671,-200.0,200,0.0,21
4672,-167.0,167,1.0,21
4673,-195.0,195,1.0,21
4674,-199.0,199,1.0,21
4675,-194.0,194,1.0,21
4676,-155.0,155,1.0,21
4677,-200.0,200,0.0,21
4678,-160.0,160,1.0,21
4679,-194.0,194,1.0,21
4680,-157.0,157,1.0,21
4681,-157.0,157,1.0,21
4682,-166.0,166,1.0,21
4683,-168.0,168,1.0,21
4684,-200.0,200,0.0,21
4685,-174.0,174,1.0,21
4686,-193.0,193,1.0,21
4687,-197.0,197,1.0,21
4688,-200.0,200,0.0,21
4689,-200.0,200,0.0,21
4690,-200.0,200,0.0,21
4691,-156.0,156,1.0,21
4692,-200.0,200,0.0,21
4693,-200.0,200,0.0,21
4694,-200.0,200,0.0,21
4695,-168.0,168,1.0,21
4696,-152.0,152,1.0,21
4697,-200.0,200,0.0,21
4698,-166.0,166,1.0,21
4699,-165.0,165,1.0,21
4700,-157.0,157,1.0,21
4701,-159.0,159,1.0,21
4702,-163.0,163,1.0,21
4703,-200.0,200,0.0,21
4704,-200.0,200,0.0,21
4705,-168.0,168,1.0,21
4706,-151.0,151,1.0,21
4707,-164.0,164,1.0,21
4708,-192.0,192,1.0,21
4709,-200.0,200,0.0,21
4710,-162.0,162,1.0,21
4711,-156.0,156,1.0,21
4712,-193.0,193,1.0,21
4713,-160.0,160,1.0,21
4714,-200.0,200,0.0,21
4715,-164.0,164,1.0,21
4716,-170.0,170,1.0,21
4717,-166.0,166,1.0,21
4718,-197.0,197,1.0,21
4719,-190.0,190,1.0,21
4720,-196.0,196,1.0,21
4721,-162.0,162,1.0,21
4722,-198.0,198,1.0,21
4723,-168.0,168,1.0,21
4724,-169.0,169,1.0,21
4725,-159.0,159,1.0,21
4726,-190.0,190,1.0,21
4727,-188.0,188,1.0,21
4728,-194.0,194,1.0,21
4729,-167.0,167,1.0,21
4730,-197.0,197,1.0,21
4731,-165.0,165,1.0,21
4732,-192.0,192,1.0,21
4733,-158.0,158,1.0,21
4734,-160.0,160,1.0,21
4735,-190.0,190,1.0,21
4736,-196.0,196,1.0,21
4737,-156.0,156,1.0,21
4738,-158.0,158,1.0,21
4739,-200.0,200,0.0,21
4740,-157.0,157,1.0,21
4741,-158.0,158,1.0,21
4742,-163.0,163,1.0,21
4743,-158.0,158,1.0,21
4744,-157.0,157,1.0,21
4745,-159.0,159,1.0,21
4746,-159.0,159,1.0,21
4747,-147.0,147,1.0,21
4748,-158.0,158,1.0,21
4749,-200.0,200,0.0,21
4750,-160.0,160,1.0,21
4751,-161.0,161,1.0,21
4752,-159.0,159,1.0,21
4753,-156.0,156,1.0,21
4754,-153.0,153,1.0,21
4755,-146.0,146,1.0,21
4756,-154.0,154,1.0,21
4757,-156.0,156,1.0,21
4758,-199.0,199,1.0,21
4759,-195.0,195,1.0,21
4760,-162.0,162,1.0,21
4761,-200.0,200,0.0,21
4762,-193.0,193,1.0,21
4763,-156.0,156,1.0,21
4764,-164.0,164,1.0,21
4765,-155.0,155,1.0,21
4766,-161.0,161,1.0,21
4767,-200.0,200,0.0,21
4768,-166.0,166,1.0,21
4769,-165.0,165,1.0,21
4770,-200.0,200,0.0,21
4771,-168.0,168,1.0,21
4772,-176.0,176,1.0,21
4773,-156.0,156,1.0,21
4774,-161.0,161,1.0,21
4775,-200.0,200,0.0,21
4776,-168.0,168,1.0,21
4777,-200.0,200,0.0,21
4778,-158.0,158,1.0,21
4779,-162.0,162,1.0,21
4780,-169.0,169,1.0,21
4781,-200.0,200,0.0,21
4782,-162.0,162,1.0,21
4783,-152.0,152,1.0,21
4784,-173.0,173,1.0,21
4785,-200.0,200,0.0,21
4786,-200.0,200,0.0,21
4787,-125.0,125,1.0,21
4788,-200.0,200,0.0,21
4789,-158.0,158,1.0,21
4790,-163.0,163,1.0,21
4791,-156.0,156,1.0,21
4792,-162.0,162,1.0,21
4793,-122.0,122,1.0,21
4794,-159.0,159,1.0,21
4795,-159.0,159,1.0,21
4796,-161.0,161,1.0,21
4797,-164.0,164,1.0,21
4798,-163.0,163,1.0,21
4799,-165.0,165,1.0,21
4800,-120.0,120,1.0,21
4801,-161.0,161,1.0,21
4802,-150.0,150,1.0,21
4803,-165.0,165,1.0,21
4804,-123.0,123,1.0,21
4805,-168.0,168,1.0,21
4806,-156.0,156,1.0,21
4807,-116.0,116,1.0,21
4808,-150.0,150,1.0,21
4809,-165.0,165,1.0,21
4810,-157.0,157,1.0,21
4811,-159.0,159,1.0,21
4812,-118.0,118,1.0,21
4813,-167.0,167,1.0,21
4814,-164.0,164,1.0,21
4815,-153.0,153,1.0,21
4816,-200.0,200,0.0,21
4817,-168.0,168,1.0,21
4818,-163.0,163,1.0,21
4819,-163.0,163,1.0,21
4820,-123.0,123,1.0,21
4821,-157.0,157,1.0,21
4822,-157.0,157,1.0,21
4823,-166.0,166,1.0,21
4824,-167.0,167,1.0,21
4825,-120.0,120,1.0,21
4826,-160.0,160,1.0,21
4827,-165.0,165,1.0,21
4828,-200.0,200,0.0,21
4829,-157.0,157,1.0,21
4830,-117.0,117,1.0,21
4831,-164.0,164,1.0,21
4832,-200.0,200,0.0,21
4833,-200.0,200,0.0,21
4834,-155.0,155,1.0,21
4835,-163.0,163,1.0,21
4836,-159.0,159,1.0,21
4837,-157.0,157,1.0,21
4838,-162.0,162,1.0,21
4839,-160.0,160,1.0,21
4840,-200.0,200,0.0,21
4841,-200.0,200,0.0,21
4842,-165.0,165,1.0,21
4843,-162.0,162,1.0,21
4844,-159.0,159,1.0,21
4845,-161.0,161,1.0,21
4846,-175.0,175,1.0,21
4847,-153.0,153,1.0,21
4848,-158.0,158,1.0,21
4849,-157.0,157,1.0,21
4850,-159.0,159,1.0,21
4851,-171.0,171,1.0,21
4852,-161.0,161,1.0,21
4853,-162.0,162,1.0,21
4854,-126.0,126,1.0,21
4855,-200.0,200,0.0,21
4856,-200.0,200,0.0,21
4857,-200.0,200,0.0,21
4858,-170.0,170,1.0,21
4859,-169.0,169,1.0,21
4860,-200.0,200,0.0,21
4861,-162.0,162,1.0,21
4862,-200.0,200,0.0,21
4863,-165.0,165,1.0,21
4864,-128.0,128,1.0,21
4865,-200.0,200,0.0,21
4866,-200.0,200,0.0,21
4867,-165.0,165,1.0,21
4868,-167.0,167,1.0,21
4869,-174.0,174,1.0,21
4870,-200.0,200,0.0,21
4871,-200.0,200,0.0,21
4872,-200.0,200,0.0,21
4873,-200.0,200,0.0,21
4874,-200.0,200,0.0,21
4875,-200.0,200,0.0,21
4876,-200.0,200,0.0,21
4877,-200.0,200,0.0,21
4878,-200.0,200,0.0,21
4879,-200.0,200,0.0,21
4880,-160.0,160,1.0,21
4881,-200.0,200,0.0,21
4882,-200.0,200,0.0,21
4883,-200.0,200,0.0,21
4884,-200.0,200,0.0,21
4885,-200.0,200,0.0,21
4886,-200.0,200,0.0,21
4887,-200.0,200,0.0,21
4888,-200.0,200,0.0,21
4889,-175.0,175,1.0,21
4890,-130.0,130,1.0,21
4891,-200.0,200,0.0,21
4892,-128.0,128,1.0,21
4893,-200.0,200,0.0,21
4894,-132.0,132,1.0,21
4895,-200.0,200,0.0,21
4896,-200.0,200,0.0,21
4897,-158.0,158,1.0,21
4898,-200.0,200,0.0,21
4899,-200.0,200,0.0,21
4900,-123.0,123,1.0,21
4901,-200.0,200,0.0,21
4902,-200.0,200,0.0,21
4903,-200.0,200,0.0,21
4904,-167.0,167,1.0,21
4905,-158.0,158,1.0,21
4906,-200.0,200,0.0,21
4907,-167.0,167,1.0,21
4908,-200.0,200,0.0,21
4909,-200.0,200,0.0,21
4910,-200.0,200,0.0,21
4911,-154.0,154,1.0,21
4912,-162.0,162,1.0,21
4913,-129.0,129,1.0,21
4914,-159.0,159,1.0,21
4915,-161.0,161,1.0,21
4916,-152.0,152,1.0,21
4917,-171.0,171,1.0,21
4918,-162.0,162,1.0,21
4919,-126.0,126,1.0,21
4920,-162.0,162,1.0,21
4921,-162.0,162,1.0,21
4922,-156.0,156,1.0,21
4923,-169.0,169,1.0,21
4924,-166.0,166,1.0,21
4925,-167.0,167,1.0,21
4926,-136.0,136,1.0,21
4927,-169.0,169,1.0,21
4928,-125.0,125,1.0,21
4929,-131.0,131,1.0,21
4930,-128.0,128,1.0,21
4931,-166.0,166,1.0,21
4932,-128.0,128,1.0,21
4933,-166.0,166,1.0,21
4934,-200.0,200,0.0,21
4935,-139.0,139,1.0,21
4936,-200.0,200,0.0,21
4937,-200.0,200,0.0,21
4938,-200.0,200,0.0,21
4939,-200.0,200,0.0,21
4940,-200.0,200,0.0,21
4941,-200.0,200,0.0,21
4942,-200.0,200,0.0,21
4943,-200.0,200,0.0,21
4944,-200.0,200,0.0,21
4945,-200.0,200,0.0,21
4946,-200.0,200,0.0,21
4947,-200.0,200,0.0,21
4948,-200.0,200,0.0,21
4949,-200.0,200,0.0,21
4950,-200.0,200,0.0,21
4951,-200.0,200,0.0,21
4952,-200.0,200,0.0,21
4953,-200.0,200,0.0,21
4954,-200.0,200,0.0,21
4955,-200.0,200,0.0,21
4956,-200.0,200,0.0,21
4957,-200.0,200,0.0,21
4958,-200.0,200,0.0,21
4959,-200.0,200,0.0,21
4960,-200.0,200,0.0,21
4961,-200.0,200,0.0,21
4962,-200.0,200,0.0,21
4963,-200.0,200,0.0,21
4964,-200.0,200,0.0,21
4965,-200.0,200,0.0,21
4966,-200.0,200,0.0,21
4967,-200.0,200,0.0,21
4968,-200.0,200,0.0,21
4969,-200.0,200,0.0,21
4970,-200.0,200,0.0,21
4971,-200.0,200,0.0,21
4972,-200.0,200,0.0,21
4973,-200.0,200,0.0,21
4974,-200.0,200,0.0,21
4975,-200.0,200,0.0,21
4976,-164.0,164,1.0,21
4977,-200.0,200,0.0,21
4978,-200.0,200,0.0,21
4979,-200.0,200,0.0,21
4980,-200.0,200,0.0,21
4981,-200.0,200,0.0,21
4982,-200.0,200,0.0,21
4983,-200.0,200,0.0,21
4984,-200.0,200,0.0,21
4985,-200.0,200,0.0,21
4986,-200.0,200,0.0,21
4987,-200.0,200,0.0,21
4988,-200.0,200,0.0,21
4989,-200.0,200,0.0,21
4990,-200.0,200,0.0,21
4991,-200.0,200,0.0,21
4992,-200.0,200,0.0,21
4993,-159.0,159,1.0,21
4994,-200.0,200,0.0,21
4995,-200.0,200,0.0,21
4996,-200.0,200,0.0,21
4997,-160.0,160,1.0,21
4998,-200.0,200,0.0,21
4999,-200.0,200,0.0,21
5000,-200.0,200,0.0,21
