episode,reward,length,success,seed
1,-200.0,200,0.0,126
2,-200.0,200,0.0,126
3,-200.0,200,0.0,126
4,-200.0,200,0.0,126
5,-200.0,200,0.0,126
6,-200.0,200,0.0,126
7,-200.0,200,0.0,126
8,-200.0,200,0.0,126
9,-200.0,200,0.0,126
10,-200.0,200,0.0,126
11,-200.0,200,0.0,126
12,-200.0,200,0.0,126
13,-200.0,200,0.0,126
14,-200.0,200,0.0,126
15,-200.0,200,0.0,126
16,-200.0,200,0.0,126
17,-200.0,200,0.0,126
18,-200.0,200,0.0,126
19,-200.0,200,0.0,126
20,-200.0,200,0.0,126
21,-200.0,200,0.0,126
22,-200.0,200,0.0,126
23,-200.0,200,0.0,126
24,-200.0,200,0.0,126
25,-200.0,200,0.0,126
26,-200.0,200,0.0,126
27,-200.0,200,0.0,126
28,-200.0,200,0.0,126
29,-200.0,200,0.0,126
30,-200.0,200,0.0,126
31,-200.0,200,0.0,126
32,-200.0,200,0.0,126
33,-200.0,200,0.0,126
34,-200.0,200,0.0,126
35,-200.0,200,0.0,126
36,-200.0,200,0.0,126
37,-200.0,200,0.0,126
38,-200.0,200,0.0,126
39,-200.0,200,0.0,126
40,-200.0,200,0.0,126
41,-200.0,200,0.0,126
42,-200.0,200,0.0,126
43,-200.0,200,0.0,126
44,-200.0,200,0.0,126
45,-200.0,200,0.0,126
46,-200.0,200,0.0,126
47,-200.0,200,0.0,126
48,-200.0,200,0.0,126
49,-200.0,200,0.0,126
50,-200.0,200,0.0,126
51,-200.0,200,0.0,126
52,-200.0,200,0.0,126
53,-200.0,200,0.0,126
54,-200.0,200,0.0,126
55,-200.0,200,0.0,126
56,-200.0,200,0.0,126
57,-200.0,200,0.0,126
58,-200.0,200,0.0,126
59,-200.0,200,0.0,126
60,-200.0,200,0.0,126
61,-200.0,200,0.0,126
62,-200.0,200,0.0,126
63,-200.0,200,0.0,126
64,-200.0,200,0.0,126
65,-200.0,200,0.0,126
66,-200.0,200,0.0,126
67,-200.0,200,0.0,126
68,-200.0,200,0.0,126
69,-200.0,200,0.0,126
70,-200.0,200,0.0,126
71,-200.0,200,0.0,126
72,-200.0,200,0.0,126
73,-200.0,200,0.0,126
74,-200.0,200,0.0,126
75,-200.0,200,0.0,126
76,-200.0,200,0.0,126
77,-200.0,200,0.0,126
78,-200.0,200,0.0,126
79,-200.0,200,0.0,126
80,-200.0,200,0.0,126
81,-200.0,200,0.0,126
82,-200.0,200,0.0,126
83,-200.0,200,0.0,126
84,-200.0,200,0.0,126
85,-200.0,200,0.0,126
86,-200.0,200,0.0,126
87,-200.0,200,0.0,126
88,-200.0,200,0.0,126
89,-200.0,200,0.0,126
90,-200.0,200,0.0,126
91,-200.0,200,0.0,126
92,-200.0,200,0.0,126
93,-200.0,200,0.0,126
94,-200.0,200,0.0,126
95,-200.0,200,0.0,126
96,-200.0,200,0.0,126
97,-200.0,200,0.0,126
98,-200.0,200,0.0,126
99,-200.0,200,0.0,126
100,-200.0,200,0.0,126
101,-200.0,200,0.0,126
102,-200.0,200,0.0,126
103,-200.0,200,0.0,126
104,-200.0,200,0.0,126
105,-200.0,200,0.0,126
106,-200.0,200,0.0,126
107,-200.0,200,0.0,126
108,-200.0,200,0.0,126
109,-200.0,200,0.0,126
110,-200.0,200,0.0,126
111,-200.0,200,0.0,126
112,-200.0,200,0.0,126
113,-200.0,200,0.0,126
114,-200.0,200,0.0,126
115,-200.0,200,0.0,126
116,-200.0,200,0.0,126
117,-200.0,200,0.0,126
118,-200.0,200,0.0,126
119,-200.0,200,0.0,126
120,-200.0,200,0.0,126
121,-200.0,200,0.0,126
122,-200.0,200,0.0,126
123,-200.0,200,0.0,126
124,-200.0,200,0.0,126
125,-200.0,200,0.0,126
126,-200.0,200,0.0,126
127,-200.0,200,0.0,126
128,-200.0,200,0.0,126
129,-200.0,200,0.0,126
130,-200.0,200,0.0,126
131,-200.0,200,0.0,126
132,-200.0,200,0.0,126
133,-200.0,200,0.0,126
134,-200.0,200,0.0,126
135,-200.0,200,0.0,126
136,-200.0,200,0.0,126
137,-200.0,200,0.0,126
138,-200.0,200,0.0,126
139,-200.0,200,0.0,126
140,-200.0,200,0.0,126
141,-200.0,200,0.0,126
142,-200.0,200,0.0,126
143,-200.0,200,0.0,126
144,-200.0,200,0.0,126
145,-200.0,200,0.0,126
146,-200.0,200,0.0,126
147,-200.0,200,0.0,126
148,-200.0,200,0.0,126
149,-200.0,200,0.0,126
150,-200.0,200,0.0,126
151,-200.0,200,0.0,126
152,-200.0,200,0.0,126
153,-200.0,200,0.0,126
154,-200.0,200,0.0,126
155,-200.0,200,0.0,126
156,-200.0,200,0.0,126
157,-200.0,200,0.0,126
158,-200.0,200,0.0,126
159,-200.0,200,0.0,126
160,-200.0,200,0.0,126
161,-200.0,200,0.0,126
162,-200.0,200,0.0,126
163,-200.0,200,0.0,126
164,-200.0,200,0.0,126
165,-200.0,200,0.0,126
166,-200.0,200,0.0,126
167,-200.0,200,0.0,126
168,-200.0,200,0.0,126
169,-200.0,200,0.0,126
170,-200.0,200,0.0,126
171,-200.0,200,0.0,126
172,-200.0,200,0.0,126
173,-200.0,200,0.0,126
174,-200.0,200,0.0,126
175,-200.0,200,0.0,126
176,-200.0,200,0.0,126
177,-200.0,200,0.0,126
178,-200.0,200,0.0,126
179,-200.0,200,0.0,126
180,-200.0,200,0.0,126
181,-200.0,200,0.0,126
182,-200.0,200,0.0,126
183,-200.0,200,0.0,126
184,-200.0,200,0.0,126
185,-200.0,200,0.0,126
186,-200.0,200,0.0,126
187,-200.0,200,0.0,126
188,-200.0,200,0.0,126
189,-200.0,200,0.0,126
190,-200.0,200,0.0,126
191,-200.0,200,0.0,126
192,-200.0,200,0.0,126
193,-200.0,200,0.0,126
194,-200.0,200,0.0,126
195,-200.0,200,0.0,126
196,-200.0,200,0.0,126
197,-200.0,200,0.0,126
198,-200.0,200,0.0,126
199,-200.0,200,0.0,126
200,-200.0,200,0.0,126
201,-200.0,200,0.0,126
202,-200.0,200,0.0,126
203,-200.0,200,0.0,126
204,-200.0,200,0.0,126
205,-200.0,200,0.0,126
206,-200.0,200,0.0,126
207,-200.0,200,0.0,126
208,-200.0,200,0.0,126
209,-200.0,200,0.0,126
210,-200.0,200,0.0,126
211,-200.0,200,0.0,126
212,-200.0,200,0.0,126
213,-200.0,200,0.0,126
214,-200.0,200,0.0,126
215,-200.0,200,0.0,126
216,-200.0,200,0.0,126
217,-200.0,200,0.0,126
218,-200.0,200,0.0,126
219,-200.0,200,0.0,126
220,-200.0,200,0.0,126
221,-200.0,200,0.0,126
222,-200.0,200,0.0,126
223,-200.0,200,0.0,126
224,-200.0,200,0.0,126
225,-200.0,200,0.0,126
226,-200.0,200,0.0,126
227,-200.0,200,0.0,126
228,-200.0,200,0.0,126
229,-200.0,200,0.0,126
230,-200.0,200,0.0,126
231,-200.0,200,0.0,126
232,-200.0,200,0.0,126
233,-200.0,200,0.0,126
234,-200.0,200,0.0,126
235,-200.0,200,0.0,126
236,-200.0,200,0.0,126
237,-200.0,200,0.0,126
238,-200.0,200,0.0,126
239,-200.0,200,0.0,126
240,-200.0,200,0.0,126
241,-200.0,200,0.0,126
242,-200.0,200,0.0,126
243,-200.0,200,0.0,126
244,-200.0,200,0.0,126
245,-200.0,200,0.0,126
246,-200.0,200,0.0,126
247,-200.0,200,0.0,126
248,-200.0,200,0.0,126
249,-200.0,200,0.0,126
250,-200.0,200,0.0,126
251,-200.0,200,0.0,126
252,-200.0,200,0.0,126
253,-200.0,200,0.0,126
254,-200.0,200,0.0,126
255,-200.0,200,0.0,126
256,-200.0,200,0.0,126
257,-200.0,200,0.0,126
258,-200.0,200,0.0,126
259,-200.0,200,0.0,126
260,-200.0,200,0.0,126
261,-200.0,200,0.0,126
262,-200.0,200,0.0,126
263,-200.0,200,0.0,126
264,-200.0,200,0.0,126
265,-200.0,200,0.0,126
266,-200.0,200,0.0,126
267,-200.0,200,0.0,126
268,-200.0,200,0.0,126
269,-200.0,200,0.0,126
270,-200.0,200,0.0,126
271,-200.0,200,0.0,126
272,-200.0,200,0.0,126
273,-200.0,200,0.0,126
274,-200.0,200,0.0,126
275,-200.0,200,0.0,126
276,-200.0,200,0.0,126
277,-200.0,200,0.0,126
278,-200.0,200,0.0,126
279,-200.0,200,0.0,126
280,-200.0,200,0.0,126
281,-200.0,200,0.0,126
282,-200.0,200,0.0,126
283,-200.0,200,0.0,126
284,-200.0,200,0.0,126
285,-200.0,200,0.0,126
286,-200.0,200,0.0,126
287,-200.0,200,0.0,126
288,-200.0,200,0.0,126
289,-200.0,200,0.0,126
290,-200.0,200,0.0,126
291,-200.0,200,0.0,126
292,-200.0,200,0.0,126
293,-200.0,200,0.0,126
294,-200.0,200,0.0,126
295,-200.0,200,0.0,126
296,-200.0,200,0.0,126
297,-200.0,200,0.0,126
298,-200.0,200,0.0,126
299,-200.0,200,0.0,126
300,-200.0,200,0.0,126
301,-200.0,200,0.0,126
302,-200.0,200,0.0,126
303,-200.0,200,0.0,126
304,-200.0,200,0.0,126
305,-200.0,200,0.0,126
306,-200.0,200,0.0,126
307,-200.0,200,0.0,126
308,-200.0,200,0.0,126
309,-200.0,200,0.0,126
310,-200.0,200,0.0,126
311,-200.0,200,0.0,126
312,-200.0,200,0.0,126
313,-200.0,200,0.0,126
314,-200.0,200,0.0,126
315,-200.0,200,0.0,126
316,-200.0,200,0.0,126
317,-200.0,200,0.0,126
318,-200.0,200,0.0,126
319,-200.0,200,0.0,126
320,-200.0,200,0.0,126
321,-200.0,200,0.0,126
322,-200.0,200,0.0,126
323,-200.0,200,0.0,126
324,-200.0,200,0.0,126
325,-200.0,200,0.0,126
326,-200.0,200,0.0,126
327,-200.0,200,0.0,126
328,-200.0,200,0.0,126
329,-200.0,200,0.0,126
330,-200.0,200,0.0,126
331,-200.0,200,0.0,126
332,-200.0,200,0.0,126
333,-200.0,200,0.0,126
334,-200.0,200,0.0,126
335,-200.0,200,0.0,126
336,-200.0,200,0.0,126
337,-200.0,200,0.0,126
338,-200.0,200,0.0,126
339,-200.0,200,0.0,126
340,-200.0,200,0.0,126
341,-200.0,200,0.0,126
342,-200.0,200,0.0,126
343,-200.0,200,0.0,126
344,-200.0,200,0.0,126
345,-200.0,200,0.0,126
346,-200.0,200,0.0,126
347,-200.0,200,0.0,126
348,-200.0,200,0.0,126
349,-200.0,200,0.0,126
350,-200.0,200,0.0,126
351,-200.0,200,0.0,126
352,-200.0,200,0.0,126
353,-200.0,200,0.0,126
354,-200.0,200,0.0,126
355,-200.0,200,0.0,126
356,-200.0,200,0.0,126
357,-200.0,200,0.0,126
358,-200.0,200,0.0,126
359,-200.0,200,0.0,126
360,-200.0,200,0.0,126
361,-200.0,200,0.0,126
362,-200.0,200,0.0,126
363,-200.0,200,0.0,126
364,-200.0,200,0.0,126
365,-200.0,200,0.0,126
366,-200.0,200,0.0,126
367,-200.0,200,0.0,126
368,-200.0,200,0.0,126
369,-200.0,200,0.0,126
370,-200.0,200,0.0,126
371,-200.0,200,0.0,126
372,-200.0,200,0.0,126
373,-200.0,200,0.0,126
374,-200.0,200,0.0,126
375,-200.0,200,0.0,126
376,-200.0,200,0.0,126
377,-200.0,200,0.0,126
378,-200.0,200,0.0,126
379,-200.0,200,0.0,126
380,-200.0,200,0.0,126
381,-200.0,200,0.0,126
382,-200.0,200,0.0,126
383,-200.0,200,0.0,126
384,-200.0,200,0.0,126
385,-200.0,200,0.0,126
386,-200.0,200,0.0,126
387,-200.0,200,0.0,126
388,-200.0,200,0.0,126
389,-200.0,200,0.0,126
390,-200.0,200,0.0,126
391,-200.0,200,0.0,126
392,-200.0,200,0.0,126
393,-200.0,200,0.0,126
394,-200.0,200,0.0,126
395,-200.0,200,0.0,126
396,-200.0,200,0.0,126
397,-200.0,200,0.0,126
398,-200.0,200,0.0,126
399,-200.0,200,0.0,126
400,-200.0,200,0.0,126
401,-200.0,200,0.0,126
402,-200.0,200,0.0,126
403,-200.0,200,0.0,126
404,-200.0,200,0.0,126
405,-200.0,200,0.0,126
406,-200.0,200,0.0,126
407,-200.0,200,0.0,126
408,-200.0,200,0.0,126
409,-200.0,200,0.0,126
410,-200.0,200,0.0,126
411,-200.0,200,0.0,126
412,-200.0,200,0.0,126
413,-200.0,200,0.0,126
414,-200.0,200,0.0,126
415,-200.0,200,0.0,126
416,-200.0,200,0.0,126
417,-200.0,200,0.0,126
418,-200.0,200,0.0,126
419,-200.0,200,0.0,126
420,-200.0,200,0.0,126
421,-200.0,200,0.0,126
422,-200.0,200,0.0,126
423,-200.0,200,0.0,126
424,-200.0,200,0.0,126
425,-200.0,200,0.0,126
426,-200.0,200,0.0,126
427,-200.0,200,0.0,126
428,-200.0,200,0.0,126
429,-200.0,200,0.0,126
430,-200.0,200,0.0,126
431,-200.0,200,0.0,126
432,-200.0,200,0.0,126
433,-200.0,200,0.0,126
434,-200.0,200,0.0,126
435,-200.0,200,0.0,126
436,-200.0,200,0.0,126
437,-200.0,200,0.0,126
438,-200.0,200,0.0,126
439,-200.0,200,0.0,126
440,-200.0,200,0.0,126
441,-200.0,200,0.0,126
442,-200.0,200,0.0,126
443,-200.0,200,0.0,126
444,-200.0,200,0.0,126
445,-200.0,200,0.0,126
446,-200.0,200,0.0,126
447,-200.0,200,0.0,126
448,-200.0,200,0.0,126
449,-200.0,200,0.0,126
450,-200.0,200,0.0,126
451,-200.0,200,0.0,126
452,-200.0,200,0.0,126
453,-200.0,200,0.0,126
454,-200.0,200,0.0,126
455,-200.0,200,0.0,126
456,-200.0,200,0.0,126
457,-200.0,200,0.0,126
458,-200.0,200,0.0,126
459,-200.0,200,0.0,126
460,-200.0,200,0.0,126
461,-200.0,200,0.0,126
462,-200.0,200,0.0,126
463,-200.0,200,0.0,126
464,-200.0,200,0.0,126
465,-200.0,200,0.0,126
466,-200.0,200,0.0,126
467,-200.0,200,0.0,126
468,-200.0,200,0.0,126
469,-200.0,200,0.0,126
470,-200.0,200,0.0,126
471,-200.0,200,0.0,126
472,-200.0,200,0.0,126
473,-200.0,200,0.0,126
474,-200.0,200,0.0,126
475,-200.0,200,0.0,126
476,-200.0,200,0.0,126
477,-200.0,200,0.0,126
478,-200.0,200,0.0,126
479,-200.0,200,0.0,126
480,-200.0,200,0.0,126
481,-200.0,200,0.0,126
482,-200.0,200,0.0,126
483,-200.0,200,0.0,126
484,-200.0,200,0.0,126
485,-200.0,200,0.0,126
486,-200.0,200,0.0,126
487,-200.0,200,0.0,126
488,-200.0,200,0.0,126
489,-200.0,200,0.0,126
490,-200.0,200,0.0,126
491,-200.0,200,0.0,126
492,-200.0,200,0.0,126
493,-200.0,200,0.0,126
494,-200.0,200,0.0,126
495,-200.0,200,0.0,126
496,-200.0,200,0.0,126
497,-200.0,200,0.0,126
498,-200.0,200,0.0,126
499,-200.0,200,0.0,126
500,-200.0,200,0.0,126
501,-200.0,200,0.0,126
502,-200.0,200,0.0,126
503,-200.0,200,0.0,126
504,-200.0,200,0.0,126
505,-200.0,200,0.0,126
506,-200.0,200,0.0,126
507,-200.0,200,0.0,126
508,-200.0,200,0.0,126
509,-200.0,200,0.0,126
510,-200.0,200,0.0,126
511,-200.0,200,0.0,126
512,-200.0,200,0.0,126
513,-200.0,200,0.0,126
514,-200.0,200,0.0,126
515,-200.0,200,0.0,126
516,-200.0,200,0.0,126
517,-200.0,200,0.0,126
518,-200.0,200,0.0,126
519,-200.0,200,0.0,126
520,-200.0,200,0.0,126
521,-200.0,200,0.0,126
522,-200.0,200,0.0,126
523,-200.0,200,0.0,126
524,-200.0,200,0.0,126
525,-200.0,200,0.0,126
526,-200.0,200,0.0,126
527,-200.0,200,0.0,126
528,-200.0,200,0.0,126
529,-200.0,200,0.0,126
530,-200.0,200,0.0,126
531,-200.0,200,0.0,126
532,-200.0,200,0.0,126
533,-200.0,200,0.0,126
534,-200.0,200,0.0,126
535,-200.0,200,0.0,126
536,-200.0,200,0.0,126
537,-200.0,200,0.0,126
538,-200.0,200,0.0,126
539,-200.0,200,0.0,126
540,-200.0,200,0.0,126
541,-200.0,200,0.0,126
542,-200.0,200,0.0,126
543,-200.0,200,0.0,126
544,-200.0,200,0.0,126
545,-200.0,200,0.0,126
546,-200.0,200,0.0,126
547,-200.0,200,0.0,126
548,-200.0,200,0.0,126
549,-200.0,200,0.0,126
550,-200.0,200,0.0,126
551,-200.0,200,0.0,126
552,-200.0,200,0.0,126
553,-200.0,200,0.0,126
554,-200.0,200,0.0,126
555,-200.0,200,0.0,126
556,-200.0,200,0.0,126
557,-200.0,200,0.0,126
558,-200.0,200,0.0,126
559,-200.0,200,0.0,126
560,-200.0,200,0.0,126
561,-200.0,200,0.0,126
562,-200.0,200,0.0,126
563,-200.0,200,0.0,126
564,-200.0,200,0.0,126
565,-200.0,200,0.0,126
566,-200.0,200,0.0,126
567,-200.0,200,0.0,126
568,-200.0,200,0.0,126
569,-200.0,200,0.0,126
570,-200.0,200,0.0,126
571,-200.0,200,0.0,126
572,-200.0,200,0.0,126
573,-200.0,200,0.0,126
574,-200.0,200,0.0,126
575,-200.0,200,0.0,126
576,-200.0,200,0.0,126
577,-200.0,200,0.0,126
578,-200.0,200,0.0,126
579,-200.0,200,0.0,126
580,-200.0,200,0.0,126
581,-200.0,200,0.0,126
582,-200.0,200,0.0,126
583,-200.0,200,0.0,126
584,-200.0,200,0.0,126
585,-200.0,200,0.0,126
586,-200.0,200,0.0,126
587,-200.0,200,0.0,126
588,-200.0,200,0.0,126
589,-200.0,200,0.0,126
590,-200.0,200,0.0,126
591,-200.0,200,0.0,126
592,-200.0,200,0.0,126
593,-200.0,200,0.0,126
594,-200.0,200,0.0,126
595,-200.0,200,0.0,126
596,-200.0,200,0.0,126
597,-200.0,200,0.0,126
598,-200.0,200,0.0,126
599,-200.0,200,0.0,126
600,-200.0,200,0.0,126
601,-200.0,200,0.0,126
602,-200.0,200,0.0,126
603,-200.0,200,0.0,126
604,-200.0,200,0.0,126
605,-200.0,200,0.0,126
606,-200.0,200,0.0,126
607,-200.0,200,0.0,126
608,-200.0,200,0.0,126
609,-200.0,200,0.0,126
610,-200.0,200,0.0,126
611,-200.0,200,0.0,126
612,-200.0,200,0.0,126
613,-200.0,200,0.0,126
614,-200.0,200,0.0,126
615,-200.0,200,0.0,126
616,-200.0,200,0.0,126
617,-200.0,200,0.0,126
618,-200.0,200,0.0,126
619,-200.0,200,0.0,126
620,-200.0,200,0.0,126
621,-200.0,200,0.0,126
622,-200.0,200,0.0,126
623,-200.0,200,0.0,126
624,-200.0,200,0.0,126
625,-200.0,200,0.0,126
626,-200.0,200,0.0,126
627,-200.0,200,0.0,126
628,-200.0,200,0.0,126
629,-200.0,200,0.0,126
630,-200.0,200,0.0,126
631,-200.0,200,0.0,126
632,-200.0,200,0.0,126
633,-200.0,200,0.0,126
634,-200.0,200,0.0,126
635,-200.0,200,0.0,126
636,-200.0,200,0.0,126
637,-200.0,200,0.0,126
638,-200.0,200,0.0,126
639,-200.0,200,0.0,126
640,-200.0,200,0.0,126
641,-200.0,200,0.0,126
642,-200.0,200,0.0,126
643,-200.0,200,0.0,126
644,-200.0,200,0.0,126
645,-200.0,200,0.0,126
646,-200.0,200,0.0,126
647,-200.0,200,0.0,126
648,-200.0,200,0.0,126
649,-200.0,200,0.0,126
650,-200.0,200,0.0,126
651,-200.0,200,0.0,126
652,-200.0,200,0.0,126
653,-200.0,200,0.0,126
654,-200.0,200,0.0,126
655,-200.0,200,0.0,126
656,-200.0,200,0.0,126
657,-200.0,200,0.0,126
658,-200.0,200,0.0,126
659,-200.0,200,0.0,126
660,-200.0,200,0.0,126
661,-200.0,200,0.0,126
662,-200.0,200,0.0,126
663,-200.0,200,0.0,126
664,-200.0,200,0.0,126
665,-200.0,200,0.0,126
666,-200.0,200,0.0,126
667,-200.0,200,0.0,126
668,-200.0,200,0.0,126
669,-200.0,200,0.0,126
670,-200.0,200,0.0,126
671,-200.0,200,0.0,126
672,-200.0,200,0.0,126
673,-200.0,200,0.0,126
674,-200.0,200,0.0,126
675,-200.0,200,0.0,126
676,-200.0,200,0.0,126
677,-200.0,200,0.0,126
678,-200.0,200,0.0,126
679,-200.0,200,0.0,126
680,-200.0,200,0.0,126
681,-200.0,200,0.0,126
682,-200.0,200,0.0,126
683,-200.0,200,0.0,126
684,-200.0,200,0.0,126
685,-200.0,200,0.0,126
686,-200.0,200,0.0,126
687,-200.0,200,0.0,126
688,-200.0,200,0.0,126
689,-200.0,200,0.0,126
690,-200.0,200,0.0,126
691,-200.0,200,0.0,126
692,-200.0,200,0.0,126
693,-200.0,200,0.0,126
694,-200.0,200,0.0,126
695,-200.0,200,0.0,126
696,-200.0,200,0.0,126
697,-200.0,200,0.0,126
698,-200.0,200,0.0,126
699,-200.0,200,0.0,126
700,-200.0,200,0.0,126
701,-200.0,200,0.0,126
702,-200.0,200,0.0,126
703,-200.0,200,0.0,126
704,-200.0,200,0.0,126
705,-200.0,200,0.0,126
706,-200.0,200,0.0,126
707,-200.0,200,0.0,126
708,-200.0,200,0.0,126
709,-200.0,200,0.0,126
710,-200.0,200,0.0,126
711,-200.0,200,0.0,126
712,-200.0,200,0.0,126
713,-200.0,200,0.0,126
714,-200.0,200,0.0,126
715,-200.0,200,0.0,126
716,-200.0,200,0.0,126
717,-200.0,200,0.0,126
718,-200.0,200,0.0,126
719,-200.0,200,0.0,126
720,-200.0,200,0.0,126
721,-200.0,200,0.0,126
722,-200.0,200,0.0,126
723,-200.0,200,0.0,126
724,-200.0,200,0.0,126
725,-200.0,200,0.0,126
726,-200.0,200,0.0,126
727,-200.0,200,0.0,126
728,-200.0,200,0.0,126
729,-200.0,200,0.0,126
730,-200.0,200,0.0,126
731,-200.0,200,0.0,126
732,-200.0,200,0.0,126
733,-200.0,200,0.0,126
734,-200.0,200,0.0,126
735,-200.0,200,0.0,126
736,-200.0,200,0.0,126
737,-200.0,200,0.0,126
738,-200.0,200,0.0,126
739,-200.0,200,0.0,126
740,-200.0,200,0.0,126
741,-200.0,200,0.0,126
742,-200.0,200,0.0,126
743,-200.0,200,0.0,126
744,-200.0,200,0.0,126
745,-200.0,200,0.0,126
746,-200.0,200,0.0,126
747,-200.0,200,0.0,126
748,-200.0,200,0.0,126
749,-200.0,200,0.0,126
750,-200.0,200,0.0,126
751,-200.0,200,0.0,126
752,-200.0,200,0.0,126
753,-200.0,200,0.0,126
754,-200.0,200,0.0,126
755,-200.0,200,0.0,126
756,-200.0,200,0.0,126
757,-200.0,200,0.0,126
758,-200.0,200,0.0,126
759,-200.0,200,0.0,126
760,-200.0,200,0.0,126
761,-200.0,200,0.0,126
762,-200.0,200,0.0,126
763,-200.0,200,0.0,126
764,-200.0,200,0.0,126
765,-200.0,200,0.0,126
766,-200.0,200,0.0,126
767,-200.0,200,0.0,126
768,-200.0,200,0.0,126
769,-200.0,200,0.0,126
770,-200.0,200,0.0,126
771,-200.0,200,0.0,126
772,-200.0,200,0.0,126
773,-200.0,200,0.0,126
774,-200.0,200,0.0,126
775,-200.0,200,0.0,126
776,-200.0,200,0.0,126
777,-200.0,200,0.0,126
778,-200.0,200,0.0,126
779,-200.0,200,0.0,126
780,-200.0,200,0.0,126
781,-200.0,200,0.0,126
782,-200.0,200,0.0,126
783,-200.0,200,0.0,126
784,-200.0,200,0.0,126
785,-200.0,200,0.0,126
786,-200.0,200,0.0,126
787,-200.0,200,0.0,126
788,-200.0,200,0.0,126
789,-200.0,200,0.0,126
790,-200.0,200,0.0,126
791,-200.0,200,0.0,126
792,-200.0,200,0.0,126
793,-200.0,200,0.0,126
794,-200.0,200,0.0,126
795,-200.0,200,0.0,126
796,-200.0,200,0.0,126
797,-200.0,200,0.0,126
798,-200.0,200,0.0,126
799,-200.0,200,0.0,126
800,-200.0,200,0.0,126
801,-200.0,200,0.0,126
802,-200.0,200,0.0,126
803,-200.0,200,0.0,126
804,-200.0,200,0.0,126
805,-200.0,200,0.0,126
806,-200.0,200,0.0,126
807,-200.0,200,0.0,126
808,-200.0,200,0.0,126
809,-200.0,200,0.0,126
810,-200.0,200,0.0,126
811,-200.0,200,0.0,126
812,-200.0,200,0.0,126
813,-200.0,200,0.0,126
814,-200.0,200,0.0,126
815,-200.0,200,0.0,126
816,-200.0,200,0.0,126
817,-200.0,200,0.0,126
818,-200.0,200,0.0,126
819,-200.0,200,0.0,126
820,-200.0,200,0.0,126
821,-200.0,200,0.0,126
822,-200.0,200,0.0,126
823,-200.0,200,0.0,126
824,-200.0,200,0.0,126
825,-200.0,200,0.0,126
826,-200.0,200,0.0,126
827,-200.0,200,0.0,126
828,-200.0,200,0.0,126
829,-200.0,200,0.0,126
830,-200.0,200,0.0,126
831,-200.0,200,0.0,126
832,-200.0,200,0.0,126
833,-200.0,200,0.0,126
834,-200.0,200,0.0,126
835,-200.0,200,0.0,126
836,-200.0,200,0.0,126
837,-200.0,200,0.0,126
838,-200.0,200,0.0,126
839,-200.0,200,0.0,126
840,-200.0,200,0.0,126
841,-200.0,200,0.0,126
842,-200.0,200,0.0,126
843,-200.0,200,0.0,126
844,-200.0,200,0.0,126
845,-200.0,200,0.0,126
846,-200.0,200,0.0,126
847,-200.0,200,0.0,126
848,-200.0,200,0.0,126
849,-200.0,200,0.0,126
850,-200.0,200,0.0,126
851,-200.0,200,0.0,126
852,-200.0,200,0.0,126
853,-200.0,200,0.0,126
854,-200.0,200,0.0,126
855,-200.0,200,0.0,126
856,-200.0,200,0.0,126
857,-200.0,200,0.0,126
858,-200.0,200,0.0,126
859,-200.0,200,0.0,126
860,-200.0,200,0.0,126
861,-200.0,200,0.0,126
862,-200.0,200,0.0,126
863,-200.0,200,0.0,126
864,-200.0,200,0.0,126
865,-200.0,200,0.0,126
866,-200.0,200,0.0,126
867,-200.0,200,0.0,126
868,-200.0,200,0.0,126
869,-200.0,200,0.0,126
870,-200.0,200,0.0,126
871,-200.0,200,0.0,126
872,-200.0,200,0.0,126
873,-200.0,200,0.0,126
874,-200.0,200,0.0,126
875,-200.0,200,0.0,126
876,-200.0,200,0.0,126
877,-200.0,200,0.0,126
878,-200.0,200,0.0,126
879,-200.0,200,0.0,126
880,-200.0,200,0.0,126
881,-200.0,200,0.0,126
882,-200.0,200,0.0,126
883,-200.0,200,0.0,126
884,-200.0,200,0.0,126
885,-200.0,200,0.0,126
886,-200.0,200,0.0,126
887,-200.0,200,0.0,126
888,-200.0,200,0.0,126
889,-200.0,200,0.0,126
890,-200.0,200,0.0,126
891,-200.0,200,0.0,126
892,-200.0,200,0.0,126
893,-200.0,200,0.0,126
894,-200.0,200,0.0,126
895,-200.0,200,0.0,126
896,-200.0,200,0.0,126
897,-200.0,200,0.0,126
898,-200.0,200,0.0,126
899,-200.0,200,0.0,126
900,-200.0,200,0.0,126
901,-200.0,200,0.0,126
902,-200.0,200,0.0,126
903,-200.0,200,0.0,126
904,-200.0,200,0.0,126
905,-200.0,200,0.0,126
906,-200.0,200,0.0,126
907,-200.0,200,0.0,126
908,-200.0,200,0.0,126
909,-200.0,200,0.0,126
910,-200.0,200,0.0,126
911,-200.0,200,0.0,126
912,-200.0,200,0.0,126
913,-200.0,200,0.0,126
914,-200.0,200,0.0,126
915,-200.0,200,0.0,126
916,-200.0,200,0.0,126
917,-200.0,200,0.0,126
918,-200.0,200,0.0,126
919,-200.0,200,0.0,126
920,-200.0,200,0.0,126
921,-200.0,200,0.0,126
922,-200.0,200,0.0,126
923,-200.0,200,0.0,126
924,-200.0,200,0.0,126
925,-200.0,200,0.0,126
926,-200.0,200,0.0,126
927,-200.0,200,0.0,126
928,-200.0,200,0.0,126
929,-200.0,200,0.0,126
930,-200.0,200,0.0,126
931,-200.0,200,0.0,126
932,-200.0,200,0.0,126
933,-200.0,200,0.0,126
934,-200.0,200,0.0,126
935,-200.0,200,0.0,126
936,-200.0,200,0.0,126
937,-200.0,200,0.0,126
938,-200.0,200,0.0,126
939,-200.0,200,0.0,126
940,-200.0,200,0.0,126
941,-200.0,200,0.0,126
942,-200.0,200,0.0,126
943,-200.0,200,0.0,126
944,-200.0,200,0.0,126
945,-200.0,200,0.0,126
946,-200.0,200,0.0,126
947,-200.0,200,0.0,126
948,-200.0,200,0.0,126
949,-200.0,200,0.0,126
950,-200.0,200,0.0,126
951,-200.0,200,0.0,126
952,-200.0,200,0.0,126
953,-200.0,200,0.0,126
954,-200.0,200,0.0,126
955,-200.0,200,0.0,126
956,-200.0,200,0.0,126
957,-200.0,200,0.0,126
958,-200.0,200,0.0,126
959,-200.0,200,0.0,126
960,-200.0,200,0.0,126
961,-200.0,200,0.0,126
962,-200.0,200,0.0,126
963,-200.0,200,0.0,126
964,-200.0,200,0.0,126
965,-200.0,200,0.0,126
966,-200.0,200,0.0,126
967,-200.0,200,0.0,126
968,-200.0,200,0.0,126
969,-200.0,200,0.0,126
970,-200.0,200,0.0,126
971,-200.0,200,0.0,126
972,-200.0,200,0.0,126
973,-200.0,200,0.0,126
974,-200.0,200,0.0,126
975,-200.0,200,0.0,126
976,-200.0,200,0.0,126
977,-200.0,200,0.0,126
978,-200.0,200,0.0,126
979,-200.0,200,0.0,126
980,-200.0,200,0.0,126
981,-200.0,200,0.0,126
982,-200.0,200,0.0,126
983,-200.0,200,0.0,126
984,-200.0,200,0.0,126
985,-200.0,200,0.0,126
986,-200.0,200,0.0,126
987,-200.0,200,0.0,126
988,-200.0,200,0.0,126
989,-200.0,200,0.0,126
990,-200.0,200,0.0,126
991,-200.0,200,0.0,126
992,-200.0,200,0.0,126
993,-200.0,200,0.0,126
994,-200.0,200,0.0,126
995,-200.0,200,0.0,126
996,-200.0,200,0.0,126
997,-200.0,200,0.0,126
998,-200.0,200,0.0,126
999,-200.0,200,0.0,126
1000,-200.0,200,0.0,126
1001,-200.0,200,0.0,126
1002,-200.0,200,0.0,126
1003,-200.0,200,0.0,126
1004,-200.0,200,0.0,126
1005,-200.0,200,0.0,126
1006,-200.0,200,0.0,126
1007,-200.0,200,0.0,126
1008,-200.0,200,0.0,126
1009,-200.0,200,0.0,126
1010,-200.0,200,0.0,126
1011,-200.0,200,0.0,126
1012,-200.0,200,0.0,126
1013,-200.0,200,0.0,126
1014,-200.0,200,0.0,126
1015,-200.0,200,0.0,126
1016,-200.0,200,0.0,126
1017,-200.0,200,0.0,126
1018,-200.0,200,0.0,126
1019,-200.0,200,0.0,126
1020,-200.0,200,0.0,126
1021,-200.0,200,0.0,126
1022,-200.0,200,0.0,126
1023,-200.0,200,0.0,126
1024,-200.0,200,0.0,126
1025,-200.0,200,0.0,126
1026,-200.0,200,0.0,126
1027,-200.0,200,0.0,126
1028,-200.0,200,0.0,126
1029,-200.0,200,0.0,126
1030,-200.0,200,0.0,126
1031,-200.0,200,0.0,126
1032,-200.0,200,0.0,126
1033,-200.0,200,0.0,126
1034,-200.0,200,0.0,126
1035,-200.0,200,0.0,126
1036,-200.0,200,0.0,126
1037,-200.0,200,0.0,126
1038,-200.0,200,0.0,126
1039,-200.0,200,0.0,126
1040,-200.0,200,0.0,126
1041,-200.0,200,0.0,126
1042,-200.0,200,0.0,126
1043,-200.0,200,0.0,126
1044,-200.0,200,0.0,126
1045,-200.0,200,0.0,126
1046,-200.0,200,0.0,126
1047,-200.0,200,0.0,126
1048,-200.0,200,0.0,126
1049,-200.0,200,0.0,126
1050,-200.0,200,0.0,126
1051,-200.0,200,0.0,126
1052,-200.0,200,0.0,126
1053,-200.0,200,0.0,126
1054,-200.0,200,0.0,126
1055,-200.0,200,0.0,126
1056,-200.0,200,0.0,126
1057,-200.0,200,0.0,126
1058,-200.0,200,0.0,126
1059,-200.0,200,0.0,126
1060,-200.0,200,0.0,126
1061,-200.0,200,0.0,126
1062,-200.0,200,0.0,126
1063,-200.0,200,0.0,126
1064,-200.0,200,0.0,126
1065,-200.0,200,0.0,126
1066,-200.0,200,0.0,126
1067,-200.0,200,0.0,126
1068,-200.0,200,0.0,126
1069,-200.0,200,0.0,126
1070,-200.0,200,0.0,126
1071,-200.0,200,0.0,126
1072,-200.0,200,0.0,126
1073,-200.0,200,0.0,126
1074,-200.0,200,0.0,126
1075,-200.0,200,0.0,126
1076,-200.0,200,0.0,126
1077,-200.0,200,0.0,126
1078,-200.0,200,0.0,126
1079,-200.0,200,0.0,126
1080,-200.0,200,0.0,126
1081,-200.0,200,0.0,126
1082,-200.0,200,0.0,126
1083,-200.0,200,0.0,126
1084,-200.0,200,0.0,126
1085,-200.0,200,0.0,126
1086,-200.0,200,0.0,126
1087,-200.0,200,0.0,126
1088,-200.0,200,0.0,126
1089,-200.0,200,0.0,126
1090,-200.0,200,0.0,126
1091,-200.0,200,0.0,126
1092,-200.0,200,0.0,126
1093,-200.0,200,0.0,126
1094,-200.0,200,0.0,126
1095,-200.0,200,0.0,126
1096,-200.0,200,0.0,126
1097,-200.0,200,0.0,126
1098,-200.0,200,0.0,126
1099,-200.0,200,0.0,126
1100,-200.0,200,0.0,126
1101,-200.0,200,0.0,126
1102,-200.0,200,0.0,126
1103,-200.0,200,0.0,126
1104,-200.0,200,0.0,126
1105,-200.0,200,0.0,126
1106,-200.0,200,0.0,126
1107,-200.0,200,0.0,126
1108,-200.0,200,0.0,126
1109,-200.0,200,0.0,126
1110,-200.0,200,0.0,126
1111,-200.0,200,0.0,126
1112,-200.0,200,0.0,126
1113,-200.0,200,0.0,126
1114,-200.0,200,0.0,126
1115,-200.0,200,0.0,126
1116,-200.0,200,0.0,126
1117,-200.0,200,0.0,126
1118,-200.0,200,0.0,126
1119,-200.0,200,0.0,126
1120,-200.0,200,0.0,126
1121,-200.0,200,0.0,126
1122,-200.0,200,0.0,126
1123,-200.0,200,0.0,126
1124,-200.0,200,0.0,126
1125,-200.0,200,0.0,126
1126,-200.0,200,0.0,126
1127,-200.0,200,0.0,126
1128,-200.0,200,0.0,126
1129,-200.0,200,0.0,126
1130,-200.0,200,0.0,126
1131,-200.0,200,0.0,126
1132,-200.0,200,0.0,126
1133,-200.0,200,0.0,126
1134,-200.0,200,0.0,126
1135,-200.0,200,0.0,126
1136,-200.0,200,0.0,126
1137,-200.0,200,0.0,126
1138,-200.0,200,0.0,126
1139,-200.0,200,0.0,126
1140,-200.0,200,0.0,126
1141,-200.0,200,0.0,126
1142,-200.0,200,0.0,126
1143,-200.0,200,0.0,126
1144,-200.0,200,0.0,126
1145,-200.0,200,0.0,126
1146,-200.0,200,0.0,126
1147,-200.0,200,0.0,126
1148,-200.0,200,0.0,126
1149,-200.0,200,0.0,126
1150,-200.0,200,0.0,126
1151,-200.0,200,0.0,126
1152,-200.0,200,0.0,126
1153,-200.0,200,0.0,126
1154,-200.0,200,0.0,126
1155,-200.0,200,0.0,126
1156,-200.0,200,0.0,126
1157,-200.0,200,0.0,126
1158,-200.0,200,0.0,126
1159,-200.0,200,0.0,126
1160,-200.0,200,0.0,126
1161,-200.0,200,0.0,126
1162,-200.0,200,0.0,126
1163,-200.0,200,0.0,126
1164,-200.0,200,0.0,126
1165,-200.0,200,0.0,126
1166,-200.0,200,0.0,126
1167,-200.0,200,0.0,126
1168,-200.0,200,0.0,126
1169,-200.0,200,0.0,126
1170,-200.0,200,0.0,126
1171,-200.0,200,0.0,126
1172,-200.0,200,0.0,126
1173,-200.0,200,0.0,126
1174,-200.0,200,0.0,126
1175,-200.0,200,0.0,126
1176,-200.0,200,0.0,126
1177,-200.0,200,0.0,126
1178,-200.0,200,0.0,126
1179,-200.0,200,0.0,126
1180,-200.0,200,0.0,126
1181,-200.0,200,0.0,126
1182,-200.0,200,0.0,126
1183,-200.0,200,0.0,126
1184,-200.0,200,0.0,126
1185,-200.0,200,0.0,126
1186,-200.0,200,0.0,126
1187,-200.0,200,0.0,126
1188,-200.0,200,0.0,126
1189,-200.0,200,0.0,126
1190,-200.0,200,0.0,126
1191,-200.0,200,0.0,126
1192,-200.0,200,0.0,126
1193,-200.0,200,0.0,126
1194,-200.0,200,0.0,126
1195,-200.0,200,0.0,126
1196,-200.0,200,0.0,126
1197,-200.0,200,0.0,126
1198,-200.0,200,0.0,126
1199,-200.0,200,0.0,126
1200,-200.0,200,0.0,126
1201,-200.0,200,0.0,126
1202,-200.0,200,0.0,126
1203,-200.0,200,0.0,126
1204,-200.0,200,0.0,126
1205,-200.0,200,0.0,126
1206,-200.0,200,0.0,126
1207,-200.0,200,0.0,126
1208,-200.0,200,0.0,126
1209,-200.0,200,0.0,126
1210,-200.0,200,0.0,126
1211,-200.0,200,0.0,126
1212,-200.0,200,0.0,126
1213,-200.0,200,0.0,126
1214,-200.0,200,0.0,126
1215,-200.0,200,0.0,126
1216,-200.0,200,0.0,126
1217,-200.0,200,0.0,126
1218,-200.0,200,0.0,126
1219,-200.0,200,0.0,126
1220,-200.0,200,0.0,126
1221,-200.0,200,0.0,126
1222,-200.0,200,0.0,126
1223,-200.0,200,0.0,126
1224,-200.0,200,0.0,126
1225,-200.0,200,0.0,126
1226,-200.0,200,0.0,126
1227,-200.0,200,0.0,126
1228,-200.0,200,0.0,126
1229,-200.0,200,0.0,126
1230,-200.0,200,0.0,126
1231,-200.0,200,0.0,126
1232,-200.0,200,0.0,126
1233,-200.0,200,0.0,126
1234,-200.0,200,0.0,126
1235,-200.0,200,0.0,126
1236,-200.0,200,0.0,126
1237,-200.0,200,0.0,126
1238,-200.0,200,0.0,126
1239,-200.0,200,0.0,126
1240,-200.0,200,0.0,126
1241,-200.0,200,0.0,126
1242,-200.0,200,0.0,126
1243,-200.0,200,0.0,126
1244,-200.0,200,0.0,126
1245,-200.0,200,0.0,126
1246,-200.0,200,0.0,126
1247,-200.0,200,0.0,126
1248,-200.0,200,0.0,126
1249,-200.0,200,0.0,126
1250,-200.0,200,0.0,126
1251,-200.0,200,0.0,126
1252,-200.0,200,0.0,126
1253,-200.0,200,0.0,126
1254,-200.0,200,0.0,126
1255,-200.0,200,0.0,126
1256,-200.0,200,0.0,126
1257,-200.0,200,0.0,126
1258,-200.0,200,0.0,126
1259,-200.0,200,0.0,126
1260,-200.0,200,0.0,126
1261,-200.0,200,0.0,126
1262,-200.0,200,0.0,126
1263,-200.0,200,0.0,126
1264,-200.0,200,0.0,126
1265,-200.0,200,0.0,126
1266,-200.0,200,0.0,126
1267,-200.0,200,0.0,126
1268,-200.0,200,0.0,126
1269,-200.0,200,0.0,126
1270,-200.0,200,0.0,126
1271,-200.0,200,0.0,126
1272,-200.0,200,0.0,126
1273,-200.0,200,0.0,126
1274,-200.0,200,0.0,126
1275,-200.0,200,0.0,126
1276,-200.0,200,0.0,126
1277,-200.0,200,0.0,126
1278,-200.0,200,0.0,126
1279,-200.0,200,0.0,126
1280,-200.0,200,0.0,126
1281,-200.0,200,0.0,126
1282,-200.0,200,0.0,126
1283,-200.0,200,0.0,126
1284,-200.0,200,0.0,126
1285,-200.0,200,0.0,126
1286,-200.0,200,0.0,126
1287,-200.0,200,0.0,126
1288,-200.0,200,0.0,126
1289,-200.0,200,0.0,126
1290,-200.0,200,0.0,126
1291,-200.0,200,0.0,126
1292,-200.0,200,0.0,126
1293,-200.0,200,0.0,126
1294,-200.0,200,0.0,126
1295,-200.0,200,0.0,126
1296,-200.0,200,0.0,126
1297,-200.0,200,0.0,126
1298,-200.0,200,0.0,126
1299,-200.0,200,0.0,126
1300,-200.0,200,0.0,126
1301,-200.0,200,0.0,126
1302,-200.0,200,0.0,126
1303,-200.0,200,0.0,126
1304,-200.0,200,0.0,126
1305,-200.0,200,0.0,126
1306,-200.0,200,0.0,126
1307,-200.0,200,0.0,126
1308,-200.0,200,0.0,126
1309,-200.0,200,0.0,126
1310,-200.0,200,0.0,126
1311,-200.0,200,0.0,126
1312,-200.0,200,0.0,126
1313,-200.0,200,0.0,126
1314,-200.0,200,0.0,126
1315,-200.0,200,0.0,126
1316,-200.0,200,0.0,126
1317,-200.0,200,0.0,126
1318,-200.0,200,0.0,126
1319,-200.0,200,0.0,126
1320,-200.0,200,0.0,126
1321,-200.0,200,0.0,126
1322,-200.0,200,0.0,126
1323,-200.0,200,0.0,126
1324,-200.0,200,0.0,126
1325,-200.0,200,0.0,126
1326,-200.0,200,0.0,126
1327,-200.0,200,0.0,126
1328,-200.0,200,0.0,126
1329,-200.0,200,0.0,126
1330,-200.0,200,0.0,126
1331,-200.0,200,0.0,126
1332,-200.0,200,0.0,126
1333,-200.0,200,0.0,126
1334,-200.0,200,0.0,126
1335,-200.0,200,0.0,126
1336,-200.0,200,0.0,126
1337,-200.0,200,0.0,126
1338,-200.0,200,0.0,126
1339,-200.0,200,0.0,126
1340,-200.0,200,0.0,126
1341,-200.0,200,0.0,126
1342,-200.0,200,0.0,126
1343,-200.0,200,0.0,126
1344,-200.0,200,0.0,126
1345,-200.0,200,0.0,126
1346,-176.0,176,1.0,126
1347,-200.0,200,0.0,126
1348,-200.0,200,0.0,126
1349,-200.0,200,0.0,126
1350,-175.0,175,1.0,126
1351,-200.0,200,0.0,126
1352,-200.0,200,0.0,126
1353,-200.0,200,0.0,126
1354,-200.0,200,0.0,126
1355,-200.0,200,0.0,126
1356,-200.0,200,0.0,126
1357,-200.0,200,0.0,126
1358,-200.0,200,0.0,126
1359,-200.0,200,0.0,126
1360,-200.0,200,0.0,126
1361,-200.0,200,0.0,126
1362,-200.0,200,0.0,126
1363,-200.0,200,0.0,126
1364,-200.0,200,0.0,126
1365,-200.0,200,0.0,126
1366,-200.0,200,0.0,126
1367,-200.0,200,0.0,126
1368,-200.0,200,0.0,126
1369,-200.0,200,0.0,126
1370,-200.0,200,0.0,126
1371,-200.0,200,0.0,126
1372,-200.0,200,0.0,126
1373,-200.0,200,0.0,126
1374,-200.0,200,0.0,126
1375,-200.0,200,0.0,126
1376,-200.0,200,0.0,126
1377,-200.0,200,0.0,126
1378,-200.0,200,0.0,126
1379,-200.0,200,0.0,126
1380,-200.0,200,0.0,126
1381,-200.0,200,0.0,126
1382,-200.0,200,0.0,126
1383,-200.0,200,0.0,126
1384,-200.0,200,0.0,126
1385,-200.0,200,0.0,126
1386,-200.0,200,0.0,126
1387,-200.0,200,0.0,126
1388,-200.0,200,0.0,126
1389,-200.0,200,0.0,126
1390,-200.0,200,0.0,126
1391,-200.0,200,0.0,126
1392,-200.0,200,0.0,126
1393,-200.0,200,0.0,126
1394,-200.0,200,0.0,126
1395,-200.0,200,0.0,126
1396,-200.0,200,0.0,126
1397,-200.0,200,0.0,126
1398,-200.0,200,0.0,126
1399,-200.0,200,0.0,126
1400,-200.0,200,0.0,126
1401,-200.0,200,0.0,126
1402,-200.0,200,0.0,126
1403,-200.0,200,0.0,126
1404,-200.0,200,0.0,126
1405,-200.0,200,0.0,126
1406,-200.0,200,0.0,126
1407,-200.0,200,0.0,126
1408,-200.0,200,0.0,126
1409,-200.0,200,0.0,126
1410,-200.0,200,0.0,126
1411,-200.0,200,0.0,126
1412,-200.0,200,0.0,126
1413,-200.0,200,0.0,126
1414,-200.0,200,0.0,126
1415,-200.0,200,0.0,126
1416,-200.0,200,0.0,126
1417,-200.0,200,0.0,126
1418,-200.0,200,0.0,126
1419,-200.0,200,0.0,126
1420,-200.0,200,0.0,126
1421,-200.0,200,0.0,126
1422,-200.0,200,0.0,126
1423,-200.0,200,0.0,126
1424,-200.0,200,0.0,126
1425,-200.0,200,0.0,126
1426,-200.0,200,0.0,126
1427,-200.0,200,0.0,126
1428,-200.0,200,0.0,126
1429,-200.0,200,0.0,126
1430,-200.0,200,0.0,126
1431,-200.0,200,0.0,126
1432,-200.0,200,0.0,126
1433,-200.0,200,0.0,126
1434,-200.0,200,0.0,126
1435,-200.0,200,0.0,126
1436,-200.0,200,0.0,126
1437,-200.0,200,0.0,126
1438,-200.0,200,0.0,126
1439,-200.0,200,0.0,126
1440,-200.0,200,0.0,126
1441,-200.0,200,0.0,126
1442,-200.0,200,0.0,126
1443,-200.0,200,0.0,126
1444,-200.0,200,0.0,126
1445,-200.0,200,0.0,126
1446,-200.0,200,0.0,126
1447,-200.0,200,0.0,126
1448,-200.0,200,0.0,126
1449,-200.0,200,0.0,126
1450,-200.0,200,0.0,126
1451,-200.0,200,0.0,126
1452,-200.0,200,0.0,126
1453,-200.0,200,0.0,126
1454,-200.0,200,0.0,126
1455,-200.0,200,0.0,126
1456,-200.0,200,0.0,126
1457,-200.0,200,0.0,126
1458,-200.0,200,0.0,126
1459,-200.0,200,0.0,126
1460,-200.0,200,0.0,126
1461,-200.0,200,0.0,126
1462,-200.0,200,0.0,126
1463,-200.0,200,0.0,126
1464,-200.0,200,0.0,126
1465,-200.0,200,0.0,126
1466,-200.0,200,0.0,126
1467,-200.0,200,0.0,126
1468,-200.0,200,0.0,126
1469,-200.0,200,0.0,126
1470,-200.0,200,0.0,126
1471,-200.0,200,0.0,126
1472,-200.0,200,0.0,126
1473,-200.0,200,0.0,126
1474,-200.0,200,0.0,126
1475,-200.0,200,0.0,126
1476,-200.0,200,0.0,126
1477,-200.0,200,0.0,126
1478,-200.0,200,0.0,126
1479,-200.0,200,0.0,126
1480,-200.0,200,0.0,126
1481,-200.0,200,0.0,126
1482,-200.0,200,0.0,126
1483,-200.0,200,0.0,126
1484,-178.0,178,1.0,126
1485,-200.0,200,0.0,126
1486,-200.0,200,0.0,126
1487,-200.0,200,0.0,126
1488,-200.0,200,0.0,126
1489,-200.0,200,0.0,126
1490,-200.0,200,0.0,126
1491,-200.0,200,0.0,126
1492,-200.0,200,0.0,126
1493,-200.0,200,0.0,126
1494,-200.0,200,0.0,126
1495,-200.0,200,0.0,126
1496,-200.0,200,0.0,126
1497,-199.0,199,1.0,126
1498,-200.0,200,0.0,126
1499,-200.0,200,0.0,126
1500,-200.0,200,0.0,126
1501,-200.0,200,0.0,126
1502,-200.0,200,0.0,126
1503,-200.0,200,0.0,126
1504,-200.0,200,0.0,126
1505,-200.0,200,0.0,126
1506,-200.0,200,0.0,126
1507,-200.0,200,0.0,126
1508,-200.0,200,0.0,126
1509,-200.0,200,0.0,126
1510,-200.0,200,0.0,126
1511,-200.0,200,0.0,126
1512,-200.0,200,0.0,126
1513,-200.0,200,0.0,126
1514,-200.0,200,0.0,126
1515,-200.0,200,0.0,126
1516,-200.0,200,0.0,126
1517,-200.0,200,0.0,126
1518,-200.0,200,0.0,126
1519,-200.0,200,0.0,126
1520,-200.0,200,0.0,126
1521,-200.0,200,0.0,126
1522,-155.0,155,1.0,126
1523,-200.0,200,0.0,126
1524,-200.0,200,0.0,126
1525,-200.0,200,0.0,126
1526,-200.0,200,0.0,126
1527,-200.0,200,0.0,126
1528,-200.0,200,0.0,126
1529,-200.0,200,0.0,126
1530,-200.0,200,0.0,126
1531,-200.0,200,0.0,126
1532,-200.0,200,0.0,126
1533,-200.0,200,0.0,126
1534,-200.0,200,0.0,126
1535,-200.0,200,0.0,126
1536,-200.0,200,0.0,126
1537,-200.0,200,0.0,126
1538,-200.0,200,0.0,126
1539,-200.0,200,0.0,126
1540,-200.0,200,0.0,126
1541,-200.0,200,0.0,126
1542,-200.0,200,0.0,126
1543,-200.0,200,0.0,126
1544,-200.0,200,0.0,126
1545,-200.0,200,0.0,126
1546,-200.0,200,0.0,126
1547,-200.0,200,0.0,126
1548,-200.0,200,0.0,126
1549,-200.0,200,0.0,126
1550,-200.0,200,0.0,126
1551,-200.0,200,0.0,126
1552,-200.0,200,0.0,126
1553,-200.0,200,0.0,126
1554,-200.0,200,0.0,126
1555,-200.0,200,0.0,126
1556,-200.0,200,0.0,126
1557,-200.0,200,0.0,126
1558,-200.0,200,0.0,126
1559,-200.0,200,0.0,126
1560,-200.0,200,0.0,126
1561,-200.0,200,0.0,126
1562,-200.0,200,0.0,126
1563,-200.0,200,0.0,126
1564,-200.0,200,0.0,126
1565,-200.0,200,0.0,126
1566,-200.0,200,0.0,126
1567,-200.0,200,0.0,126
1568,-200.0,200,0.0,126
1569,-200.0,200,0.0,126
1570,-200.0,200,0.0,126
1571,-200.0,200,0.0,126
1572,-200.0,200,0.0,126
1573,-200.0,200,0.0,126
1574,-200.0,200,0.0,126
1575,-200.0,200,0.0,126
1576,-200.0,200,0.0,126
1577,-200.0,200,0.0,126
1578,-200.0,200,0.0,126
1579,-200.0,200,0.0,126
1580,-200.0,200,0.0,126
1581,-200.0,200,0.0,126
1582,-200.0,200,0.0,126
1583,-200.0,200,0.0,126
1584,-200.0,200,0.0,126
1585,-200.0,200,0.0,126
1586,-200.0,200,0.0,126
1587,-200.0,200,0.0,126
1588,-200.0,200,0.0,126
1589,-200.0,200,0.0,126
1590,-200.0,200,0.0,126
1591,-200.0,200,0.0,126
1592,-200.0,200,0.0,126
1593,-200.0,200,0.0,126
1594,-200.0,200,0.0,126
1595,-200.0,200,0.0,126
1596,-200.0,200,0.0,126
1597,-200.0,200,0.0,126
1598,-200.0,200,0.0,126
1599,-200.0,200,0.0,126
1600,-200.0,200,0.0,126
1601,-200.0,200,0.0,126
1602,-200.0,200,0.0,126
1603,-200.0,200,0.0,126
1604,-200.0,200,0.0,126
1605,-200.0,200,0.0,126
1606,-200.0,200,0.0,126
1607,-200.0,200,0.0,126
1608,-200.0,200,0.0,126
1609,-200.0,200,0.0,126
1610,-200.0,200,0.0,126
1611,-200.0,200,0.0,126
1612,-200.0,200,0.0,126
1613,-200.0,200,0.0,126
1614,-194.0,194,1.0,126
1615,-200.0,200,0.0,126
1616,-200.0,200,0.0,126
1617,-200.0,200,0.0,126
1618,-200.0,200,0.0,126
1619,-200.0,200,0.0,126
1620,-200.0,200,0.0,126
1621,-200.0,200,0.0,126
1622,-200.0,200,0.0,126
1623,-200.0,200,0.0,126
1624,-200.0,200,0.0,126
1625,-200.0,200,0.0,126
1626,-200.0,200,0.0,126
1627,-199.0,199,1.0,126
1628,-200.0,200,0.0,126
1629,-200.0,200,0.0,126
1630,-200.0,200,0.0,126
1631,-200.0,200,0.0,126
1632,-200.0,200,0.0,126
1633,-200.0,200,0.0,126
1634,-200.0,200,0.0,126
1635,-200.0,200,0.0,126
1636,-200.0,200,0.0,126
1637,-200.0,200,0.0,126
1638,-200.0,200,0.0,126
1639,-200.0,200,0.0,126
1640,-200.0,200,0.0,126
1641,-200.0,200,0.0,126
1642,-200.0,200,0.0,126
1643,-200.0,200,0.0,126
1644,-200.0,200,0.0,126
1645,-200.0,200,0.0,126
1646,-200.0,200,0.0,126
1647,-200.0,200,0.0,126
1648,-200.0,200,0.0,126
1649,-200.0,200,0.0,126
1650,-200.0,200,0.0,126
1651,-200.0,200,0.0,126
1652,-200.0,200,0.0,126
1653,-200.0,200,0.0,126
1654,-200.0,200,0.0,126
1655,-200.0,200,0.0,126
1656,-200.0,200,0.0,126
1657,-200.0,200,0.0,126
1658,-200.0,200,0.0,126
1659,-200.0,200,0.0,126
1660,-200.0,200,0.0,126
1661,-200.0,200,0.0,126
1662,-200.0,200,0.0,126
1663,-200.0,200,0.0,126
1664,-200.0,200,0.0,126
1665,-200.0,200,0.0,126
1666,-200.0,200,0.0,126
1667,-200.0,200,0.0,126
1668,-200.0,200,0.0,126
1669,-200.0,200,0.0,126
1670,-200.0,200,0.0,126
1671,-200.0,200,0.0,126
1672,-200.0,200,0.0,126
1673,-200.0,200,0.0,126
1674,-198.0,198,1.0,126
1675,-200.0,200,0.0,126
1676,-200.0,200,0.0,126
1677,-200.0,200,0.0,126
1678,-177.0,177,1.0,126
1679,-200.0,200,0.0,126
1680,-200.0,200,0.0,126
1681,-200.0,200,0.0,126
1682,-200.0,200,0.0,126
1683,-200.0,200,0.0,126
1684,-200.0,200,0.0,126
1685,-200.0,200,0.0,126
1686,-200.0,200,0.0,126
1687,-200.0,200,0.0,126
1688,-200.0,200,0.0,126
1689,-200.0,200,0.0,126
1690,-200.0,200,0.0,126
1691,-200.0,200,0.0,126
1692,-200.0,200,0.0,126
1693,-200.0,200,0.0,126
1694,-200.0,200,0.0,126
1695,-200.0,200,0.0,126
1696,-200.0,200,0.0,126
1697,-200.0,200,0.0,126
1698,-200.0,200,0.0,126
1699,-200.0,200,0.0,126
1700,-200.0,200,0.0,126
1701,-200.0,200,0.0,126
1702,-200.0,200,0.0,126
1703,-200.0,200,0.0,126
1704,-200.0,200,0.0,126
1705,-200.0,200,0.0,126
1706,-200.0,200,0.0,126
1707,-200.0,200,0.0,126
1708,-200.0,200,0.0,126
1709,-200.0,200,0.0,126
1710,-200.0,200,0.0,126
1711,-200.0,200,0.0,126
1712,-200.0,200,0.0,126
1713,-200.0,200,0.0,126
1714,-200.0,200,0.0,126
1715,-200.0,200,0.0,126
1716,-200.0,200,0.0,126
1717,-200.0,200,0.0,126
1718,-200.0,200,0.0,126
1719,-200.0,200,0.0,126
1720,-200.0,200,0.0,126
1721,-200.0,200,0.0,126
1722,-200.0,200,0.0,126
1723,-200.0,200,0.0,126
1724,-200.0,200,0.0,126
1725,-200.0,200,0.0,126
1726,-200.0,200,0.0,126
1727,-200.0,200,0.0,126
1728,-200.0,200,0.0,126
1729,-200.0,200,0.0,126
1730,-200.0,200,0.0,126
1731,-200.0,200,0.0,126
1732,-200.0,200,0.0,126
1733,-200.0,200,0.0,126
1734,-200.0,200,0.0,126
1735,-200.0,200,0.0,126
1736,-200.0,200,0.0,126
1737,-200.0,200,0.0,126
1738,-200.0,200,0.0,126
1739,-200.0,200,0.0,126
1740,-200.0,200,0.0,126
1741,-200.0,200,0.0,126
1742,-200.0,200,0.0,126
1743,-200.0,200,0.0,126
1744,-200.0,200,0.0,126
1745,-200.0,200,0.0,126
1746,-200.0,200,0.0,126
1747,-200.0,200,0.0,126
1748,-200.0,200,0.0,126
1749,-200.0,200,0.0,126
1750,-200.0,200,0.0,126
1751,-200.0,200,0.0,126
1752,-200.0,200,0.0,126
1753,-200.0,200,0.0,126
1754,-200.0,200,0.0,126
1755,-200.0,200,0.0,126
1756,-200.0,200,0.0,126
1757,-200.0,200,0.0,126
1758,-200.0,200,0.0,126
1759,-200.0,200,0.0,126
1760,-200.0,200,0.0,126
1761,-200.0,200,0.0,126
1762,-200.0,200,0.0,126
1763,-200.0,200,0.0,126
1764,-200.0,200,0.0,126
1765,-200.0,200,0.0,126
1766,-200.0,200,0.0,126
1767,-200.0,200,0.0,126
1768,-200.0,200,0.0,126
1769,-200.0,200,0.0,126
1770,-200.0,200,0.0,126
1771,-200.0,200,0.0,126
1772,-200.0,200,0.0,126
1773,-200.0,200,0.0,126
1774,-200.0,200,0.0,126
1775,-200.0,200,0.0,126
1776,-200.0,200,0.0,126
1777,-200.0,200,0.0,126
1778,-200.0,200,0.0,126
1779,-200.0,200,0.0,126
1780,-200.0,200,0.0,126
1781,-200.0,200,0.0,126
1782,-200.0,200,0.0,126
1783,-200.0,200,0.0,126
1784,-200.0,200,0.0,126
1785,-200.0,200,0.0,126
1786,-200.0,200,0.0,126
1787,-200.0,200,0.0,126
1788,-200.0,200,0.0,126
1789,-200.0,200,0.0,126
1790,-200.0,200,0.0,126
1791,-200.0,200,0.0,126
1792,-200.0,200,0.0,126
1793,-200.0,200,0.0,126
1794,-200.0,200,0.0,126
1795,-200.0,200,0.0,126
1796,-200.0,200,0.0,126
1797,-200.0,200,0.0,126
1798,-200.0,200,0.0,126
1799,-200.0,200,0.0,126
1800,-200.0,200,0.0,126
1801,-200.0,200,0.0,126
1802,-200.0,200,0.0,126
1803,-200.0,200,0.0,126
1804,-200.0,200,0.0,126
1805,-200.0,200,0.0,126
1806,-200.0,200,0.0,126
1807,-200.0,200,0.0,126
1808,-200.0,200,0.0,126
1809,-200.0,200,0.0,126
1810,-191.0,191,1.0,126
1811,-166.0,166,1.0,126
1812,-200.0,200,0.0,126
1813,-177.0,177,1.0,126
1814,-200.0,200,0.0,126
1815,-200.0,200,0.0,126
1816,-158.0,158,1.0,126
1817,-164.0,164,1.0,126
1818,-165.0,165,1.0,126
1819,-200.0,200,0.0,126
1820,-170.0,170,1.0,126
1821,-170.0,170,1.0,126
1822,-176.0,176,1.0,126
1823,-200.0,200,0.0,126
1824,-200.0,200,0.0,126
1825,-200.0,200,0.0,126
1826,-195.0,195,1.0,126
1827,-200.0,200,0.0,126
1828,-200.0,200,0.0,126
1829,-200.0,200,0.0,126
1830,-200.0,200,0.0,126
1831,-200.0,200,0.0,126
1832,-200.0,200,0.0,126
1833,-180.0,180,1.0,126
1834,-179.0,179,1.0,126
1835,-200.0,200,0.0,126
1836,-200.0,200,0.0,126
1837,-200.0,200,0.0,126
1838,-200.0,200,0.0,126
1839,-200.0,200,0.0,126
1840,-200.0,200,0.0,126
1841,-200.0,200,0.0,126
1842,-165.0,165,1.0,126
1843,-177.0,177,1.0,126
1844,-200.0,200,0.0,126
1845,-200.0,200,0.0,126
1846,-200.0,200,0.0,126
1847,-161.0,161,1.0,126
1848,-168.0,168,1.0,126
1849,-172.0,172,1.0,126
1850,-170.0,170,1.0,126
1851,-174.0,174,1.0,126
1852,-200.0,200,0.0,126
1853,-200.0,200,0.0,126
1854,-200.0,200,0.0,126
1855,-200.0,200,0.0,126
1856,-200.0,200,0.0,126
1857,-200.0,200,0.0,126
1858,-200.0,200,0.0,126
1859,-200.0,200,0.0,126
1860,-200.0,200,0.0,126
1861,-200.0,200,0.0,126
1862,-200.0,200,0.0,126
1863,-200.0,200,0.0,126
1864,-200.0,200,0.0,126
1865,-200.0,200,0.0,126
1866,-200.0,200,0.0,126
1867,-200.0,200,0.0,126
1868,-200.0,200,0.0,126
1869,-200.0,200,0.0,126
1870,-200.0,200,0.0,126
1871,-200.0,200,0.0,126
1872,-200.0,200,0.0,126
1873,-200.0,200,0.0,126
1874,-200.0,200,0.0,126
1875,-200.0,200,0.0,126
1876,-200.0,200,0.0,126
1877,-200.0,200,0.0,126
1878,-200.0,200,0.0,126
1879,-200.0,200,0.0,126
1880,-200.0,200,0.0,126
1881,-200.0,200,0.0,126
1882,-200.0,200,0.0,126
1883,-200.0,200,0.0,126
1884,-200.0,200,0.0,126
1885,-200.0,200,0.0,126
1886,-200.0,200,0.0,126
1887,-200.0,200,0.0,126
1888,-200.0,200,0.0,126
1889,-200.0,200,0.0,126
1890,-200.0,200,0.0,126
1891,-200.0,200,0.0,126
1892,-200.0,200,0.0,126
1893,-200.0,200,0.0,126
1894,-200.0,200,0.0,126
1895,-200.0,200,0.0,126
1896,-200.0,200,0.0,126
1897,-200.0,200,0.0,126
1898,-200.0,200,0.0,126
1899,-200.0,200,0.0,126
1900,-200.0,200,0.0,126
1901,-200.0,200,0.0,126
1902,-200.0,200,0.0,126
1903,-200.0,200,0.0,126
1904,-200.0,200,0.0,126
1905,-200.0,200,0.0,126
1906,-200.0,200,0.0,126
1907,-200.0,200,0.0,126
1908,-200.0,200,0.0,126
1909,-200.0,200,0.0,126
1910,-200.0,200,0.0,126
1911,-200.0,200,0.0,126
1912,-200.0,200,0.0,126
1913,-200.0,200,0.0,126
1914,-200.0,200,0.0,126
1915,-200.0,200,0.0,126
1916,-200.0,200,0.0,126
1917,-200.0,200,0.0,126
1918,-200.0,200,0.0,126
1919,-200.0,200,0.0,126
1920,-200.0,200,0.0,126
1921,-200.0,200,0.0,126
1922,-194.0,194,1.0,126
1923,-194.0,194,1.0,126
1924,-200.0,200,0.0,126
1925,-200.0,200,0.0,126
1926,-200.0,200,0.0,126
1927,-200.0,200,0.0,126
1928,-190.0,190,1.0,126
1929,-200.0,200,0.0,126
1930,-200.0,200,0.0,126
1931,-200.0,200,0.0,126
1932,-200.0,200,0.0,126
1933,-200.0,200,0.0,126
1934,-200.0,200,0.0,126
1935,-200.0,200,0.0,126
1936,-200.0,200,0.0,126
1937,-200.0,200,0.0,126
1938,-200.0,200,0.0,126
1939,-200.0,200,0.0,126
1940,-200.0,200,0.0,126
1941,-200.0,200,0.0,126
1942,-200.0,200,0.0,126
1943,-197.0,197,1.0,126
1944,-200.0,200,0.0,126
1945,-200.0,200,0.0,126
1946,-200.0,200,0.0,126
1947,-200.0,200,0.0,126
1948,-200.0,200,0.0,126
1949,-200.0,200,0.0,126
1950,-200.0,200,0.0,126
1951,-200.0,200,0.0,126
1952,-200.0,200,0.0,126
1953,-200.0,200,0.0,126
1954,-198.0,198,1.0,126
1955,-200.0,200,0.0,126
1956,-200.0,200,0.0,126
1957,-200.0,200,0.0,126
1958,-200.0,200,0.0,126
1959,-200.0,200,0.0,126
1960,-200.0,200,0.0,126
1961,-200.0,200,0.0,126
1962,-200.0,200,0.0,126
1963,-200.0,200,0.0,126
1964,-200.0,200,0.0,126
1965,-200.0,200,0.0,126
1966,-200.0,200,0.0,126
1967,-200.0,200,0.0,126
1968,-200.0,200,0.0,126
1969,-200.0,200,0.0,126
1970,-200.0,200,0.0,126
1971,-200.0,200,0.0,126
1972,-200.0,200,0.0,126
1973,-200.0,200,0.0,126
1974,-200.0,200,0.0,126
1975,-200.0,200,0.0,126
1976,-200.0,200,0.0,126
1977,-200.0,200,0.0,126
1978,-200.0,200,0.0,126
1979,-200.0,200,0.0,126
1980,-196.0,196,1.0,126
1981,-200.0,200,0.0,126
1982,-200.0,200,0.0,126
1983,-200.0,200,0.0,126
1984,-200.0,200,0.0,126
1985,-200.0,200,0.0,126
1986,-200.0,200,0.0,126
1987,-200.0,200,0.0,126
1988,-200.0,200,0.0,126
1989,-200.0,200,0.0,126
1990,-200.0,200,0.0,126
1991,-200.0,200,0.0,126
1992,-200.0,200,0.0,126
1993,-200.0,200,0.0,126
1994,-200.0,200,0.0,126
1995,-200.0,200,0.0,126
1996,-200.0,200,0.0,126
1997,-200.0,200,0.0,126
1998,-200.0,200,0.0,126
1999,-200.0,200,0.0,126
2000,-200.0,200,0.0,126
2001,-200.0,200,0.0,126
2002,-200.0,200,0.0,126
2003,-200.0,200,0.0,126
2004,-200.0,200,0.0,126
2005,-200.0,200,0.0,126
2006,-200.0,200,0.0,126
2007,-200.0,200,0.0,126
2008,-194.0,194,1.0,126
2009,-200.0,200,0.0,126
2010,-200.0,200,0.0,126
2011,-200.0,200,0.0,126
2012,-200.0,200,0.0,126
2013,-200.0,200,0.0,126
2014,-200.0,200,0.0,126
2015,-200.0,200,0.0,126
2016,-200.0,200,0.0,126
2017,-200.0,200,0.0,126
2018,-200.0,200,0.0,126
2019,-200.0,200,0.0,126
2020,-167.0,167,1.0,126
2021,-200.0,200,0.0,126
2022,-200.0,200,0.0,126
2023,-200.0,200,0.0,126
2024,-200.0,200,0.0,126
2025,-200.0,200,0.0,126
2026,-200.0,200,0.0,126
2027,-163.0,163,1.0,126
2028,-200.0,200,0.0,126
2029,-200.0,200,0.0,126
2030,-200.0,200,0.0,126
2031,-200.0,200,0.0,126
2032,-200.0,200,0.0,126
2033,-200.0,200,0.0,126
2034,-200.0,200,0.0,126
2035,-200.0,200,0.0,126
2036,-200.0,200,0.0,126
2037,-200.0,200,0.0,126
2038,-200.0,200,0.0,126
2039,-200.0,200,0.0,126
2040,-200.0,200,0.0,126
2041,-200.0,200,0.0,126
2042,-200.0,200,0.0,126
2043,-200.0,200,0.0,126
2044,-200.0,200,0.0,126
2045,-200.0,200,0.0,126
2046,-200.0,200,0.0,126
2047,-200.0,200,0.0,126
2048,-200.0,200,0.0,126
2049,-200.0,200,0.0,126
2050,-200.0,200,0.0,126
2051,-200.0,200,0.0,126
2052,-200.0,200,0.0,126
2053,-200.0,200,0.0,126
2054,-200.0,200,0.0,126
2055,-200.0,200,0.0,126
2056,-200.0,200,0.0,126
2057,-200.0,200,0.0,126
2058,-200.0,200,0.0,126
2059,-200.0,200,0.0,126
2060,-200.0,200,0.0,126
2061,-175.0,175,1.0,126
2062,-200.0,200,0.0,126
2063,-191.0,191,1.0,126
2064,-200.0,200,0.0,126
2065,-200.0,200,0.0,126
2066,-200.0,200,0.0,126
2067,-190.0,190,1.0,126
2068,-200.0,200,0.0,126
2069,-200.0,200,0.0,126
2070,-196.0,196,1.0,126
2071,-169.0,169,1.0,126
2072,-169.0,169,1.0,126
2073,-156.0,156,1.0,126
2074,-165.0,165,1.0,126
2075,-167.0,167,1.0,126
2076,-200.0,200,0.0,126
2077,-200.0,200,0.0,126
2078,-200.0,200,0.0,126
2079,-200.0,200,0.0,126
2080,-200.0,200,0.0,126
2081,-164.0,164,1.0,126
2082,-172.0,172,1.0,126
2083,-200.0,200,0.0,126
2084,-200.0,200,0.0,126
2085,-200.0,200,0.0,126
2086,-172.0,172,1.0,126
2087,-200.0,200,0.0,126
2088,-200.0,200,0.0,126
2089,-200.0,200,0.0,126
2090,-200.0,200,0.0,126
2091,-200.0,200,0.0,126
2092,-200.0,200,0.0,126
2093,-200.0,200,0.0,126
2094,-200.0,200,0.0,126
2095,-200.0,200,0.0,126
2096,-200.0,200,0.0,126
2097,-200.0,200,0.0,126
2098,-200.0,200,0.0,126
2099,-180.0,180,1.0,126
2100,-200.0,200,0.0,126
2101,-200.0,200,0.0,126
2102,-200.0,200,0.0,126
2103,-200.0,200,0.0,126
2104,-200.0,200,0.0,126
2105,-200.0,200,0.0,126
2106,-200.0,200,0.0,126
2107,-200.0,200,0.0,126
2108,-200.0,200,0.0,126
2109,-200.0,200,0.0,126
2110,-200.0,200,0.0,126
2111,-200.0,200,0.0,126
2112,-200.0,200,0.0,126
2113,-200.0,200,0.0,126
2114,-200.0,200,0.0,126
2115,-200.0,200,0.0,126
2116,-200.0,200,0.0,126
2117,-200.0,200,0.0,126
2118,-200.0,200,0.0,126
2119,-200.0,200,0.0,126
2120,-200.0,200,0.0,126
2121,-200.0,200,0.0,126
2122,-200.0,200,0.0,126
2123,-200.0,200,0.0,126
2124,-200.0,200,0.0,126
2125,-200.0,200,0.0,126
2126,-200.0,200,0.0,126
2127,-200.0,200,0.0,126
2128,-200.0,200,0.0,126
2129,-200.0,200,0.0,126
2130,-200.0,200,0.0,126
2131,-197.0,197,1.0,126
2132,-174.0,174,1.0,126
2133,-200.0,200,0.0,126
2134,-200.0,200,0.0,126
2135,-200.0,200,0.0,126
2136,-200.0,200,0.0,126
2137,-200.0,200,0.0,126
2138,-200.0,200,0.0,126
2139,-200.0,200,0.0,126
2140,-200.0,200,0.0,126
2141,-200.0,200,0.0,126
2142,-200.0,200,0.0,126
2143,-200.0,200,0.0,126
2144,-200.0,200,0.0,126
2145,-200.0,200,0.0,126
2146,-200.0,200,0.0,126
2147,-200.0,200,0.0,126
2148,-200.0,200,0.0,126
2149,-200.0,200,0.0,126
2150,-200.0,200,0.0,126
2151,-200.0,200,0.0,126
2152,-200.0,200,0.0,126
2153,-200.0,200,0.0,126
2154,-200.0,200,0.0,126
2155,-200.0,200,0.0,126
2156,-200.0,200,0.0,126
2157,-200.0,200,0.0,126
2158,-200.0,200,0.0,126
2159,-200.0,200,0.0,126
2160,-200.0,200,0.0,126
2161,-200.0,200,0.0,126
2162,-200.0,200,0.0,126
2163,-200.0,200,0.0,126
2164,-200.0,200,0.0,126
2165,-200.0,200,0.0,126
2166,-200.0,200,0.0,126
2167,-200.0,200,0.0,126
2168,-200.0,200,0.0,126
2169,-200.0,200,0.0,126
2170,-200.0,200,0.0,126
2171,-200.0,200,0.0,126
2172,-200.0,200,0.0,126
2173,-200.0,200,0.0,126
2174,-200.0,200,0.0,126
2175,-200.0,200,0.0,126
2176,-200.0,200,0.0,126
2177,-200.0,200,0.0,126
2178,-200.0,200,0.0,126
2179,-200.0,200,0.0,126
2180,-200.0,200,0.0,126
2181,-200.0,200,0.0,126
2182,-200.0,200,0.0,126
2183,-200.0,200,0.0,126
2184,-200.0,200,0.0,126
2185,-200.0,200,0.0,126
2186,-200.0,200,0.0,126
2187,-165.0,165,1.0,126
2188,-200.0,200,0.0,126
2189,-200.0,200,0.0,126
2190,-200.0,200,0.0,126
2191,-200.0,200,0.0,126
2192,-200.0,200,0.0,126
2193,-200.0,200,0.0,126
2194,-200.0,200,0.0,126
2195,-200.0,200,0.0,126
2196,-200.0,200,0.0,126
2197,-200.0,200,0.0,126
2198,-200.0,200,0.0,126
2199,-200.0,200,0.0,126
2200,-200.0,200,0.0,126
2201,-200.0,200,0.0,126
2202,-200.0,200,0.0,126
2203,-200.0,200,0.0,126
2204,-200.0,200,0.0,126
2205,-200.0,200,0.0,126
2206,-200.0,200,0.0,126
2207,-200.0,200,0.0,126
2208,-200.0,200,0.0,126
2209,-200.0,200,0.0,126
2210,-200.0,200,0.0,126
2211,-200.0,200,0.0,126
2212,-200.0,200,0.0,126
2213,-200.0,200,0.0,126
2214,-200.0,200,0.0,126
2215,-200.0,200,0.0,126
2216,-200.0,200,0.0,126
2217,-200.0,200,0.0,126
2218,-200.0,200,0.0,126
2219,-200.0,200,0.0,126
2220,-191.0,191,1.0,126
2221,-200.0,200,0.0,126
2222,-200.0,200,0.0,126
2223,-200.0,200,0.0,126
2224,-200.0,200,0.0,126
2225,-200.0,200,0.0,126
2226,-200.0,200,0.0,126
2227,-200.0,200,0.0,126
2228,-200.0,200,0.0,126
2229,-200.0,200,0.0,126
2230,-200.0,200,0.0,126
2231,-200.0,200,0.0,126
2232,-200.0,200,0.0,126
2233,-200.0,200,0.0,126
2234,-200.0,200,0.0,126
2235,-200.0,200,0.0,126
2236,-200.0,200,0.0,126
2237,-200.0,200,0.0,126
2238,-200.0,200,0.0,126
2239,-200.0,200,0.0,126
2240,-200.0,200,0.0,126
2241,-200.0,200,0.0,126
2242,-200.0,200,0.0,126
2243,-200.0,200,0.0,126
2244,-200.0,200,0.0,126
2245,-169.0,169,1.0,126
2246,-189.0,189,1.0,126
2247,-178.0,178,1.0,126
2248,-179.0,179,1.0,126
2249,-200.0,200,0.0,126
2250,-200.0,200,0.0,126
2251,-200.0,200,0.0,126
2252,-200.0,200,0.0,126
2253,-200.0,200,0.0,126
2254,-200.0,200,0.0,126
2255,-163.0,163,1.0,126
2256,-200.0,200,0.0,126
2257,-200.0,200,0.0,126
2258,-200.0,200,0.0,126
2259,-200.0,200,0.0,126
2260,-200.0,200,0.0,126
2261,-200.0,200,0.0,126
2262,-200.0,200,0.0,126
2263,-200.0,200,0.0,126
2264,-200.0,200,0.0,126
2265,-200.0,200,0.0,126
2266,-200.0,200,0.0,126
2267,-200.0,200,0.0,126
2268,-200.0,200,0.0,126
2269,-200.0,200,0.0,126
2270,-200.0,200,0.0,126
2271,-200.0,200,0.0,126
2272,-200.0,200,0.0,126
2273,-200.0,200,0.0,126
2274,-200.0,200,0.0,126
2275,-200.0,200,0.0,126
2276,-200.0,200,0.0,126
2277,-200.0,200,0.0,126
2278,-200.0,200,0.0,126
2279,-200.0,200,0.0,126
2280,-200.0,200,0.0,126
2281,-200.0,200,0.0,126
2282,-200.0,200,0.0,126
2283,-200.0,200,0.0,126
2284,-200.0,200,0.0,126
2285,-200.0,200,0.0,126
2286,-200.0,200,0.0,126
2287,-200.0,200,0.0,126
2288,-200.0,200,0.0,126
2289,-199.0,199,1.0,126
2290,-200.0,200,0.0,126
2291,-200.0,200,0.0,126
2292,-200.0,200,0.0,126
2293,-200.0,200,0.0,126
2294,-200.0,200,0.0,126
2295,-200.0,200,0.0,126
2296,-200.0,200,0.0,126
2297,-200.0,200,0.0,126
2298,-200.0,200,0.0,126
2299,-200.0,200,0.0,126
2300,-196.0,196,1.0,126
2301,-200.0,200,0.0,126
2302,-200.0,200,0.0,126
2303,-193.0,193,1.0,126
2304,-200.0,200,0.0,126
2305,-200.0,200,0.0,126
2306,-200.0,200,0.0,126
2307,-196.0,196,1.0,126
2308,-199.0,199,1.0,126
2309,-193.0,193,1.0,126
2310,-192.0,192,1.0,126
2311,-200.0,200,0.0,126
2312,-200.0,200,0.0,126
2313,-200.0,200,0.0,126
2314,-196.0,196,1.0,126
2315,-200.0,200,0.0,126
2316,-200.0,200,0.0,126
2317,-199.0,199,1.0,126
2318,-186.0,186,1.0,126
2319,-198.0,198,1.0,126
2320,-197.0,197,1.0,126
2321,-200.0,200,0.0,126
2322,-194.0,194,1.0,126
2323,-200.0,200,0.0,126
2324,-200.0,200,0.0,126
2325,-200.0,200,0.0,126
2326,-200.0,200,0.0,126
2327,-200.0,200,0.0,126
2328,-200.0,200,0.0,126
2329,-200.0,200,0.0,126
2330,-198.0,198,1.0,126
2331,-200.0,200,0.0,126
2332,-200.0,200,0.0,126
2333,-200.0,200,0.0,126
2334,-200.0,200,0.0,126
2335,-200.0,200,0.0,126
2336,-199.0,199,1.0,126
2337,-190.0,190,1.0,126
2338,-200.0,200,0.0,126
2339,-191.0,191,1.0,126
2340,-186.0,186,1.0,126
2341,-188.0,188,1.0,126
2342,-189.0,189,1.0,126
2343,-200.0,200,0.0,126
2344,-180.0,180,1.0,126
2345,-200.0,200,0.0,126
2346,-200.0,200,0.0,126
2347,-197.0,197,1.0,126
2348,-200.0,200,0.0,126
2349,-200.0,200,0.0,126
2350,-188.0,188,1.0,126
2351,-200.0,200,0.0,126
2352,-200.0,200,0.0,126
2353,-200.0,200,0.0,126
2354,-193.0,193,1.0,126
2355,-200.0,200,0.0,126
2356,-200.0,200,0.0,126
2357,-177.0,177,1.0,126
2358,-156.0,156,1.0,126
2359,-200.0,200,0.0,126
2360,-196.0,196,1.0,126
2361,-176.0,176,1.0,126
2362,-200.0,200,0.0,126
2363,-157.0,157,1.0,126
2364,-200.0,200,0.0,126
2365,-200.0,200,0.0,126
2366,-154.0,154,1.0,126
2367,-200.0,200,0.0,126
2368,-200.0,200,0.0,126
2369,-200.0,200,0.0,126
2370,-200.0,200,0.0,126
2371,-200.0,200,0.0,126
2372,-200.0,200,0.0,126
2373,-200.0,200,0.0,126
2374,-200.0,200,0.0,126
2375,-200.0,200,0.0,126
2376,-200.0,200,0.0,126
2377,-200.0,200,0.0,126
2378,-179.0,179,1.0,126
2379,-200.0,200,0.0,126
2380,-200.0,200,0.0,126
2381,-200.0,200,0.0,126
2382,-200.0,200,0.0,126
2383,-200.0,200,0.0,126
2384,-195.0,195,1.0,126
2385,-200.0,200,0.0,126
2386,-200.0,200,0.0,126
2387,-200.0,200,0.0,126
2388,-164.0,164,1.0,126
2389,-200.0,200,0.0,126
2390,-199.0,199,1.0,126
2391,-200.0,200,0.0,126
2392,-200.0,200,0.0,126
2393,-157.0,157,1.0,126
2394,-164.0,164,1.0,126
2395,-200.0,200,0.0,126
2396,-191.0,191,1.0,126
2397,-200.0,200,0.0,126
2398,-200.0,200,0.0,126
2399,-200.0,200,0.0,126
2400,-200.0,200,0.0,126
2401,-200.0,200,0.0,126
2402,-195.0,195,1.0,126
2403,-200.0,200,0.0,126
2404,-197.0,197,1.0,126
2405,-200.0,200,0.0,126
2406,-200.0,200,0.0,126
2407,-200.0,200,0.0,126
2408,-189.0,189,1.0,126
2409,-178.0,178,1.0,126
2410,-200.0,200,0.0,126
2411,-159.0,159,1.0,126
2412,-200.0,200,0.0,126
2413,-200.0,200,0.0,126
2414,-200.0,200,0.0,126
2415,-188.0,188,1.0,126
2416,-200.0,200,0.0,126
2417,-200.0,200,0.0,126
2418,-200.0,200,0.0,126
2419,-175.0,175,1.0,126
2420,-200.0,200,0.0,126
2421,-162.0,162,1.0,126
2422,-200.0,200,0.0,126
2423,-198.0,198,1.0,126
2424,-200.0,200,0.0,126
2425,-200.0,200,0.0,126
2426,-200.0,200,0.0,126
2427,-200.0,200,0.0,126
2428,-200.0,200,0.0,126
2429,-200.0,200,0.0,126
2430,-200.0,200,0.0,126
2431,-200.0,200,0.0,126
2432,-200.0,200,0.0,126
2433,-200.0,200,0.0,126
2434,-200.0,200,0.0,126
2435,-200.0,200,0.0,126
2436,-195.0,195,1.0,126
2437,-200.0,200,0.0,126
2438,-191.0,191,1.0,126
2439,-187.0,187,1.0,126
2440,-200.0,200,0.0,126
2441,-200.0,200,0.0,126
2442,-196.0,196,1.0,126
2443,-198.0,198,1.0,126
2444,-200.0,200,0.0,126
2445,-164.0,164,1.0,126
2446,-200.0,200,0.0,126
2447,-187.0,187,1.0,126
2448,-200.0,200,0.0,126
2449,-194.0,194,1.0,126
2450,-200.0,200,0.0,126
2451,-200.0,200,0.0,126
2452,-158.0,158,1.0,126
2453,-200.0,200,0.0,126
2454,-200.0,200,0.0,126
2455,-200.0,200,0.0,126
2456,-190.0,190,1.0,126
2457,-200.0,200,0.0,126
2458,-200.0,200,0.0,126
2459,-200.0,200,0.0,126
2460,-194.0,194,1.0,126
2461,-200.0,200,0.0,126
2462,-195.0,195,1.0,126
2463,-199.0,199,1.0,126
2464,-200.0,200,0.0,126
2465,-200.0,200,0.0,126
2466,-159.0,159,1.0,126
2467,-161.0,161,1.0,126
2468,-200.0,200,0.0,126
2469,-192.0,192,1.0,126
2470,-200.0,200,0.0,126
2471,-197.0,197,1.0,126
2472,-200.0,200,0.0,126
2473,-200.0,200,0.0,126
2474,-200.0,200,0.0,126
2475,-200.0,200,0.0,126
2476,-162.0,162,1.0,126
2477,-158.0,158,1.0,126
2478,-200.0,200,0.0,126
2479,-200.0,200,0.0,126
2480,-200.0,200,0.0,126
2481,-200.0,200,0.0,126
2482,-200.0,200,0.0,126
2483,-156.0,156,1.0,126
2484,-200.0,200,0.0,126
2485,-200.0,200,0.0,126
2486,-160.0,160,1.0,126
2487,-200.0,200,0.0,126
2488,-200.0,200,0.0,126
2489,-189.0,189,1.0,126
2490,-200.0,200,0.0,126
2491,-200.0,200,0.0,126
2492,-200.0,200,0.0,126
2493,-200.0,200,0.0,126
2494,-200.0,200,0.0,126
2495,-200.0,200,0.0,126
2496,-152.0,152,1.0,126
2497,-200.0,200,0.0,126
2498,-200.0,200,0.0,126
2499,-200.0,200,0.0,126
2500,-193.0,193,1.0,126
2501,-200.0,200,0.0,126
2502,-194.0,194,1.0,126
2503,-200.0,200,0.0,126
2504,-194.0,194,1.0,126
2505,-200.0,200,0.0,126
2506,-197.0,197,1.0,126
2507,-200.0,200,0.0,126
2508,-191.0,191,1.0,126
2509,-200.0,200,0.0,126
2510,-200.0,200,0.0,126
2511,-200.0,200,0.0,126
2512,-200.0,200,0.0,126
2513,-188.0,188,1.0,126
2514,-196.0,196,1.0,126
2515,-187.0,187,1.0,126
2516,-195.0,195,1.0,126
2517,-200.0,200,0.0,126
2518,-200.0,200,0.0,126
2519,-200.0,200,0.0,126
2520,-200.0,200,0.0,126
2521,-200.0,200,0.0,126
2522,-200.0,200,0.0,126
2523,-200.0,200,0.0,126
2524,-200.0,200,0.0,126
2525,-162.0,162,1.0,126
2526,-200.0,200,0.0,126
2527,-199.0,199,1.0,126
2528,-199.0,199,1.0,126
2529,-200.0,200,0.0,126
2530,-200.0,200,0.0,126
2531,-200.0,200,0.0,126
2532,-200.0,200,0.0,126
2533,-200.0,200,0.0,126
2534,-200.0,200,0.0,126
2535,-200.0,200,0.0,126
2536,-200.0,200,0.0,126
2537,-200.0,200,0.0,126
2538,-200.0,200,0.0,126
2539,-200.0,200,0.0,126
2540,-200.0,200,0.0,126
2541,-200.0,200,0.0,126
2542,-200.0,200,0.0,126
2543,-200.0,200,0.0,126
2544,-200.0,200,0.0,126
2545,-197.0,197,1.0,126
2546,-200.0,200,0.0,126
2547,-200.0,200,0.0,126
2548,-200.0,200,0.0,126
2549,-200.0,200,0.0,126
2550,-200.0,200,0.0,126
2551,-200.0,200,0.0,126
2552,-200.0,200,0.0,126
2553,-197.0,197,1.0,126
2554,-200.0,200,0.0,126
2555,-200.0,200,0.0,126
2556,-196.0,196,1.0,126
2557,-200.0,200,0.0,126
2558,-200.0,200,0.0,126
2559,-200.0,200,0.0,126
2560,-200.0,200,0.0,126
2561,-200.0,200,0.0,126
2562,-195.0,195,1.0,126
2563,-200.0,200,0.0,126
2564,-200.0,200,0.0,126
2565,-200.0,200,0.0,126
2566,-200.0,200,0.0,126
2567,-200.0,200,0.0,126
2568,-177.0,177,1.0,126
2569,-188.0,188,1.0,126
2570,-190.0,190,1.0,126
2571,-200.0,200,0.0,126
2572,-200.0,200,0.0,126
2573,-182.0,182,1.0,126
2574,-200.0,200,0.0,126
2575,-197.0,197,1.0,126
2576,-200.0,200,0.0,126
2577,-200.0,200,0.0,126
2578,-166.0,166,1.0,126
2579,-200.0,200,0.0,126
2580,-200.0,200,0.0,126
2581,-195.0,195,1.0,126
2582,-200.0,200,0.0,126
2583,-200.0,200,0.0,126
2584,-182.0,182,1.0,126
2585,-183.0,183,1.0,126
2586,-200.0,200,0.0,126
2587,-192.0,192,1.0,126
2588,-200.0,200,0.0,126
2589,-196.0,196,1.0,126
2590,-200.0,200,0.0,126
2591,-200.0,200,0.0,126
2592,-200.0,200,0.0,126
2593,-200.0,200,0.0,126
2594,-200.0,200,0.0,126
2595,-200.0,200,0.0,126
2596,-200.0,200,0.0,126
2597,-200.0,200,0.0,126
2598,-196.0,196,1.0,126
2599,-200.0,200,0.0,126
2600,-198.0,198,1.0,126
2601,-200.0,200,0.0,126
2602,-200.0,200,0.0,126
2603,-200.0,200,0.0,126
2604,-200.0,200,0.0,126
2605,-200.0,200,0.0,126
2606,-194.0,194,1.0,126
2607,-200.0,200,0.0,126
2608,-161.0,161,1.0,126
2609,-200.0,200,0.0,126
2610,-200.0,200,0.0,126
2611,-200.0,200,0.0,126
2612,-200.0,200,0.0,126
2613,-200.0,200,0.0,126
2614,-200.0,200,0.0,126
2615,-191.0,191,1.0,126
2616,-200.0,200,0.0,126
2617,-200.0,200,0.0,126
2618,-200.0,200,0.0,126
2619,-200.0,200,0.0,126
2620,-200.0,200,0.0,126
2621,-200.0,200,0.0,126
2622,-200.0,200,0.0,126
2623,-200.0,200,0.0,126
2624,-195.0,195,1.0,126
2625,-200.0,200,0.0,126
2626,-200.0,200,0.0,126
2627,-200.0,200,0.0,126
2628,-200.0,200,0.0,126
2629,-200.0,200,0.0,126
2630,-200.0,200,0.0,126
2631,-195.0,195,1.0,126
2632,-200.0,200,0.0,126
2633,-200.0,200,0.0,126
2634,-200.0,200,0.0,126
2635,-200.0,200,0.0,126
2636,-200.0,200,0.0,126
2637,-200.0,200,0.0,126
2638,-200.0,200,0.0,126
2639,-200.0,200,0.0,126
2640,-200.0,200,0.0,126
2641,-197.0,197,1.0,126
2642,-200.0,200,0.0,126
2643,-200.0,200,0.0,126
2644,-200.0,200,0.0,126
2645,-200.0,200,0.0,126
2646,-200.0,200,0.0,126
2647,-200.0,200,0.0,126
2648,-200.0,200,0.0,126
2649,-200.0,200,0.0,126
2650,-194.0,194,1.0,126
2651,-200.0,200,0.0,126
2652,-200.0,200,0.0,126
2653,-200.0,200,0.0,126
2654,-200.0,200,0.0,126
2655,-200.0,200,0.0,126
2656,-200.0,200,0.0,126
2657,-200.0,200,0.0,126
2658,-200.0,200,0.0,126
2659,-200.0,200,0.0,126
2660,-200.0,200,0.0,126
2661,-200.0,200,0.0,126
2662,-200.0,200,0.0,126
2663,-200.0,200,0.0,126
2664,-200.0,200,0.0,126
2665,-200.0,200,0.0,126
2666,-200.0,200,0.0,126
2667,-200.0,200,0.0,126
2668,-200.0,200,0.0,126
2669,-200.0,200,0.0,126
2670,-200.0,200,0.0,126
2671,-200.0,200,0.0,126
2672,-200.0,200,0.0,126
2673,-200.0,200,0.0,126
2674,-200.0,200,0.0,126
2675,-200.0,200,0.0,126
2676,-200.0,200,0.0,126
2677,-200.0,200,0.0,126
2678,-200.0,200,0.0,126
2679,-200.0,200,0.0,126
2680,-200.0,200,0.0,126
2681,-200.0,200,0.0,126
2682,-200.0,200,0.0,126
2683,-200.0,200,0.0,126
2684,-200.0,200,0.0,126
2685,-200.0,200,0.0,126
2686,-200.0,200,0.0,126
2687,-200.0,200,0.0,126
2688,-200.0,200,0.0,126
2689,-200.0,200,0.0,126
2690,-200.0,200,0.0,126
2691,-200.0,200,0.0,126
2692,-200.0,200,0.0,126
2693,-200.0,200,0.0,126
2694,-200.0,200,0.0,126
2695,-200.0,200,0.0,126
2696,-200.0,200,0.0,126
2697,-200.0,200,0.0,126
2698,-200.0,200,0.0,126
2699,-200.0,200,0.0,126
2700,-200.0,200,0.0,126
2701,-200.0,200,0.0,126
2702,-200.0,200,0.0,126
2703,-200.0,200,0.0,126
2704,-200.0,200,0.0,126
2705,-200.0,200,0.0,126
2706,-195.0,195,1.0,126
2707,-200.0,200,0.0,126
2708,-200.0,200,0.0,126
2709,-200.0,200,0.0,126
2710,-200.0,200,0.0,126
2711,-187.0,187,1.0,126
2712,-167.0,167,1.0,126
2713,-200.0,200,0.0,126
2714,-195.0,195,1.0,126
2715,-200.0,200,0.0,126
2716,-200.0,200,0.0,126
2717,-200.0,200,0.0,126
2718,-200.0,200,0.0,126
2719,-200.0,200,0.0,126
2720,-200.0,200,0.0,126
2721,-200.0,200,0.0,126
2722,-200.0,200,0.0,126
2723,-200.0,200,0.0,126
2724,-200.0,200,0.0,126
2725,-200.0,200,0.0,126
2726,-200.0,200,0.0,126
2727,-200.0,200,0.0,126
2728,-200.0,200,0.0,126
2729,-200.0,200,0.0,126
2730,-200.0,200,0.0,126
2731,-200.0,200,0.0,126
2732,-200.0,200,0.0,126
2733,-200.0,200,0.0,126
2734,-200.0,200,0.0,126
2735,-200.0,200,0.0,126
2736,-200.0,200,0.0,126
2737,-200.0,200,0.0,126
2738,-200.0,200,0.0,126
2739,-200.0,200,0.0,126
2740,-200.0,200,0.0,126
2741,-200.0,200,0.0,126
2742,-200.0,200,0.0,126
2743,-200.0,200,0.0,126
2744,-200.0,200,0.0,126
2745,-200.0,200,0.0,126
2746,-200.0,200,0.0,126
2747,-200.0,200,0.0,126
2748,-200.0,200,0.0,126
2749,-200.0,200,0.0,126
2750,-200.0,200,0.0,126
2751,-200.0,200,0.0,126
2752,-200.0,200,0.0,126
2753,-200.0,200,0.0,126
2754,-200.0,200,0.0,126
2755,-200.0,200,0.0,126
2756,-200.0,200,0.0,126
2757,-200.0,200,0.0,126
2758,-200.0,200,0.0,126
2759,-197.0,197,1.0,126
2760,-195.0,195,1.0,126
2761,-199.0,199,1.0,126
2762,-200.0,200,0.0,126
2763,-198.0,198,1.0,126
2764,-200.0,200,0.0,126
2765,-200.0,200,0.0,126
2766,-199.0,199,1.0,126
2767,-198.0,198,1.0,126
2768,-200.0,200,0.0,126
2769,-200.0,200,0.0,126
2770,-200.0,200,0.0,126
2771,-200.0,200,0.0,126
2772,-200.0,200,0.0,126
2773,-200.0,200,0.0,126
2774,-194.0,194,1.0,126
2775,-200.0,200,0.0,126
2776,-198.0,198,1.0,126
2777,-200.0,200,0.0,126
2778,-197.0,197,1.0,126
2779,-200.0,200,0.0,126
2780,-200.0,200,0.0,126
2781,-200.0,200,0.0,126
2782,-166.0,166,1.0,126
2783,-200.0,200,0.0,126
2784,-193.0,193,1.0,126
2785,-200.0,200,0.0,126
2786,-200.0,200,0.0,126
2787,-200.0,200,0.0,126
2788,-200.0,200,0.0,126
2789,-197.0,197,1.0,126
2790,-200.0,200,0.0,126
2791,-200.0,200,0.0,126
2792,-200.0,200,0.0,126
2793,-200.0,200,0.0,126
2794,-197.0,197,1.0,126
2795,-200.0,200,0.0,126
2796,-200.0,200,0.0,126
2797,-200.0,200,0.0,126
2798,-199.0,199,1.0,126
2799,-200.0,200,0.0,126
2800,-200.0,200,0.0,126
2801,-200.0,200,0.0,126
2802,-196.0,196,1.0,126
2803,-200.0,200,0.0,126
2804,-200.0,200,0.0,126
2805,-200.0,200,0.0,126
2806,-197.0,197,1.0,126
2807,-200.0,200,0.0,126
2808,-200.0,200,0.0,126
2809,-196.0,196,1.0,126
2810,-200.0,200,0.0,126
2811,-200.0,200,0.0,126
2812,-200.0,200,0.0,126
2813,-200.0,200,0.0,126
2814,-200.0,200,0.0,126
2815,-200.0,200,0.0,126
2816,-200.0,200,0.0,126
2817,-200.0,200,0.0,126
2818,-200.0,200,0.0,126
2819,-198.0,198,1.0,126
2820,-200.0,200,0.0,126
2821,-200.0,200,0.0,126
2822,-200.0,200,0.0,126
2823,-200.0,200,0.0,126
2824,-194.0,194,1.0,126
2825,-200.0,200,0.0,126
2826,-200.0,200,0.0,126
2827,-200.0,200,0.0,126
2828,-194.0,194,1.0,126
2829,-200.0,200,0.0,126
2830,-200.0,200,0.0,126
2831,-200.0,200,0.0,126
2832,-200.0,200,0.0,126
2833,-200.0,200,0.0,126
2834,-200.0,200,0.0,126
2835,-200.0,200,0.0,126
2836,-200.0,200,0.0,126
2837,-200.0,200,0.0,126
2838,-200.0,200,0.0,126
2839,-200.0,200,0.0,126
2840,-200.0,200,0.0,126
2841,-170.0,170,1.0,126
2842,-200.0,200,0.0,126
2843,-200.0,200,0.0,126
2844,-160.0,160,1.0,126
2845,-200.0,200,0.0,126
2846,-200.0,200,0.0,126
2847,-200.0,200,0.0,126
2848,-200.0,200,0.0,126
2849,-200.0,200,0.0,126
2850,-188.0,188,1.0,126
2851,-164.0,164,1.0,126
2852,-200.0,200,0.0,126
2853,-200.0,200,0.0,126
2854,-187.0,187,1.0,126
2855,-200.0,200,0.0,126
2856,-176.0,176,1.0,126
2857,-172.0,172,1.0,126
2858,-200.0,200,0.0,126
2859,-200.0,200,0.0,126
2860,-200.0,200,0.0,126
2861,-200.0,200,0.0,126
2862,-200.0,200,0.0,126
2863,-182.0,182,1.0,126
2864,-200.0,200,0.0,126
2865,-194.0,194,1.0,126
2866,-166.0,166,1.0,126
2867,-198.0,198,1.0,126
2868,-200.0,200,0.0,126
2869,-200.0,200,0.0,126
2870,-200.0,200,0.0,126
2871,-200.0,200,0.0,126
2872,-200.0,200,0.0,126
2873,-200.0,200,0.0,126
2874,-200.0,200,0.0,126
2875,-200.0,200,0.0,126
2876,-200.0,200,0.0,126
2877,-200.0,200,0.0,126
2878,-164.0,164,1.0,126
2879,-200.0,200,0.0,126
2880,-200.0,200,0.0,126
2881,-200.0,200,0.0,126
2882,-200.0,200,0.0,126
2883,-200.0,200,0.0,126
2884,-200.0,200,0.0,126
2885,-200.0,200,0.0,126
2886,-200.0,200,0.0,126
2887,-200.0,200,0.0,126
2888,-200.0,200,0.0,126
2889,-200.0,200,0.0,126
2890,-197.0,197,1.0,126
2891,-200.0,200,0.0,126
2892,-200.0,200,0.0,126
2893,-200.0,200,0.0,126
2894,-200.0,200,0.0,126
2895,-200.0,200,0.0,126
2896,-200.0,200,0.0,126
2897,-200.0,200,0.0,126
2898,-200.0,200,0.0,126
2899,-200.0,200,0.0,126
2900,-200.0,200,0.0,126
2901,-200.0,200,0.0,126
2902,-200.0,200,0.0,126
2903,-200.0,200,0.0,126
2904,-200.0,200,0.0,126
2905,-200.0,200,0.0,126
2906,-200.0,200,0.0,126
2907,-200.0,200,0.0,126
2908,-200.0,200,0.0,126
2909,-200.0,200,0.0,126
2910,-200.0,200,0.0,126
2911,-200.0,200,0.0,126
2912,-200.0,200,0.0,126
2913,-200.0,200,0.0,126
2914,-200.0,200,0.0,126
2915,-200.0,200,0.0,126
2916,-200.0,200,0.0,126
2917,-200.0,200,0.0,126
2918,-200.0,200,0.0,126
2919,-200.0,200,0.0,126
2920,-200.0,200,0.0,126
2921,-200.0,200,0.0,126
2922,-200.0,200,0.0,126
2923,-200.0,200,0.0,126
2924,-199.0,199,1.0,126
2925,-198.0,198,1.0,126
2926,-200.0,200,0.0,126
2927,-200.0,200,0.0,126
2928,-193.0,193,1.0,126
2929,-199.0,199,1.0,126
2930,-198.0,198,1.0,126
2931,-200.0,200,0.0,126
2932,-200.0,200,0.0,126
2933,-200.0,200,0.0,126
2934,-195.0,195,1.0,126
2935,-193.0,193,1.0,126
2936,-188.0,188,1.0,126
2937,-200.0,200,0.0,126
2938,-200.0,200,0.0,126
2939,-193.0,193,1.0,126
2940,-186.0,186,1.0,126
2941,-200.0,200,0.0,126
2942,-200.0,200,0.0,126
2943,-200.0,200,0.0,126
2944,-200.0,200,0.0,126
2945,-200.0,200,0.0,126
2946,-200.0,200,0.0,126
2947,-200.0,200,0.0,126
2948,-200.0,200,0.0,126
2949,-200.0,200,0.0,126
2950,-200.0,200,0.0,126
2951,-200.0,200,0.0,126
2952,-200.0,200,0.0,126
2953,-200.0,200,0.0,126
2954,-198.0,198,1.0,126
2955,-200.0,200,0.0,126
2956,-200.0,200,0.0,126
2957,-200.0,200,0.0,126
2958,-200.0,200,0.0,126
2959,-199.0,199,1.0,126
2960,-200.0,200,0.0,126
2961,-200.0,200,0.0,126
2962,-200.0,200,0.0,126
2963,-200.0,200,0.0,126
2964,-200.0,200,0.0,126
2965,-200.0,200,0.0,126
2966,-200.0,200,0.0,126
2967,-200.0,200,0.0,126
2968,-200.0,200,0.0,126
2969,-200.0,200,0.0,126
2970,-200.0,200,0.0,126
2971,-200.0,200,0.0,126
2972,-200.0,200,0.0,126
2973,-200.0,200,0.0,126
2974,-200.0,200,0.0,126
2975,-200.0,200,0.0,126
2976,-200.0,200,0.0,126
2977,-200.0,200,0.0,126
2978,-198.0,198,1.0,126
2979,-200.0,200,0.0,126
2980,-200.0,200,0.0,126
2981,-200.0,200,0.0,126
2982,-200.0,200,0.0,126
2983,-200.0,200,0.0,126
2984,-200.0,200,0.0,126
2985,-200.0,200,0.0,126
2986,-200.0,200,0.0,126
2987,-200.0,200,0.0,126
2988,-200.0,200,0.0,126
2989,-200.0,200,0.0,126
2990,-190.0,190,1.0,126
2991,-200.0,200,0.0,126
2992,-200.0,200,0.0,126
2993,-192.0,192,1.0,126
2994,-195.0,195,1.0,126
2995,-190.0,190,1.0,126
2996,-200.0,200,0.0,126
2997,-200.0,200,0.0,126
2998,-200.0,200,0.0,126
2999,-200.0,200,0.0,126
3000,-189.0,189,1.0,126
3001,-192.0,192,1.0,126
3002,-200.0,200,0.0,126
3003,-200.0,200,0.0,126
3004,-195.0,195,1.0,126
3005,-200.0,200,0.0,126
3006,-200.0,200,0.0,126
3007,-200.0,200,0.0,126
3008,-200.0,200,0.0,126
3009,-200.0,200,0.0,126
3010,-200.0,200,0.0,126
3011,-200.0,200,0.0,126
3012,-200.0,200,0.0,126
3013,-200.0,200,0.0,126
3014,-200.0,200,0.0,126
3015,-200.0,200,0.0,126
3016,-200.0,200,0.0,126
3017,-200.0,200,0.0,126
3018,-200.0,200,0.0,126
3019,-200.0,200,0.0,126
3020,-200.0,200,0.0,126
3021,-200.0,200,0.0,126
3022,-200.0,200,0.0,126
3023,-186.0,186,1.0,126
3024,-186.0,186,1.0,126
3025,-200.0,200,0.0,126
3026,-193.0,193,1.0,126
3027,-200.0,200,0.0,126
3028,-197.0,197,1.0,126
3029,-200.0,200,0.0,126
3030,-195.0,195,1.0,126
3031,-200.0,200,0.0,126
3032,-200.0,200,0.0,126
3033,-200.0,200,0.0,126
3034,-200.0,200,0.0,126
3035,-200.0,200,0.0,126
3036,-200.0,200,0.0,126
3037,-200.0,200,0.0,126
3038,-200.0,200,0.0,126
3039,-200.0,200,0.0,126
3040,-200.0,200,0.0,126
3041,-200.0,200,0.0,126
3042,-200.0,200,0.0,126
3043,-200.0,200,0.0,126
3044,-200.0,200,0.0,126
3045,-200.0,200,0.0,126
3046,-200.0,200,0.0,126
3047,-200.0,200,0.0,126
3048,-200.0,200,0.0,126
3049,-198.0,198,1.0,126
3050,-200.0,200,0.0,126
3051,-200.0,200,0.0,126
3052,-174.0,174,1.0,126
3053,-192.0,192,1.0,126
3054,-162.0,162,1.0,126
3055,-200.0,200,0.0,126
3056,-200.0,200,0.0,126
3057,-200.0,200,0.0,126
3058,-200.0,200,0.0,126
3059,-200.0,200,0.0,126
3060,-200.0,200,0.0,126
3061,-194.0,194,1.0,126
3062,-200.0,200,0.0,126
3063,-200.0,200,0.0,126
3064,-200.0,200,0.0,126
3065,-200.0,200,0.0,126
3066,-200.0,200,0.0,126
3067,-200.0,200,0.0,126
3068,-200.0,200,0.0,126
3069,-200.0,200,0.0,126
3070,-200.0,200,0.0,126
3071,-200.0,200,0.0,126
3072,-200.0,200,0.0,126
3073,-200.0,200,0.0,126
3074,-200.0,200,0.0,126
3075,-200.0,200,0.0,126
3076,-200.0,200,0.0,126
3077,-200.0,200,0.0,126
3078,-200.0,200,0.0,126
3079,-200.0,200,0.0,126
3080,-200.0,200,0.0,126
3081,-200.0,200,0.0,126
3082,-200.0,200,0.0,126
3083,-200.0,200,0.0,126
3084,-200.0,200,0.0,126
3085,-200.0,200,0.0,126
3086,-199.0,199,1.0,126
3087,-199.0,199,1.0,126
3088,-174.0,174,1.0,126
3089,-200.0,200,0.0,126
3090,-200.0,200,0.0,126
3091,-173.0,173,1.0,126
3092,-197.0,197,1.0,126
3093,-169.0,169,1.0,126
3094,-169.0,169,1.0,126
3095,-171.0,171,1.0,126
3096,-200.0,200,0.0,126
3097,-173.0,173,1.0,126
3098,-200.0,200,0.0,126
3099,-200.0,200,0.0,126
3100,-200.0,200,0.0,126
3101,-200.0,200,0.0,126
3102,-200.0,200,0.0,126
3103,-199.0,199,1.0,126
3104,-200.0,200,0.0,126
3105,-200.0,200,0.0,126
3106,-158.0,158,1.0,126
3107,-195.0,195,1.0,126
3108,-200.0,200,0.0,126
3109,-200.0,200,0.0,126
3110,-200.0,200,0.0,126
3111,-159.0,159,1.0,126
3112,-168.0,168,1.0,126
3113,-192.0,192,1.0,126
3114,-200.0,200,0.0,126
3115,-192.0,192,1.0,126
3116,-200.0,200,0.0,126
3117,-200.0,200,0.0,126
3118,-168.0,168,1.0,126
3119,-200.0,200,0.0,126
3120,-192.0,192,1.0,126
3121,-196.0,196,1.0,126
3122,-167.0,167,1.0,126
3123,-193.0,193,1.0,126
3124,-200.0,200,0.0,126
3125,-197.0,197,1.0,126
3126,-200.0,200,0.0,126
3127,-200.0,200,0.0,126
3128,-200.0,200,0.0,126
3129,-200.0,200,0.0,126
3130,-177.0,177,1.0,126
3131,-200.0,200,0.0,126
3132,-200.0,200,0.0,126
3133,-200.0,200,0.0,126
3134,-200.0,200,0.0,126
3135,-200.0,200,0.0,126
3136,-174.0,174,1.0,126
3137,-200.0,200,0.0,126
3138,-170.0,170,1.0,126
3139,-200.0,200,0.0,126
3140,-200.0,200,0.0,126
3141,-200.0,200,0.0,126
3142,-174.0,174,1.0,126
3143,-200.0,200,0.0,126
3144,-165.0,165,1.0,126
3145,-200.0,200,0.0,126
3146,-200.0,200,0.0,126
3147,-200.0,200,0.0,126
3148,-162.0,162,1.0,126
3149,-200.0,200,0.0,126
3150,-200.0,200,0.0,126
3151,-191.0,191,1.0,126
3152,-162.0,162,1.0,126
3153,-160.0,160,1.0,126
3154,-196.0,196,1.0,126
3155,-200.0,200,0.0,126
3156,-161.0,161,1.0,126
3157,-200.0,200,0.0,126
3158,-200.0,200,0.0,126
3159,-200.0,200,0.0,126
3160,-200.0,200,0.0,126
3161,-200.0,200,0.0,126
3162,-160.0,160,1.0,126
3163,-184.0,184,1.0,126
3164,-200.0,200,0.0,126
3165,-166.0,166,1.0,126
3166,-200.0,200,0.0,126
3167,-200.0,200,0.0,126
3168,-200.0,200,0.0,126
3169,-200.0,200,0.0,126
3170,-200.0,200,0.0,126
3171,-200.0,200,0.0,126
3172,-200.0,200,0.0,126
3173,-200.0,200,0.0,126
3174,-200.0,200,0.0,126
3175,-200.0,200,0.0,126
3176,-200.0,200,0.0,126
3177,-200.0,200,0.0,126
3178,-200.0,200,0.0,126
3179,-200.0,200,0.0,126
3180,-200.0,200,0.0,126
3181,-200.0,200,0.0,126
3182,-200.0,200,0.0,126
3183,-200.0,200,0.0,126
3184,-200.0,200,0.0,126
3185,-200.0,200,0.0,126
3186,-200.0,200,0.0,126
3187,-200.0,200,0.0,126
3188,-200.0,200,0.0,126
3189,-200.0,200,0.0,126
3190,-200.0,200,0.0,126
3191,-200.0,200,0.0,126
3192,-200.0,200,0.0,126
3193,-200.0,200,0.0,126
3194,-200.0,200,0.0,126
3195,-200.0,200,0.0,126
3196,-200.0,200,0.0,126
3197,-200.0,200,0.0,126
3198,-200.0,200,0.0,126
3199,-200.0,200,0.0,126
3200,-200.0,200,0.0,126
3201,-200.0,200,0.0,126
3202,-200.0,200,0.0,126
3203,-200.0,200,0.0,126
3204,-200.0,200,0.0,126
3205,-200.0,200,0.0,126
3206,-200.0,200,0.0,126
3207,-200.0,200,0.0,126
3208,-200.0,200,0.0,126
3209,-200.0,200,0.0,126
3210,-200.0,200,0.0,126
3211,-200.0,200,0.0,126
3212,-200.0,200,0.0,126
3213,-200.0,200,0.0,126
3214,-200.0,200,0.0,126
3215,-200.0,200,0.0,126
3216,-200.0,200,0.0,126
3217,-200.0,200,0.0,126
3218,-200.0,200,0.0,126
3219,-200.0,200,0.0,126
3220,-200.0,200,0.0,126
3221,-200.0,200,0.0,126
3222,-200.0,200,0.0,126
3223,-200.0,200,0.0,126
3224,-200.0,200,0.0,126
3225,-200.0,200,0.0,126
3226,-200.0,200,0.0,126
3227,-200.0,200,0.0,126
3228,-200.0,200,0.0,126
3229,-200.0,200,0.0,126
3230,-200.0,200,0.0,126
3231,-200.0,200,0.0,126
3232,-167.0,167,1.0,126
3233,-200.0,200,0.0,126
3234,-177.0,177,1.0,126
3235,-200.0,200,0.0,126
3236,-200.0,200,0.0,126
3237,-167.0,167,1.0,126
3238,-200.0,200,0.0,126
3239,-200.0,200,0.0,126
3240,-200.0,200,0.0,126
3241,-200.0,200,0.0,126
3242,-200.0,200,0.0,126
3243,-200.0,200,0.0,126
3244,-200.0,200,0.0,126
3245,-200.0,200,0.0,126
3246,-200.0,200,0.0,126
3247,-200.0,200,0.0,126
3248,-200.0,200,0.0,126
3249,-200.0,200,0.0,126
3250,-200.0,200,0.0,126
3251,-200.0,200,0.0,126
3252,-200.0,200,0.0,126
3253,-200.0,200,0.0,126
3254,-200.0,200,0.0,126
3255,-200.0,200,0.0,126
3256,-200.0,200,0.0,126
3257,-200.0,200,0.0,126
3258,-173.0,173,1.0,126
3259,-200.0,200,0.0,126
3260,-200.0,200,0.0,126
3261,-200.0,200,0.0,126
3262,-200.0,200,0.0,126
3263,-200.0,200,0.0,126
3264,-200.0,200,0.0,126
3265,-200.0,200,0.0,126
3266,-200.0,200,0.0,126
3267,-200.0,200,0.0,126
3268,-200.0,200,0.0,126
3269,-200.0,200,0.0,126
3270,-200.0,200,0.0,126
3271,-200.0,200,0.0,126
3272,-200.0,200,0.0,126
3273,-200.0,200,0.0,126
3274,-200.0,200,0.0,126
3275,-200.0,200,0.0,126
3276,-200.0,200,0.0,126
3277,-200.0,200,0.0,126
3278,-200.0,200,0.0,126
3279,-200.0,200,0.0,126
3280,-200.0,200,0.0,126
3281,-200.0,200,0.0,126
3282,-200.0,200,0.0,126
3283,-200.0,200,0.0,126
3284,-200.0,200,0.0,126
3285,-200.0,200,0.0,126
3286,-200.0,200,0.0,126
3287,-200.0,200,0.0,126
3288,-200.0,200,0.0,126
3289,-200.0,200,0.0,126
3290,-200.0,200,0.0,126
3291,-200.0,200,0.0,126
3292,-200.0,200,0.0,126
3293,-200.0,200,0.0,126
3294,-200.0,200,0.0,126
3295,-200.0,200,0.0,126
3296,-200.0,200,0.0,126
3297,-200.0,200,0.0,126
3298,-200.0,200,0.0,126
3299,-200.0,200,0.0,126
3300,-200.0,200,0.0,126
3301,-200.0,200,0.0,126
3302,-200.0,200,0.0,126
3303,-200.0,200,0.0,126
3304,-200.0,200,0.0,126
3305,-200.0,200,0.0,126
3306,-200.0,200,0.0,126
3307,-200.0,200,0.0,126
3308,-200.0,200,0.0,126
3309,-200.0,200,0.0,126
3310,-200.0,200,0.0,126
3311,-200.0,200,0.0,126
3312,-200.0,200,0.0,126
3313,-200.0,200,0.0,126
3314,-200.0,200,0.0,126
3315,-200.0,200,0.0,126
3316,-200.0,200,0.0,126
3317,-200.0,200,0.0,126
3318,-200.0,200,0.0,126
3319,-200.0,200,0.0,126
3320,-200.0,200,0.0,126
3321,-200.0,200,0.0,126
3322,-200.0,200,0.0,126
3323,-174.0,174,1.0,126
3324,-162.0,162,1.0,126
3325,-166.0,166,1.0,126
3326,-200.0,200,0.0,126
3327,-177.0,177,1.0,126
3328,-200.0,200,0.0,126
3329,-167.0,167,1.0,126
3330,-169.0,169,1.0,126
3331,-200.0,200,0.0,126
3332,-200.0,200,0.0,126
3333,-171.0,171,1.0,126
3334,-200.0,200,0.0,126
3335,-200.0,200,0.0,126
3336,-200.0,200,0.0,126
3337,-200.0,200,0.0,126
3338,-200.0,200,0.0,126
3339,-200.0,200,0.0,126
3340,-200.0,200,0.0,126
3341,-172.0,172,1.0,126
3342,-200.0,200,0.0,126
3343,-200.0,200,0.0,126
3344,-200.0,200,0.0,126
3345,-200.0,200,0.0,126
3346,-200.0,200,0.0,126
3347,-200.0,200,0.0,126
3348,-200.0,200,0.0,126
3349,-200.0,200,0.0,126
3350,-200.0,200,0.0,126
3351,-200.0,200,0.0,126
3352,-200.0,200,0.0,126
3353,-200.0,200,0.0,126
3354,-200.0,200,0.0,126
3355,-200.0,200,0.0,126
3356,-200.0,200,0.0,126
3357,-200.0,200,0.0,126
3358,-200.0,200,0.0,126
3359,-200.0,200,0.0,126
3360,-200.0,200,0.0,126
3361,-200.0,200,0.0,126
3362,-200.0,200,0.0,126
3363,-200.0,200,0.0,126
3364,-200.0,200,0.0,126
3365,-200.0,200,0.0,126
3366,-200.0,200,0.0,126
3367,-200.0,200,0.0,126
3368,-200.0,200,0.0,126
3369,-200.0,200,0.0,126
3370,-200.0,200,0.0,126
3371,-200.0,200,0.0,126
3372,-200.0,200,0.0,126
3373,-200.0,200,0.0,126
3374,-200.0,200,0.0,126
3375,-200.0,200,0.0,126
3376,-200.0,200,0.0,126
3377,-200.0,200,0.0,126
3378,-200.0,200,0.0,126
3379,-200.0,200,0.0,126
3380,-200.0,200,0.0,126
3381,-200.0,200,0.0,126
3382,-200.0,200,0.0,126
3383,-200.0,200,0.0,126
3384,-200.0,200,0.0,126
3385,-200.0,200,0.0,126
3386,-200.0,200,0.0,126
3387,-200.0,200,0.0,126
3388,-200.0,200,0.0,126
3389,-200.0,200,0.0,126
3390,-200.0,200,0.0,126
3391,-200.0,200,0.0,126
3392,-200.0,200,0.0,126
3393,-200.0,200,0.0,126
3394,-200.0,200,0.0,126
3395,-200.0,200,0.0,126
3396,-200.0,200,0.0,126
3397,-200.0,200,0.0,126
3398,-200.0,200,0.0,126
3399,-200.0,200,0.0,126
3400,-200.0,200,0.0,126
3401,-200.0,200,0.0,126
3402,-200.0,200,0.0,126
3403,-198.0,198,1.0,126
3404,-200.0,200,0.0,126
3405,-200.0,200,0.0,126
3406,-200.0,200,0.0,126
3407,-200.0,200,0.0,126
3408,-200.0,200,0.0,126
3409,-200.0,200,0.0,126
3410,-200.0,200,0.0,126
3411,-200.0,200,0.0,126
3412,-200.0,200,0.0,126
3413,-200.0,200,0.0,126
3414,-200.0,200,0.0,126
3415,-200.0,200,0.0,126
3416,-200.0,200,0.0,126
3417,-200.0,200,0.0,126
3418,-200.0,200,0.0,126
3419,-200.0,200,0.0,126
3420,-197.0,197,1.0,126
3421,-200.0,200,0.0,126
3422,-200.0,200,0.0,126
3423,-200.0,200,0.0,126
3424,-200.0,200,0.0,126
3425,-200.0,200,0.0,126
3426,-200.0,200,0.0,126
3427,-200.0,200,0.0,126
3428,-200.0,200,0.0,126
3429,-200.0,200,0.0,126
3430,-200.0,200,0.0,126
3431,-200.0,200,0.0,126
3432,-200.0,200,0.0,126
3433,-200.0,200,0.0,126
3434,-200.0,200,0.0,126
3435,-200.0,200,0.0,126
3436,-200.0,200,0.0,126
3437,-200.0,200,0.0,126
3438,-197.0,197,1.0,126
3439,-200.0,200,0.0,126
3440,-200.0,200,0.0,126
3441,-200.0,200,0.0,126
3442,-200.0,200,0.0,126
3443,-200.0,200,0.0,126
3444,-200.0,200,0.0,126
3445,-200.0,200,0.0,126
3446,-200.0,200,0.0,126
3447,-200.0,200,0.0,126
3448,-200.0,200,0.0,126
3449,-200.0,200,0.0,126
3450,-200.0,200,0.0,126
3451,-200.0,200,0.0,126
3452,-200.0,200,0.0,126
3453,-167.0,167,1.0,126
3454,-161.0,161,1.0,126
3455,-200.0,200,0.0,126
3456,-200.0,200,0.0,126
3457,-200.0,200,0.0,126
3458,-200.0,200,0.0,126
3459,-200.0,200,0.0,126
3460,-196.0,196,1.0,126
3461,-162.0,162,1.0,126
3462,-200.0,200,0.0,126
3463,-200.0,200,0.0,126
3464,-200.0,200,0.0,126
3465,-200.0,200,0.0,126
3466,-194.0,194,1.0,126
3467,-200.0,200,0.0,126
3468,-195.0,195,1.0,126
3469,-200.0,200,0.0,126
3470,-199.0,199,1.0,126
3471,-200.0,200,0.0,126
3472,-200.0,200,0.0,126
3473,-200.0,200,0.0,126
3474,-200.0,200,0.0,126
3475,-200.0,200,0.0,126
3476,-200.0,200,0.0,126
3477,-198.0,198,1.0,126
3478,-200.0,200,0.0,126
3479,-200.0,200,0.0,126
3480,-200.0,200,0.0,126
3481,-200.0,200,0.0,126
3482,-194.0,194,1.0,126
3483,-200.0,200,0.0,126
3484,-200.0,200,0.0,126
3485,-200.0,200,0.0,126
3486,-200.0,200,0.0,126
3487,-200.0,200,0.0,126
3488,-195.0,195,1.0,126
3489,-200.0,200,0.0,126
3490,-200.0,200,0.0,126
3491,-200.0,200,0.0,126
3492,-200.0,200,0.0,126
3493,-200.0,200,0.0,126
3494,-200.0,200,0.0,126
3495,-200.0,200,0.0,126
3496,-200.0,200,0.0,126
3497,-200.0,200,0.0,126
3498,-200.0,200,0.0,126
3499,-200.0,200,0.0,126
3500,-200.0,200,0.0,126
3501,-200.0,200,0.0,126
3502,-200.0,200,0.0,126
3503,-200.0,200,0.0,126
3504,-200.0,200,0.0,126
3505,-200.0,200,0.0,126
3506,-194.0,194,1.0,126
3507,-200.0,200,0.0,126
3508,-200.0,200,0.0,126
3509,-200.0,200,0.0,126
3510,-200.0,200,0.0,126
3511,-192.0,192,1.0,126
3512,-195.0,195,1.0,126
3513,-200.0,200,0.0,126
3514,-200.0,200,0.0,126
3515,-200.0,200,0.0,126
3516,-191.0,191,1.0,126
3517,-200.0,200,0.0,126
3518,-200.0,200,0.0,126
3519,-196.0,196,1.0,126
3520,-200.0,200,0.0,126
3521,-200.0,200,0.0,126
3522,-200.0,200,0.0,126
3523,-200.0,200,0.0,126
3524,-200.0,200,0.0,126
3525,-193.0,193,1.0,126
3526,-191.0,191,1.0,126
3527,-200.0,200,0.0,126
3528,-200.0,200,0.0,126
3529,-189.0,189,1.0,126
3530,-200.0,200,0.0,126
3531,-191.0,191,1.0,126
3532,-200.0,200,0.0,126
3533,-195.0,195,1.0,126
3534,-191.0,191,1.0,126
3535,-200.0,200,0.0,126
3536,-190.0,190,1.0,126
3537,-200.0,200,0.0,126
3538,-200.0,200,0.0,126
3539,-195.0,195,1.0,126
3540,-195.0,195,1.0,126
3541,-200.0,200,0.0,126
3542,-189.0,189,1.0,126
3543,-200.0,200,0.0,126
3544,-200.0,200,0.0,126
3545,-200.0,200,0.0,126
3546,-189.0,189,1.0,126
3547,-200.0,200,0.0,126
3548,-200.0,200,0.0,126
3549,-200.0,200,0.0,126
3550,-200.0,200,0.0,126
3551,-200.0,200,0.0,126
3552,-189.0,189,1.0,126
3553,-200.0,200,0.0,126
3554,-200.0,200,0.0,126
3555,-189.0,189,1.0,126
3556,-200.0,200,0.0,126
3557,-189.0,189,1.0,126
3558,-200.0,200,0.0,126
3559,-200.0,200,0.0,126
3560,-200.0,200,0.0,126
3561,-200.0,200,0.0,126
3562,-200.0,200,0.0,126
3563,-200.0,200,0.0,126
3564,-200.0,200,0.0,126
3565,-194.0,194,1.0,126
3566,-200.0,200,0.0,126
3567,-185.0,185,1.0,126
3568,-200.0,200,0.0,126
3569,-200.0,200,0.0,126
3570,-200.0,200,0.0,126
3571,-200.0,200,0.0,126
3572,-187.0,187,1.0,126
3573,-183.0,183,1.0,126
3574,-200.0,200,0.0,126
3575,-189.0,189,1.0,126
3576,-185.0,185,1.0,126
3577,-187.0,187,1.0,126
3578,-181.0,181,1.0,126
3579,-191.0,191,1.0,126
3580,-185.0,185,1.0,126
3581,-200.0,200,0.0,126
3582,-187.0,187,1.0,126
3583,-185.0,185,1.0,126
3584,-194.0,194,1.0,126
3585,-200.0,200,0.0,126
3586,-200.0,200,0.0,126
3587,-200.0,200,0.0,126
3588,-154.0,154,1.0,126
3589,-200.0,200,0.0,126
3590,-200.0,200,0.0,126
3591,-168.0,168,1.0,126
3592,-187.0,187,1.0,126
3593,-194.0,194,1.0,126
3594,-160.0,160,1.0,126
3595,-154.0,154,1.0,126
3596,-156.0,156,1.0,126
3597,-153.0,153,1.0,126
3598,-157.0,157,1.0,126
3599,-187.0,187,1.0,126
3600,-154.0,154,1.0,126
3601,-200.0,200,0.0,126
3602,-197.0,197,1.0,126
3603,-200.0,200,0.0,126
3604,-193.0,193,1.0,126
3605,-200.0,200,0.0,126
3606,-193.0,193,1.0,126
3607,-190.0,190,1.0,126
3608,-200.0,200,0.0,126
3609,-191.0,191,1.0,126
3610,-150.0,150,1.0,126
3611,-190.0,190,1.0,126
3612,-162.0,162,1.0,126
3613,-153.0,153,1.0,126
3614,-191.0,191,1.0,126
3615,-165.0,165,1.0,126
3616,-156.0,156,1.0,126
3617,-191.0,191,1.0,126
3618,-184.0,184,1.0,126
3619,-160.0,160,1.0,126
3620,-160.0,160,1.0,126
3621,-185.0,185,1.0,126
3622,-161.0,161,1.0,126
3623,-195.0,195,1.0,126
3624,-159.0,159,1.0,126
3625,-193.0,193,1.0,126
3626,-185.0,185,1.0,126
3627,-185.0,185,1.0,126
3628,-146.0,146,1.0,126
3629,-187.0,187,1.0,126
3630,-194.0,194,1.0,126
3631,-186.0,186,1.0,126
3632,-164.0,164,1.0,126
3633,-158.0,158,1.0,126
3634,-188.0,188,1.0,126
3635,-189.0,189,1.0,126
3636,-196.0,196,1.0,126
3637,-189.0,189,1.0,126
3638,-190.0,190,1.0,126
3639,-185.0,185,1.0,126
3640,-159.0,159,1.0,126
3641,-162.0,162,1.0,126
3642,-172.0,172,1.0,126
3643,-167.0,167,1.0,126
3644,-185.0,185,1.0,126
3645,-194.0,194,1.0,126
3646,-161.0,161,1.0,126
3647,-164.0,164,1.0,126
3648,-165.0,165,1.0,126
3649,-190.0,190,1.0,126
3650,-170.0,170,1.0,126
3651,-166.0,166,1.0,126
3652,-168.0,168,1.0,126
3653,-192.0,192,1.0,126
3654,-176.0,176,1.0,126
3655,-200.0,200,0.0,126
3656,-200.0,200,0.0,126
3657,-194.0,194,1.0,126
3658,-200.0,200,0.0,126
3659,-163.0,163,1.0,126
3660,-199.0,199,1.0,126
3661,-200.0,200,0.0,126
3662,-172.0,172,1.0,126
3663,-164.0,164,1.0,126
3664,-200.0,200,0.0,126
3665,-174.0,174,1.0,126
3666,-166.0,166,1.0,126
3667,-200.0,200,0.0,126
3668,-164.0,164,1.0,126
3669,-200.0,200,0.0,126
3670,-194.0,194,1.0,126
3671,-199.0,199,1.0,126
3672,-169.0,169,1.0,126
3673,-163.0,163,1.0,126
3674,-191.0,191,1.0,126
3675,-200.0,200,0.0,126
3676,-168.0,168,1.0,126
3677,-196.0,196,1.0,126
3678,-200.0,200,0.0,126
3679,-200.0,200,0.0,126
3680,-170.0,170,1.0,126
3681,-166.0,166,1.0,126
3682,-200.0,200,0.0,126
3683,-157.0,157,1.0,126
3684,-200.0,200,0.0,126
3685,-198.0,198,1.0,126
3686,-198.0,198,1.0,126
3687,-168.0,168,1.0,126
3688,-200.0,200,0.0,126
3689,-174.0,174,1.0,126
3690,-198.0,198,1.0,126
3691,-165.0,165,1.0,126
3692,-169.0,169,1.0,126
3693,-193.0,193,1.0,126
3694,-165.0,165,1.0,126
3695,-167.0,167,1.0,126
3696,-168.0,168,1.0,126
3697,-172.0,172,1.0,126
3698,-160.0,160,1.0,126
3699,-178.0,178,1.0,126
3700,-165.0,165,1.0,126
3701,-169.0,169,1.0,126
3702,-189.0,189,1.0,126
3703,-200.0,200,0.0,126
3704,-169.0,169,1.0,126
3705,-194.0,194,1.0,126
3706,-165.0,165,1.0,126
3707,-162.0,162,1.0,126
3708,-184.0,184,1.0,126
3709,-170.0,170,1.0,126
3710,-152.0,152,1.0,126
3711,-164.0,164,1.0,126
3712,-200.0,200,0.0,126
3713,-200.0,200,0.0,126
3714,-200.0,200,0.0,126
3715,-196.0,196,1.0,126
3716,-200.0,200,0.0,126
3717,-194.0,194,1.0,126
3718,-195.0,195,1.0,126
3719,-176.0,176,1.0,126
3720,-186.0,186,1.0,126
3721,-185.0,185,1.0,126
3722,-187.0,187,1.0,126
3723,-169.0,169,1.0,126
3724,-172.0,172,1.0,126
3725,-163.0,163,1.0,126
3726,-200.0,200,0.0,126
3727,-195.0,195,1.0,126
3728,-164.0,164,1.0,126
3729,-196.0,196,1.0,126
3730,-200.0,200,0.0,126
3731,-195.0,195,1.0,126
3732,-162.0,162,1.0,126
3733,-165.0,165,1.0,126
3734,-189.0,189,1.0,126
3735,-199.0,199,1.0,126
3736,-165.0,165,1.0,126
3737,-166.0,166,1.0,126
3738,-169.0,169,1.0,126
3739,-189.0,189,1.0,126
3740,-195.0,195,1.0,126
3741,-186.0,186,1.0,126
3742,-179.0,179,1.0,126
3743,-200.0,200,0.0,126
3744,-184.0,184,1.0,126
3745,-200.0,200,0.0,126
3746,-194.0,194,1.0,126
3747,-172.0,172,1.0,126
3748,-189.0,189,1.0,126
3749,-196.0,196,1.0,126
3750,-173.0,173,1.0,126
3751,-200.0,200,0.0,126
3752,-175.0,175,1.0,126
3753,-199.0,199,1.0,126
3754,-180.0,180,1.0,126
3755,-200.0,200,0.0,126
3756,-166.0,166,1.0,126
3757,-200.0,200,0.0,126
3758,-200.0,200,0.0,126
3759,-196.0,196,1.0,126
3760,-167.0,167,1.0,126
3761,-158.0,158,1.0,126
3762,-197.0,197,1.0,126
3763,-168.0,168,1.0,126
3764,-200.0,200,0.0,126
3765,-196.0,196,1.0,126
3766,-192.0,192,1.0,126
3767,-163.0,163,1.0,126
3768,-164.0,164,1.0,126
3769,-161.0,161,1.0,126
3770,-200.0,200,0.0,126
3771,-162.0,162,1.0,126
3772,-165.0,165,1.0,126
3773,-165.0,165,1.0,126
3774,-161.0,161,1.0,126
3775,-200.0,200,0.0,126
3776,-200.0,200,0.0,126
3777,-200.0,200,0.0,126
3778,-200.0,200,0.0,126
3779,-194.0,194,1.0,126
3780,-195.0,195,1.0,126
3781,-196.0,196,1.0,126
3782,-195.0,195,1.0,126
3783,-163.0,163,1.0,126
3784,-166.0,166,1.0,126
3785,-200.0,200,0.0,126
3786,-173.0,173,1.0,126
3787,-166.0,166,1.0,126
3788,-172.0,172,1.0,126
3789,-174.0,174,1.0,126
3790,-200.0,200,0.0,126
3791,-188.0,188,1.0,126
3792,-169.0,169,1.0,126
3793,-185.0,185,1.0,126
3794,-200.0,200,0.0,126
3795,-171.0,171,1.0,126
3796,-190.0,190,1.0,126
3797,-199.0,199,1.0,126
3798,-198.0,198,1.0,126
3799,-200.0,200,0.0,126
3800,-200.0,200,0.0,126
3801,-171.0,171,1.0,126
3802,-198.0,198,1.0,126
3803,-186.0,186,1.0,126
3804,-169.0,169,1.0,126
3805,-162.0,162,1.0,126
3806,-181.0,181,1.0,126
3807,-195.0,195,1.0,126
3808,-168.0,168,1.0,126
3809,-157.0,157,1.0,126
3810,-158.0,158,1.0,126
3811,-185.0,185,1.0,126
3812,-193.0,193,1.0,126
3813,-184.0,184,1.0,126
3814,-177.0,177,1.0,126
3815,-200.0,200,0.0,126
3816,-200.0,200,0.0,126
3817,-200.0,200,0.0,126
3818,-199.0,199,1.0,126
3819,-196.0,196,1.0,126
3820,-166.0,166,1.0,126
3821,-182.0,182,1.0,126
3822,-170.0,170,1.0,126
3823,-165.0,165,1.0,126
3824,-200.0,200,0.0,126
3825,-200.0,200,0.0,126
3826,-186.0,186,1.0,126
3827,-200.0,200,0.0,126
3828,-200.0,200,0.0,126
3829,-163.0,163,1.0,126
3830,-163.0,163,1.0,126
3831,-172.0,172,1.0,126
3832,-199.0,199,1.0,126
3833,-158.0,158,1.0,126
3834,-170.0,170,1.0,126
3835,-170.0,170,1.0,126
3836,-178.0,178,1.0,126
3837,-180.0,180,1.0,126
3838,-200.0,200,0.0,126
3839,-186.0,186,1.0,126
3840,-200.0,200,0.0,126
3841,-187.0,187,1.0,126
3842,-192.0,192,1.0,126
3843,-184.0,184,1.0,126
3844,-174.0,174,1.0,126
3845,-200.0,200,0.0,126
3846,-168.0,168,1.0,126
3847,-200.0,200,0.0,126
3848,-167.0,167,1.0,126
3849,-168.0,168,1.0,126
3850,-200.0,200,0.0,126
3851,-169.0,169,1.0,126
3852,-182.0,182,1.0,126
3853,-173.0,173,1.0,126
3854,-200.0,200,0.0,126
3855,-181.0,181,1.0,126
3856,-200.0,200,0.0,126
3857,-200.0,200,0.0,126
3858,-200.0,200,0.0,126
3859,-169.0,169,1.0,126
3860,-200.0,200,0.0,126
3861,-200.0,200,0.0,126
3862,-180.0,180,1.0,126
3863,-200.0,200,0.0,126
3864,-200.0,200,0.0,126
3865,-200.0,200,0.0,126
3866,-200.0,200,0.0,126
3867,-200.0,200,0.0,126
3868,-200.0,200,0.0,126
3869,-185.0,185,1.0,126
3870,-200.0,200,0.0,126
3871,-194.0,194,1.0,126
3872,-177.0,177,1.0,126
3873,-189.0,189,1.0,126
3874,-200.0,200,0.0,126
3875,-200.0,200,0.0,126
3876,-200.0,200,0.0,126
3877,-164.0,164,1.0,126
3878,-192.0,192,1.0,126
3879,-160.0,160,1.0,126
3880,-169.0,169,1.0,126
3881,-177.0,177,1.0,126
3882,-200.0,200,0.0,126
3883,-194.0,194,1.0,126
3884,-200.0,200,0.0,126
3885,-200.0,200,0.0,126
3886,-195.0,195,1.0,126
3887,-200.0,200,0.0,126
3888,-177.0,177,1.0,126
3889,-200.0,200,0.0,126
3890,-200.0,200,0.0,126
3891,-200.0,200,0.0,126
3892,-200.0,200,0.0,126
3893,-200.0,200,0.0,126
3894,-200.0,200,0.0,126
3895,-200.0,200,0.0,126
3896,-200.0,200,0.0,126
3897,-200.0,200,0.0,126
3898,-167.0,167,1.0,126
3899,-200.0,200,0.0,126
3900,-200.0,200,0.0,126
3901,-200.0,200,0.0,126
3902,-200.0,200,0.0,126
3903,-200.0,200,0.0,126
3904,-200.0,200,0.0,126
3905,-200.0,200,0.0,126
3906,-200.0,200,0.0,126
3907,-200.0,200,0.0,126
3908,-200.0,200,0.0,126
3909,-200.0,200,0.0,126
3910,-200.0,200,0.0,126
3911,-200.0,200,0.0,126
3912,-200.0,200,0.0,126
3913,-200.0,200,0.0,126
3914,-200.0,200,0.0,126
3915,-200.0,200,0.0,126
3916,-200.0,200,0.0,126
3917,-200.0,200,0.0,126
3918,-200.0,200,0.0,126
3919,-200.0,200,0.0,126
3920,-200.0,200,0.0,126
3921,-200.0,200,0.0,126
3922,-200.0,200,0.0,126
3923,-200.0,200,0.0,126
3924,-200.0,200,0.0,126
3925,-200.0,200,0.0,126
3926,-200.0,200,0.0,126
3927,-200.0,200,0.0,126
3928,-200.0,200,0.0,126
3929,-200.0,200,0.0,126
3930,-200.0,200,0.0,126
3931,-200.0,200,0.0,126
3932,-200.0,200,0.0,126
3933,-200.0,200,0.0,126
3934,-200.0,200,0.0,126
3935,-200.0,200,0.0,126
3936,-200.0,200,0.0,126
3937,-200.0,200,0.0,126
3938,-200.0,200,0.0,126
3939,-200.0,200,0.0,126
3940,-200.0,200,0.0,126
3941,-200.0,200,0.0,126
3942,-200.0,200,0.0,126
3943,-200.0,200,0.0,126
3944,-200.0,200,0.0,126
3945,-200.0,200,0.0,126
3946,-200.0,200,0.0,126
3947,-200.0,200,0.0,126
3948,-200.0,200,0.0,126
3949,-200.0,200,0.0,126
3950,-200.0,200,0.0,126
3951,-200.0,200,0.0,126
3952,-200.0,200,0.0,126
3953,-200.0,200,0.0,126
3954,-190.0,190,1.0,126
3955,-200.0,200,0.0,126
3956,-200.0,200,0.0,126
3957,-200.0,200,0.0,126
3958,-200.0,200,0.0,126
3959,-200.0,200,0.0,126
3960,-200.0,200,0.0,126
3961,-200.0,200,0.0,126
3962,-200.0,200,0.0,126
3963,-200.0,200,0.0,126
3964,-200.0,200,0.0,126
3965,-200.0,200,0.0,126
3966,-200.0,200,0.0,126
3967,-200.0,200,0.0,126
3968,-200.0,200,0.0,126
3969,-200.0,200,0.0,126
3970,-200.0,200,0.0,126
3971,-200.0,200,0.0,126
3972,-200.0,200,0.0,126
3973,-200.0,200,0.0,126
3974,-192.0,192,1.0,126
3975,-200.0,200,0.0,126
3976,-200.0,200,0.0,126
3977,-200.0,200,0.0,126
3978,-200.0,200,0.0,126
3979,-200.0,200,0.0,126
3980,-200.0,200,0.0,126
3981,-200.0,200,0.0,126
3982,-200.0,200,0.0,126
3983,-200.0,200,0.0,126
3984,-200.0,200,0.0,126
3985,-200.0,200,0.0,126
3986,-200.0,200,0.0,126
3987,-200.0,200,0.0,126
3988,-200.0,200,0.0,126
3989,-200.0,200,0.0,126
3990,-200.0,200,0.0,126
3991,-161.0,161,1.0,126
3992,-154.0,154,1.0,126
3993,-200.0,200,0.0,126
3994,-157.0,157,1.0,126
3995,-156.0,156,1.0,126
3996,-156.0,156,1.0,126
3997,-156.0,156,1.0,126
3998,-199.0,199,1.0,126
3999,-200.0,200,0.0,126
4000,-155.0,155,1.0,126
4001,-200.0,200,0.0,126
4002,-200.0,200,0.0,126
4003,-163.0,163,1.0,126
4004,-200.0,200,0.0,126
4005,-158.0,158,1.0,126
4006,-200.0,200,0.0,126
4007,-200.0,200,0.0,126
4008,-200.0,200,0.0,126
4009,-169.0,169,1.0,126
4010,-154.0,154,1.0,126
4011,-156.0,156,1.0,126
4012,-200.0,200,0.0,126
4013,-200.0,200,0.0,126
4014,-199.0,199,1.0,126
4015,-200.0,200,0.0,126
4016,-200.0,200,0.0,126
4017,-200.0,200,0.0,126
4018,-200.0,200,0.0,126
4019,-200.0,200,0.0,126
4020,-200.0,200,0.0,126
4021,-200.0,200,0.0,126
4022,-200.0,200,0.0,126
4023,-200.0,200,0.0,126
4024,-200.0,200,0.0,126
4025,-200.0,200,0.0,126
4026,-200.0,200,0.0,126
4027,-200.0,200,0.0,126
4028,-200.0,200,0.0,126
4029,-200.0,200,0.0,126
4030,-200.0,200,0.0,126
4031,-200.0,200,0.0,126
4032,-200.0,200,0.0,126
4033,-200.0,200,0.0,126
4034,-200.0,200,0.0,126
4035,-200.0,200,0.0,126
4036,-200.0,200,0.0,126
4037,-200.0,200,0.0,126
4038,-200.0,200,0.0,126
4039,-200.0,200,0.0,126
4040,-200.0,200,0.0,126
4041,-200.0,200,0.0,126
4042,-200.0,200,0.0,126
4043,-200.0,200,0.0,126
4044,-200.0,200,0.0,126
4045,-200.0,200,0.0,126
4046,-200.0,200,0.0,126
4047,-198.0,198,1.0,126
4048,-200.0,200,0.0,126
4049,-200.0,200,0.0,126
4050,-199.0,199,1.0,126
4051,-200.0,200,0.0,126
4052,-193.0,193,1.0,126
4053,-200.0,200,0.0,126
4054,-197.0,197,1.0,126
4055,-192.0,192,1.0,126
4056,-200.0,200,0.0,126
4057,-200.0,200,0.0,126
4058,-191.0,191,1.0,126
4059,-200.0,200,0.0,126
4060,-200.0,200,0.0,126
4061,-200.0,200,0.0,126
4062,-155.0,155,1.0,126
4063,-159.0,159,1.0,126
4064,-157.0,157,1.0,126
4065,-191.0,191,1.0,126
4066,-155.0,155,1.0,126
4067,-200.0,200,0.0,126
4068,-171.0,171,1.0,126
4069,-200.0,200,0.0,126
4070,-174.0,174,1.0,126
4071,-152.0,152,1.0,126
4072,-200.0,200,0.0,126
4073,-166.0,166,1.0,126
4074,-200.0,200,0.0,126
4075,-200.0,200,0.0,126
4076,-200.0,200,0.0,126
4077,-200.0,200,0.0,126
4078,-200.0,200,0.0,126
4079,-200.0,200,0.0,126
4080,-200.0,200,0.0,126
4081,-200.0,200,0.0,126
4082,-200.0,200,0.0,126
4083,-200.0,200,0.0,126
4084,-200.0,200,0.0,126
4085,-200.0,200,0.0,126
4086,-200.0,200,0.0,126
4087,-167.0,167,1.0,126
4088,-163.0,163,1.0,126
4089,-169.0,169,1.0,126
4090,-200.0,200,0.0,126
4091,-200.0,200,0.0,126
4092,-196.0,196,1.0,126
4093,-198.0,198,1.0,126
4094,-198.0,198,1.0,126
4095,-185.0,185,1.0,126
4096,-200.0,200,0.0,126
4097,-200.0,200,0.0,126
4098,-200.0,200,0.0,126
4099,-200.0,200,0.0,126
4100,-200.0,200,0.0,126
4101,-148.0,148,1.0,126
4102,-200.0,200,0.0,126
4103,-200.0,200,0.0,126
4104,-197.0,197,1.0,126
4105,-199.0,199,1.0,126
4106,-198.0,198,1.0,126
4107,-200.0,200,0.0,126
4108,-200.0,200,0.0,126
4109,-200.0,200,0.0,126
4110,-200.0,200,0.0,126
4111,-200.0,200,0.0,126
4112,-199.0,199,1.0,126
4113,-200.0,200,0.0,126
4114,-194.0,194,1.0,126
4115,-153.0,153,1.0,126
4116,-200.0,200,0.0,126
4117,-200.0,200,0.0,126
4118,-196.0,196,1.0,126
4119,-149.0,149,1.0,126
4120,-200.0,200,0.0,126
4121,-200.0,200,0.0,126
4122,-200.0,200,0.0,126
4123,-200.0,200,0.0,126
4124,-148.0,148,1.0,126
4125,-191.0,191,1.0,126
4126,-200.0,200,0.0,126
4127,-200.0,200,0.0,126
4128,-200.0,200,0.0,126
4129,-196.0,196,1.0,126
4130,-200.0,200,0.0,126
4131,-185.0,185,1.0,126
4132,-200.0,200,0.0,126
4133,-200.0,200,0.0,126
4134,-200.0,200,0.0,126
4135,-200.0,200,0.0,126
4136,-160.0,160,1.0,126
4137,-167.0,167,1.0,126
4138,-200.0,200,0.0,126
4139,-171.0,171,1.0,126
4140,-200.0,200,0.0,126
4141,-186.0,186,1.0,126
4142,-200.0,200,0.0,126
4143,-200.0,200,0.0,126
4144,-167.0,167,1.0,126
4145,-200.0,200,0.0,126
4146,-200.0,200,0.0,126
4147,-200.0,200,0.0,126
4148,-200.0,200,0.0,126
4149,-195.0,195,1.0,126
4150,-200.0,200,0.0,126
4151,-200.0,200,0.0,126
4152,-200.0,200,0.0,126
4153,-200.0,200,0.0,126
4154,-200.0,200,0.0,126
4155,-198.0,198,1.0,126
4156,-193.0,193,1.0,126
4157,-200.0,200,0.0,126
4158,-200.0,200,0.0,126
4159,-198.0,198,1.0,126
4160,-200.0,200,0.0,126
4161,-196.0,196,1.0,126
4162,-200.0,200,0.0,126
4163,-200.0,200,0.0,126
4164,-200.0,200,0.0,126
4165,-200.0,200,0.0,126
4166,-200.0,200,0.0,126
4167,-200.0,200,0.0,126
4168,-200.0,200,0.0,126
4169,-161.0,161,1.0,126
4170,-200.0,200,0.0,126
4171,-194.0,194,1.0,126
4172,-161.0,161,1.0,126
4173,-200.0,200,0.0,126
4174,-200.0,200,0.0,126
4175,-157.0,157,1.0,126
4176,-148.0,148,1.0,126
4177,-197.0,197,1.0,126
4178,-200.0,200,0.0,126
4179,-200.0,200,0.0,126
4180,-200.0,200,0.0,126
4181,-198.0,198,1.0,126
4182,-200.0,200,0.0,126
4183,-200.0,200,0.0,126
4184,-200.0,200,0.0,126
4185,-200.0,200,0.0,126
4186,-198.0,198,1.0,126
4187,-200.0,200,0.0,126
4188,-193.0,193,1.0,126
4189,-200.0,200,0.0,126
4190,-200.0,200,0.0,126
4191,-196.0,196,1.0,126
4192,-200.0,200,0.0,126
4193,-156.0,156,1.0,126
4194,-162.0,162,1.0,126
4195,-190.0,190,1.0,126
4196,-200.0,200,0.0,126
4197,-194.0,194,1.0,126
4198,-190.0,190,1.0,126
4199,-158.0,158,1.0,126
4200,-186.0,186,1.0,126
4201,-188.0,188,1.0,126
4202,-153.0,153,1.0,126
4203,-196.0,196,1.0,126
4204,-193.0,193,1.0,126
4205,-196.0,196,1.0,126
4206,-194.0,194,1.0,126
4207,-191.0,191,1.0,126
4208,-156.0,156,1.0,126
4209,-194.0,194,1.0,126
4210,-191.0,191,1.0,126
4211,-188.0,188,1.0,126
4212,-158.0,158,1.0,126
4213,-192.0,192,1.0,126
4214,-160.0,160,1.0,126
4215,-191.0,191,1.0,126
4216,-190.0,190,1.0,126
4217,-193.0,193,1.0,126
4218,-189.0,189,1.0,126
4219,-165.0,165,1.0,126
4220,-192.0,192,1.0,126
4221,-156.0,156,1.0,126
4222,-157.0,157,1.0,126
4223,-162.0,162,1.0,126
4224,-194.0,194,1.0,126
4225,-158.0,158,1.0,126
4226,-157.0,157,1.0,126
4227,-160.0,160,1.0,126
4228,-165.0,165,1.0,126
4229,-173.0,173,1.0,126
4230,-158.0,158,1.0,126
4231,-195.0,195,1.0,126
4232,-161.0,161,1.0,126
4233,-167.0,167,1.0,126
4234,-158.0,158,1.0,126
4235,-177.0,177,1.0,126
4236,-163.0,163,1.0,126
4237,-192.0,192,1.0,126
4238,-158.0,158,1.0,126
4239,-159.0,159,1.0,126
4240,-162.0,162,1.0,126
4241,-178.0,178,1.0,126
4242,-190.0,190,1.0,126
4243,-161.0,161,1.0,126
4244,-155.0,155,1.0,126
4245,-159.0,159,1.0,126
4246,-172.0,172,1.0,126
4247,-152.0,152,1.0,126
4248,-157.0,157,1.0,126
4249,-152.0,152,1.0,126
4250,-166.0,166,1.0,126
4251,-190.0,190,1.0,126
4252,-148.0,148,1.0,126
4253,-159.0,159,1.0,126
4254,-156.0,156,1.0,126
4255,-156.0,156,1.0,126
4256,-161.0,161,1.0,126
4257,-170.0,170,1.0,126
4258,-193.0,193,1.0,126
4259,-171.0,171,1.0,126
4260,-200.0,200,0.0,126
4261,-200.0,200,0.0,126
4262,-168.0,168,1.0,126
4263,-195.0,195,1.0,126
4264,-194.0,194,1.0,126
4265,-195.0,195,1.0,126
4266,-200.0,200,0.0,126
4267,-196.0,196,1.0,126
4268,-193.0,193,1.0,126
4269,-168.0,168,1.0,126
4270,-194.0,194,1.0,126
4271,-158.0,158,1.0,126
4272,-167.0,167,1.0,126
4273,-192.0,192,1.0,126
4274,-194.0,194,1.0,126
4275,-159.0,159,1.0,126
4276,-165.0,165,1.0,126
4277,-185.0,185,1.0,126
4278,-200.0,200,0.0,126
4279,-163.0,163,1.0,126
4280,-156.0,156,1.0,126
4281,-156.0,156,1.0,126
4282,-158.0,158,1.0,126
4283,-159.0,159,1.0,126
4284,-170.0,170,1.0,126
4285,-150.0,150,1.0,126
4286,-156.0,156,1.0,126
4287,-196.0,196,1.0,126
4288,-163.0,163,1.0,126
4289,-151.0,151,1.0,126
4290,-200.0,200,0.0,126
4291,-200.0,200,0.0,126
4292,-200.0,200,0.0,126
4293,-196.0,196,1.0,126
4294,-159.0,159,1.0,126
4295,-153.0,153,1.0,126
4296,-152.0,152,1.0,126
4297,-195.0,195,1.0,126
4298,-156.0,156,1.0,126
4299,-162.0,162,1.0,126
4300,-155.0,155,1.0,126
4301,-157.0,157,1.0,126
4302,-200.0,200,0.0,126
4303,-200.0,200,0.0,126
4304,-158.0,158,1.0,126
4305,-157.0,157,1.0,126
4306,-200.0,200,0.0,126
4307,-161.0,161,1.0,126
4308,-153.0,153,1.0,126
4309,-160.0,160,1.0,126
4310,-157.0,157,1.0,126
4311,-156.0,156,1.0,126
4312,-151.0,151,1.0,126
4313,-152.0,152,1.0,126
4314,-153.0,153,1.0,126
4315,-200.0,200,0.0,126
4316,-166.0,166,1.0,126
4317,-147.0,147,1.0,126
4318,-161.0,161,1.0,126
4319,-151.0,151,1.0,126
4320,-200.0,200,0.0,126
4321,-160.0,160,1.0,126
4322,-200.0,200,0.0,126
4323,-160.0,160,1.0,126
4324,-164.0,164,1.0,126
4325,-160.0,160,1.0,126
4326,-157.0,157,1.0,126
4327,-165.0,165,1.0,126
4328,-168.0,168,1.0,126
4329,-163.0,163,1.0,126
4330,-155.0,155,1.0,126
4331,-167.0,167,1.0,126
4332,-162.0,162,1.0,126
4333,-164.0,164,1.0,126
4334,-200.0,200,0.0,126
4335,-199.0,199,1.0,126
4336,-168.0,168,1.0,126
4337,-167.0,167,1.0,126
4338,-158.0,158,1.0,126
4339,-200.0,200,0.0,126
4340,-158.0,158,1.0,126
4341,-160.0,160,1.0,126
4342,-168.0,168,1.0,126
4343,-160.0,160,1.0,126
4344,-200.0,200,0.0,126
4345,-200.0,200,0.0,126
4346,-162.0,162,1.0,126
4347,-167.0,167,1.0,126
4348,-160.0,160,1.0,126
4349,-159.0,159,1.0,126
4350,-196.0,196,1.0,126
4351,-193.0,193,1.0,126
4352,-175.0,175,1.0,126
4353,-167.0,167,1.0,126
4354,-159.0,159,1.0,126
4355,-162.0,162,1.0,126
4356,-196.0,196,1.0,126
4357,-163.0,163,1.0,126
4358,-200.0,200,0.0,126
4359,-190.0,190,1.0,126
4360,-200.0,200,0.0,126
4361,-200.0,200,0.0,126
4362,-193.0,193,1.0,126
4363,-194.0,194,1.0,126
4364,-199.0,199,1.0,126
4365,-157.0,157,1.0,126
4366,-152.0,152,1.0,126
4367,-156.0,156,1.0,126
4368,-198.0,198,1.0,126
4369,-200.0,200,0.0,126
4370,-200.0,200,0.0,126
4371,-200.0,200,0.0,126
4372,-196.0,196,1.0,126
4373,-163.0,163,1.0,126
4374,-194.0,194,1.0,126
4375,-192.0,192,1.0,126
4376,-152.0,152,1.0,126
4377,-189.0,189,1.0,126
4378,-160.0,160,1.0,126
4379,-154.0,154,1.0,126
4380,-200.0,200,0.0,126
4381,-200.0,200,0.0,126
4382,-200.0,200,0.0,126
4383,-199.0,199,1.0,126
4384,-200.0,200,0.0,126
4385,-160.0,160,1.0,126
4386,-200.0,200,0.0,126
4387,-194.0,194,1.0,126
4388,-195.0,195,1.0,126
4389,-200.0,200,0.0,126
4390,-200.0,200,0.0,126
4391,-163.0,163,1.0,126
4392,-155.0,155,1.0,126
4393,-160.0,160,1.0,126
4394,-158.0,158,1.0,126
4395,-163.0,163,1.0,126
4396,-149.0,149,1.0,126
4397,-151.0,151,1.0,126
4398,-198.0,198,1.0,126
4399,-200.0,200,0.0,126
4400,-153.0,153,1.0,126
4401,-200.0,200,0.0,126
4402,-200.0,200,0.0,126
4403,-152.0,152,1.0,126
4404,-200.0,200,0.0,126
4405,-200.0,200,0.0,126
4406,-200.0,200,0.0,126
4407,-200.0,200,0.0,126
4408,-200.0,200,0.0,126
4409,-200.0,200,0.0,126
4410,-198.0,198,1.0,126
4411,-200.0,200,0.0,126
4412,-195.0,195,1.0,126
4413,-200.0,200,0.0,126
4414,-200.0,200,0.0,126
4415,-200.0,200,0.0,126
4416,-200.0,200,0.0,126
4417,-149.0,149,1.0,126
4418,-200.0,200,0.0,126
4419,-149.0,149,1.0,126
4420,-200.0,200,0.0,126
4421,-200.0,200,0.0,126
4422,-200.0,200,0.0,126
4423,-157.0,157,1.0,126
4424,-153.0,153,1.0,126
4425,-195.0,195,1.0,126
4426,-200.0,200,0.0,126
4427,-160.0,160,1.0,126
4428,-195.0,195,1.0,126
4429,-200.0,200,0.0,126
4430,-156.0,156,1.0,126
4431,-200.0,200,0.0,126
4432,-200.0,200,0.0,126
4433,-200.0,200,0.0,126
4434,-200.0,200,0.0,126
4435,-200.0,200,0.0,126
4436,-200.0,200,0.0,126
4437,-200.0,200,0.0,126
4438,-200.0,200,0.0,126
4439,-200.0,200,0.0,126
4440,-197.0,197,1.0,126
4441,-200.0,200,0.0,126
4442,-200.0,200,0.0,126
4443,-200.0,200,0.0,126
4444,-200.0,200,0.0,126
4445,-200.0,200,0.0,126
4446,-200.0,200,0.0,126
4447,-157.0,157,1.0,126
4448,-200.0,200,0.0,126
4449,-196.0,196,1.0,126
4450,-169.0,169,1.0,126
4451,-193.0,193,1.0,126
4452,-194.0,194,1.0,126
4453,-165.0,165,1.0,126
4454,-172.0,172,1.0,126
4455,-170.0,170,1.0,126
4456,-160.0,160,1.0,126
4457,-157.0,157,1.0,126
4458,-160.0,160,1.0,126
4459,-186.0,186,1.0,126
4460,-146.0,146,1.0,126
4461,-195.0,195,1.0,126
4462,-150.0,150,1.0,126
4463,-154.0,154,1.0,126
4464,-158.0,158,1.0,126
4465,-148.0,148,1.0,126
4466,-194.0,194,1.0,126
4467,-200.0,200,0.0,126
4468,-199.0,199,1.0,126
4469,-200.0,200,0.0,126
4470,-200.0,200,0.0,126
4471,-200.0,200,0.0,126
4472,-153.0,153,1.0,126
4473,-200.0,200,0.0,126
4474,-154.0,154,1.0,126
4475,-160.0,160,1.0,126
4476,-157.0,157,1.0,126
4477,-153.0,153,1.0,126
4478,-200.0,200,0.0,126
4479,-157.0,157,1.0,126
4480,-150.0,150,1.0,126
4481,-200.0,200,0.0,126
4482,-193.0,193,1.0,126
4483,-200.0,200,0.0,126
4484,-152.0,152,1.0,126
4485,-200.0,200,0.0,126
4486,-197.0,197,1.0,126
4487,-193.0,193,1.0,126
4488,-193.0,193,1.0,126
4489,-194.0,194,1.0,126
4490,-200.0,200,0.0,126
4491,-200.0,200,0.0,126
4492,-200.0,200,0.0,126
4493,-200.0,200,0.0,126
4494,-194.0,194,1.0,126
4495,-152.0,152,1.0,126
4496,-200.0,200,0.0,126
4497,-153.0,153,1.0,126
4498,-200.0,200,0.0,126
4499,-200.0,200,0.0,126
4500,-200.0,200,0.0,126
4501,-200.0,200,0.0,126
4502,-200.0,200,0.0,126
4503,-200.0,200,0.0,126
4504,-200.0,200,0.0,126
4505,-200.0,200,0.0,126
4506,-195.0,195,1.0,126
4507,-200.0,200,0.0,126
4508,-200.0,200,0.0,126
4509,-200.0,200,0.0,126
4510,-197.0,197,1.0,126
4511,-200.0,200,0.0,126
4512,-189.0,189,1.0,126
4513,-172.0,172,1.0,126
4514,-194.0,194,1.0,126
4515,-158.0,158,1.0,126
4516,-194.0,194,1.0,126
4517,-160.0,160,1.0,126
4518,-194.0,194,1.0,126
4519,-200.0,200,0.0,126
4520,-200.0,200,0.0,126
4521,-194.0,194,1.0,126
4522,-200.0,200,0.0,126
4523,-200.0,200,0.0,126
4524,-200.0,200,0.0,126
4525,-186.0,186,1.0,126
4526,-200.0,200,0.0,126
4527,-200.0,200,0.0,126
4528,-161.0,161,1.0,126
4529,-195.0,195,1.0,126
4530,-186.0,186,1.0,126
4531,-188.0,188,1.0,126
4532,-189.0,189,1.0,126
4533,-155.0,155,1.0,126
4534,-191.0,191,1.0,126
4535,-182.0,182,1.0,126
4536,-193.0,193,1.0,126
4537,-167.0,167,1.0,126
4538,-200.0,200,0.0,126
4539,-200.0,200,0.0,126
4540,-194.0,194,1.0,126
4541,-184.0,184,1.0,126
4542,-159.0,159,1.0,126
4543,-192.0,192,1.0,126
4544,-196.0,196,1.0,126
4545,-198.0,198,1.0,126
4546,-151.0,151,1.0,126
4547,-188.0,188,1.0,126
4548,-195.0,195,1.0,126
4549,-159.0,159,1.0,126
4550,-153.0,153,1.0,126
4551,-191.0,191,1.0,126
4552,-163.0,163,1.0,126
4553,-156.0,156,1.0,126
4554,-193.0,193,1.0,126
4555,-190.0,190,1.0,126
4556,-161.0,161,1.0,126
4557,-167.0,167,1.0,126
4558,-170.0,170,1.0,126
4559,-164.0,164,1.0,126
4560,-190.0,190,1.0,126
4561,-192.0,192,1.0,126
4562,-158.0,158,1.0,126
4563,-194.0,194,1.0,126
4564,-196.0,196,1.0,126
4565,-185.0,185,1.0,126
4566,-198.0,198,1.0,126
4567,-164.0,164,1.0,126
4568,-162.0,162,1.0,126
4569,-165.0,165,1.0,126
4570,-195.0,195,1.0,126
4571,-156.0,156,1.0,126
4572,-159.0,159,1.0,126
4573,-164.0,164,1.0,126
4574,-154.0,154,1.0,126
4575,-155.0,155,1.0,126
4576,-160.0,160,1.0,126
4577,-193.0,193,1.0,126
4578,-163.0,163,1.0,126
4579,-156.0,156,1.0,126
4580,-187.0,187,1.0,126
4581,-166.0,166,1.0,126
4582,-161.0,161,1.0,126
4583,-200.0,200,0.0,126
4584,-186.0,186,1.0,126
4585,-160.0,160,1.0,126
4586,-168.0,168,1.0,126
4587,-181.0,181,1.0,126
4588,-196.0,196,1.0,126
4589,-187.0,187,1.0,126
4590,-187.0,187,1.0,126
4591,-200.0,200,0.0,126
4592,-153.0,153,1.0,126
4593,-197.0,197,1.0,126
4594,-169.0,169,1.0,126
4595,-199.0,199,1.0,126
4596,-156.0,156,1.0,126
4597,-200.0,200,0.0,126
4598,-200.0,200,0.0,126
4599,-160.0,160,1.0,126
4600,-161.0,161,1.0,126
4601,-157.0,157,1.0,126
4602,-195.0,195,1.0,126
4603,-159.0,159,1.0,126
4604,-166.0,166,1.0,126
4605,-174.0,174,1.0,126
4606,-158.0,158,1.0,126
4607,-200.0,200,0.0,126
4608,-161.0,161,1.0,126
4609,-196.0,196,1.0,126
4610,-163.0,163,1.0,126
4611,-160.0,160,1.0,126
4612,-159.0,159,1.0,126
4613,-172.0,172,1.0,126
4614,-163.0,163,1.0,126
4615,-157.0,157,1.0,126
4616,-200.0,200,0.0,126
4617,-155.0,155,1.0,126
4618,-200.0,200,0.0,126
4619,-200.0,200,0.0,126
4620,-196.0,196,1.0,126
4621,-190.0,190,1.0,126
4622,-162.0,162,1.0,126
4623,-156.0,156,1.0,126
4624,-155.0,155,1.0,126
4625,-172.0,172,1.0,126
4626,-183.0,183,1.0,126
4627,-184.0,184,1.0,126
4628,-162.0,162,1.0,126
4629,-187.0,187,1.0,126
4630,-165.0,165,1.0,126
4631,-157.0,157,1.0,126
4632,-200.0,200,0.0,126
4633,-189.0,189,1.0,126
4634,-200.0,200,0.0,126
4635,-170.0,170,1.0,126
4636,-161.0,161,1.0,126
4637,-184.0,184,1.0,126
4638,-160.0,160,1.0,126
4639,-189.0,189,1.0,126
4640,-200.0,200,0.0,126
4641,-158.0,158,1.0,126
4642,-156.0,156,1.0,126
4643,-196.0,196,1.0,126
4644,-198.0,198,1.0,126
4645,-158.0,158,1.0,126
4646,-198.0,198,1.0,126
4647,-189.0,189,1.0,126
4648,-162.0,162,1.0,126
4649,-155.0,155,1.0,126
4650,-153.0,153,1.0,126
4651,-161.0,161,1.0,126
4652,-200.0,200,0.0,126
4653,-155.0,155,1.0,126
4654,-182.0,182,1.0,126
4655,-192.0,192,1.0,126
4656,-160.0,160,1.0,126
4657,-161.0,161,1.0,126
4658,-200.0,200,0.0,126
4659,-151.0,151,1.0,126
4660,-200.0,200,0.0,126
4661,-200.0,200,0.0,126
4662,-159.0,159,1.0,126
4663,-200.0,200,0.0,126
4664,-190.0,190,1.0,126
4665,-158.0,158,1.0,126
4666,-200.0,200,0.0,126
4667,-187.0,187,1.0,126
4668,-160.0,160,1.0,126
4669,-196.0,196,1.0,126
4670,-158.0,158,1.0,126
4671,-194.0,194,1.0,126
4672,-200.0,200,0.0,126
4673,-157.0,157,1.0,126
4674,-200.0,200,0.0,126
4675,-158.0,158,1.0,126
4676,-200.0,200,0.0,126
4677,-200.0,200,0.0,126
4678,-200.0,200,0.0,126
4679,-200.0,200,0.0,126
4680,-200.0,200,0.0,126
4681,-200.0,200,0.0,126
4682,-154.0,154,1.0,126
4683,-162.0,162,1.0,126
4684,-193.0,193,1.0,126
4685,-200.0,200,0.0,126
4686,-200.0,200,0.0,126
4687,-200.0,200,0.0,126
4688,-200.0,200,0.0,126
4689,-159.0,159,1.0,126
4690,-197.0,197,1.0,126
4691,-200.0,200,0.0,126
4692,-159.0,159,1.0,126
4693,-156.0,156,1.0,126
4694,-163.0,163,1.0,126
4695,-200.0,200,0.0,126
4696,-195.0,195,1.0,126
4697,-171.0,171,1.0,126
4698,-154.0,154,1.0,126
4699,-194.0,194,1.0,126
4700,-157.0,157,1.0,126
4701,-195.0,195,1.0,126
4702,-161.0,161,1.0,126
4703,-200.0,200,0.0,126
4704,-190.0,190,1.0,126
4705,-154.0,154,1.0,126
4706,-172.0,172,1.0,126
4707,-154.0,154,1.0,126
4708,-165.0,165,1.0,126
4709,-157.0,157,1.0,126
4710,-200.0,200,0.0,126
4711,-200.0,200,0.0,126
4712,-200.0,200,0.0,126
4713,-151.0,151,1.0,126
4714,-154.0,154,1.0,126
4715,-156.0,156,1.0,126
4716,-156.0,156,1.0,126
4717,-158.0,158,1.0,126
4718,-196.0,196,1.0,126
4719,-157.0,157,1.0,126
4720,-200.0,200,0.0,126
4721,-200.0,200,0.0,126
4722,-153.0,153,1.0,126
4723,-159.0,159,1.0,126
4724,-162.0,162,1.0,126
4725,-163.0,163,1.0,126
4726,-169.0,169,1.0,126
4727,-158.0,158,1.0,126
4728,-161.0,161,1.0,126
4729,-196.0,196,1.0,126
4730,-156.0,156,1.0,126
4731,-165.0,165,1.0,126
4732,-200.0,200,0.0,126
4733,-162.0,162,1.0,126
4734,-161.0,161,1.0,126
4735,-157.0,157,1.0,126
4736,-191.0,191,1.0,126
4737,-161.0,161,1.0,126
4738,-163.0,163,1.0,126
4739,-194.0,194,1.0,126
4740,-164.0,164,1.0,126
4741,-200.0,200,0.0,126
4742,-159.0,159,1.0,126
4743,-162.0,162,1.0,126
4744,-165.0,165,1.0,126
4745,-196.0,196,1.0,126
4746,-160.0,160,1.0,126
4747,-163.0,163,1.0,126
4748,-192.0,192,1.0,126
4749,-159.0,159,1.0,126
4750,-160.0,160,1.0,126
4751,-200.0,200,0.0,126
4752,-162.0,162,1.0,126
4753,-160.0,160,1.0,126
4754,-190.0,190,1.0,126
4755,-192.0,192,1.0,126
4756,-200.0,200,0.0,126
4757,-158.0,158,1.0,126
4758,-200.0,200,0.0,126
4759,-200.0,200,0.0,126
4760,-165.0,165,1.0,126
4761,-151.0,151,1.0,126
4762,-163.0,163,1.0,126
4763,-161.0,161,1.0,126
4764,-187.0,187,1.0,126
4765,-157.0,157,1.0,126
4766,-154.0,154,1.0,126
4767,-164.0,164,1.0,126
4768,-163.0,163,1.0,126
4769,-188.0,188,1.0,126
4770,-151.0,151,1.0,126
4771,-185.0,185,1.0,126
4772,-200.0,200,0.0,126
4773,-184.0,184,1.0,126
4774,-200.0,200,0.0,126
4775,-164.0,164,1.0,126
4776,-200.0,200,0.0,126
4777,-161.0,161,1.0,126
4778,-162.0,162,1.0,126
4779,-156.0,156,1.0,126
4780,-165.0,165,1.0,126
4781,-155.0,155,1.0,126
4782,-164.0,164,1.0,126
4783,-153.0,153,1.0,126
4784,-150.0,150,1.0,126
4785,-160.0,160,1.0,126
4786,-168.0,168,1.0,126
4787,-198.0,198,1.0,126
4788,-161.0,161,1.0,126
4789,-159.0,159,1.0,126
4790,-200.0,200,0.0,126
4791,-155.0,155,1.0,126
4792,-200.0,200,0.0,126
4793,-164.0,164,1.0,126
4794,-160.0,160,1.0,126
4795,-200.0,200,0.0,126
4796,-152.0,152,1.0,126
4797,-166.0,166,1.0,126
4798,-200.0,200,0.0,126
4799,-187.0,187,1.0,126
4800,-198.0,198,1.0,126
4801,-200.0,200,0.0,126
4802,-158.0,158,1.0,126
4803,-159.0,159,1.0,126
4804,-166.0,166,1.0,126
4805,-162.0,162,1.0,126
4806,-162.0,162,1.0,126
4807,-174.0,174,1.0,126
4808,-157.0,157,1.0,126
4809,-200.0,200,0.0,126
4810,-171.0,171,1.0,126
4811,-167.0,167,1.0,126
4812,-193.0,193,1.0,126
4813,-179.0,179,1.0,126
4814,-180.0,180,1.0,126
4815,-158.0,158,1.0,126
4816,-169.0,169,1.0,126
4817,-161.0,161,1.0,126
4818,-157.0,157,1.0,126
4819,-180.0,180,1.0,126
4820,-155.0,155,1.0,126
4821,-156.0,156,1.0,126
4822,-158.0,158,1.0,126
4823,-150.0,150,1.0,126
4824,-181.0,181,1.0,126
4825,-155.0,155,1.0,126
4826,-152.0,152,1.0,126
4827,-157.0,157,1.0,126
4828,-149.0,149,1.0,126
4829,-151.0,151,1.0,126
4830,-153.0,153,1.0,126
4831,-199.0,199,1.0,126
4832,-186.0,186,1.0,126
4833,-183.0,183,1.0,126
4834,-158.0,158,1.0,126
4835,-155.0,155,1.0,126
4836,-162.0,162,1.0,126
4837,-153.0,153,1.0,126
4838,-151.0,151,1.0,126
4839,-155.0,155,1.0,126
4840,-174.0,174,1.0,126
4841,-150.0,150,1.0,126
4842,-159.0,159,1.0,126
4843,-200.0,200,0.0,126
4844,-200.0,200,0.0,126
4845,-188.0,188,1.0,126
4846,-200.0,200,0.0,126
4847,-166.0,166,1.0,126
4848,-200.0,200,0.0,126
4849,-155.0,155,1.0,126
4850,-164.0,164,1.0,126
4851,-180.0,180,1.0,126
4852,-163.0,163,1.0,126
4853,-181.0,181,1.0,126
4854,-164.0,164,1.0,126
4855,-161.0,161,1.0,126
4856,-162.0,162,1.0,126
4857,-179.0,179,1.0,126
4858,-160.0,160,1.0,126
4859,-188.0,188,1.0,126
4860,-194.0,194,1.0,126
4861,-190.0,190,1.0,126
4862,-155.0,155,1.0,126
4863,-162.0,162,1.0,126
4864,-168.0,168,1.0,126
4865,-182.0,182,1.0,126
4866,-200.0,200,0.0,126
4867,-163.0,163,1.0,126
4868,-165.0,165,1.0,126
4869,-166.0,166,1.0,126
4870,-154.0,154,1.0,126
4871,-156.0,156,1.0,126
4872,-200.0,200,0.0,126
4873,-157.0,157,1.0,126
4874,-167.0,167,1.0,126
4875,-161.0,161,1.0,126
4876,-164.0,164,1.0,126
4877,-200.0,200,0.0,126
4878,-195.0,195,1.0,126
4879,-162.0,162,1.0,126
4880,-156.0,156,1.0,126
4881,-158.0,158,1.0,126
4882,-155.0,155,1.0,126
4883,-163.0,163,1.0,126
4884,-156.0,156,1.0,126
4885,-200.0,200,0.0,126
4886,-194.0,194,1.0,126
4887,-190.0,190,1.0,126
4888,-152.0,152,1.0,126
4889,-155.0,155,1.0,126
4890,-200.0,200,0.0,126
4891,-200.0,200,0.0,126
4892,-160.0,160,1.0,126
4893,-157.0,157,1.0,126
4894,-190.0,190,1.0,126
4895,-175.0,175,1.0,126
4896,-160.0,160,1.0,126
4897,-197.0,197,1.0,126
4898,-169.0,169,1.0,126
4899,-184.0,184,1.0,126
4900,-158.0,158,1.0,126
4901,-160.0,160,1.0,126
4902,-200.0,200,0.0,126
4903,-183.0,183,1.0,126
4904,-160.0,160,1.0,126
4905,-166.0,166,1.0,126
4906,-158.0,158,1.0,126
4907,-200.0,200,0.0,126
4908,-153.0,153,1.0,126
4909,-154.0,154,1.0,126
4910,-158.0,158,1.0,126
4911,-153.0,153,1.0,126
4912,-159.0,159,1.0,126
4913,-161.0,161,1.0,126
4914,-165.0,165,1.0,126
4915,-173.0,173,1.0,126
4916,-167.0,167,1.0,126
4917,-162.0,162,1.0,126
4918,-165.0,165,1.0,126
4919,-154.0,154,1.0,126
4920,-170.0,170,1.0,126
4921,-167.0,167,1.0,126
4922,-169.0,169,1.0,126
4923,-156.0,156,1.0,126
4924,-161.0,161,1.0,126
4925,-152.0,152,1.0,126
4926,-167.0,167,1.0,126
4927,-165.0,165,1.0,126
4928,-162.0,162,1.0,126
4929,-200.0,200,0.0,126
4930,-162.0,162,1.0,126
4931,-200.0,200,0.0,126
4932,-200.0,200,0.0,126
4933,-200.0,200,0.0,126
4934,-166.0,166,1.0,126
4935,-200.0,200,0.0,126
4936,-163.0,163,1.0,126
4937,-162.0,162,1.0,126
4938,-163.0,163,1.0,126
4939,-200.0,200,0.0,126
4940,-200.0,200,0.0,126
4941,-200.0,200,0.0,126
4942,-200.0,200,0.0,126
4943,-200.0,200,0.0,126
4944,-172.0,172,1.0,126
4945,-130.0,130,1.0,126
4946,-147.0,147,1.0,126
4947,-123.0,123,1.0,126
4948,-162.0,162,1.0,126
4949,-172.0,172,1.0,126
4950,-161.0,161,1.0,126
4951,-163.0,163,1.0,126
4952,-200.0,200,0.0,126
4953,-200.0,200,0.0,126
4954,-200.0,200,0.0,126
4955,-163.0,163,1.0,126
4956,-200.0,200,0.0,126
4957,-200.0,200,0.0,126
4958,-200.0,200,0.0,126
4959,-173.0,173,1.0,126
4960,-164.0,164,1.0,126
4961,-125.0,125,1.0,126
4962,-167.0,167,1.0,126
4963,-200.0,200,0.0,126
4964,-169.0,169,1.0,126
4965,-200.0,200,0.0,126
4966,-200.0,200,0.0,126
4967,-200.0,200,0.0,126
4968,-200.0,200,0.0,126
4969,-200.0,200,0.0,126
4970,-200.0,200,0.0,126
4971,-200.0,200,0.0,126
4972,-200.0,200,0.0,126
4973,-200.0,200,0.0,126
4974,-200.0,200,0.0,126
4975,-200.0,200,0.0,126
4976,-200.0,200,0.0,126
4977,-200.0,200,0.0,126
4978,-200.0,200,0.0,126
4979,-200.0,200,0.0,126
4980,-200.0,200,0.0,126
4981,-200.0,200,0.0,126
4982,-200.0,200,0.0,126
4983,-200.0,200,0.0,126
4984,-200.0,200,0.0,126
4985,-200.0,200,0.0,126
4986,-200.0,200,0.0,126
4987,-200.0,200,0.0,126
4988,-200.0,200,0.0,126
4989,-200.0,200,0.0,126
4990,-168.0,168,1.0,126
4991,-200.0,200,0.0,126
4992,-200.0,200,0.0,126
4993,-200.0,200,0.0,126
4994,-200.0,200,0.0,126
4995,-200.0,200,0.0,126
4996,-200.0,200,0.0,126
4997,-200.0,200,0.0,126
4998,-200.0,200,0.0,126
4999,-200.0,200,0.0,126
5000,-200.0,200,0.0,126
