episode,reward,length,success,seed
1,-200.0,200,0.0,42
2,-200.0,200,0.0,42
3,-200.0,200,0.0,42
4,-200.0,200,0.0,42
5,-200.0,200,0.0,42
6,-200.0,200,0.0,42
7,-200.0,200,0.0,42
8,-200.0,200,0.0,42
9,-200.0,200,0.0,42
10,-200.0,200,0.0,42
11,-200.0,200,0.0,42
12,-200.0,200,0.0,42
13,-200.0,200,0.0,42
14,-200.0,200,0.0,42
15,-200.0,200,0.0,42
16,-200.0,200,0.0,42
17,-200.0,200,0.0,42
18,-200.0,200,0.0,42
19,-200.0,200,0.0,42
20,-200.0,200,0.0,42
21,-200.0,200,0.0,42
22,-200.0,200,0.0,42
23,-200.0,200,0.0,42
24,-200.0,200,0.0,42
25,-200.0,200,0.0,42
26,-200.0,200,0.0,42
27,-200.0,200,0.0,42
28,-200.0,200,0.0,42
29,-200.0,200,0.0,42
30,-200.0,200,0.0,42
31,-200.0,200,0.0,42
32,-200.0,200,0.0,42
33,-200.0,200,0.0,42
34,-200.0,200,0.0,42
35,-200.0,200,0.0,42
36,-200.0,200,0.0,42
37,-200.0,200,0.0,42
38,-200.0,200,0.0,42
39,-200.0,200,0.0,42
40,-200.0,200,0.0,42
41,-200.0,200,0.0,42
42,-200.0,200,0.0,42
43,-200.0,200,0.0,42
44,-200.0,200,0.0,42
45,-200.0,200,0.0,42
46,-200.0,200,0.0,42
47,-200.0,200,0.0,42
48,-200.0,200,0.0,42
49,-200.0,200,0.0,42
50,-200.0,200,0.0,42
51,-200.0,200,0.0,42
52,-200.0,200,0.0,42
53,-200.0,200,0.0,42
54,-200.0,200,0.0,42
55,-200.0,200,0.0,42
56,-200.0,200,0.0,42
57,-200.0,200,0.0,42
58,-200.0,200,0.0,42
59,-200.0,200,0.0,42
60,-200.0,200,0.0,42
61,-200.0,200,0.0,42
62,-200.0,200,0.0,42
63,-200.0,200,0.0,42
64,-200.0,200,0.0,42
65,-200.0,200,0.0,42
66,-200.0,200,0.0,42
67,-200.0,200,0.0,42
68,-200.0,200,0.0,42
69,-200.0,200,0.0,42
70,-200.0,200,0.0,42
71,-200.0,200,0.0,42
72,-200.0,200,0.0,42
73,-200.0,200,0.0,42
74,-200.0,200,0.0,42
75,-200.0,200,0.0,42
76,-200.0,200,0.0,42
77,-200.0,200,0.0,42
78,-200.0,200,0.0,42
79,-200.0,200,0.0,42
80,-200.0,200,0.0,42
81,-200.0,200,0.0,42
82,-200.0,200,0.0,42
83,-200.0,200,0.0,42
84,-200.0,200,0.0,42
85,-200.0,200,0.0,42
86,-200.0,200,0.0,42
87,-200.0,200,0.0,42
88,-200.0,200,0.0,42
89,-200.0,200,0.0,42
90,-200.0,200,0.0,42
91,-200.0,200,0.0,42
92,-200.0,200,0.0,42
93,-200.0,200,0.0,42
94,-200.0,200,0.0,42
95,-200.0,200,0.0,42
96,-200.0,200,0.0,42
97,-200.0,200,0.0,42
98,-200.0,200,0.0,42
99,-200.0,200,0.0,42
100,-200.0,200,0.0,42
101,-200.0,200,0.0,42
102,-200.0,200,0.0,42
103,-200.0,200,0.0,42
104,-200.0,200,0.0,42
105,-200.0,200,0.0,42
106,-200.0,200,0.0,42
107,-200.0,200,0.0,42
108,-200.0,200,0.0,42
109,-200.0,200,0.0,42
110,-200.0,200,0.0,42
111,-200.0,200,0.0,42
112,-200.0,200,0.0,42
113,-200.0,200,0.0,42
114,-200.0,200,0.0,42
115,-200.0,200,0.0,42
116,-200.0,200,0.0,42
117,-200.0,200,0.0,42
118,-200.0,200,0.0,42
119,-200.0,200,0.0,42
120,-200.0,200,0.0,42
121,-200.0,200,0.0,42
122,-200.0,200,0.0,42
123,-200.0,200,0.0,42
124,-200.0,200,0.0,42
125,-200.0,200,0.0,42
126,-200.0,200,0.0,42
127,-200.0,200,0.0,42
128,-200.0,200,0.0,42
129,-200.0,200,0.0,42
130,-200.0,200,0.0,42
131,-200.0,200,0.0,42
132,-200.0,200,0.0,42
133,-200.0,200,0.0,42
134,-200.0,200,0.0,42
135,-200.0,200,0.0,42
136,-200.0,200,0.0,42
137,-200.0,200,0.0,42
138,-200.0,200,0.0,42
139,-200.0,200,0.0,42
140,-200.0,200,0.0,42
141,-200.0,200,0.0,42
142,-200.0,200,0.0,42
143,-200.0,200,0.0,42
144,-200.0,200,0.0,42
145,-200.0,200,0.0,42
146,-200.0,200,0.0,42
147,-200.0,200,0.0,42
148,-200.0,200,0.0,42
149,-200.0,200,0.0,42
150,-200.0,200,0.0,42
151,-200.0,200,0.0,42
152,-200.0,200,0.0,42
153,-200.0,200,0.0,42
154,-200.0,200,0.0,42
155,-200.0,200,0.0,42
156,-200.0,200,0.0,42
157,-200.0,200,0.0,42
158,-200.0,200,0.0,42
159,-200.0,200,0.0,42
160,-200.0,200,0.0,42
161,-200.0,200,0.0,42
162,-200.0,200,0.0,42
163,-200.0,200,0.0,42
164,-200.0,200,0.0,42
165,-200.0,200,0.0,42
166,-200.0,200,0.0,42
167,-200.0,200,0.0,42
168,-200.0,200,0.0,42
169,-200.0,200,0.0,42
170,-200.0,200,0.0,42
171,-200.0,200,0.0,42
172,-200.0,200,0.0,42
173,-200.0,200,0.0,42
174,-200.0,200,0.0,42
175,-200.0,200,0.0,42
176,-200.0,200,0.0,42
177,-200.0,200,0.0,42
178,-200.0,200,0.0,42
179,-200.0,200,0.0,42
180,-200.0,200,0.0,42
181,-200.0,200,0.0,42
182,-200.0,200,0.0,42
183,-200.0,200,0.0,42
184,-200.0,200,0.0,42
185,-200.0,200,0.0,42
186,-200.0,200,0.0,42
187,-200.0,200,0.0,42
188,-200.0,200,0.0,42
189,-200.0,200,0.0,42
190,-200.0,200,0.0,42
191,-200.0,200,0.0,42
192,-200.0,200,0.0,42
193,-200.0,200,0.0,42
194,-200.0,200,0.0,42
195,-200.0,200,0.0,42
196,-200.0,200,0.0,42
197,-200.0,200,0.0,42
198,-200.0,200,0.0,42
199,-200.0,200,0.0,42
200,-200.0,200,0.0,42
201,-200.0,200,0.0,42
202,-200.0,200,0.0,42
203,-200.0,200,0.0,42
204,-200.0,200,0.0,42
205,-200.0,200,0.0,42
206,-200.0,200,0.0,42
207,-200.0,200,0.0,42
208,-200.0,200,0.0,42
209,-200.0,200,0.0,42
210,-200.0,200,0.0,42
211,-200.0,200,0.0,42
212,-200.0,200,0.0,42
213,-200.0,200,0.0,42
214,-200.0,200,0.0,42
215,-200.0,200,0.0,42
216,-200.0,200,0.0,42
217,-200.0,200,0.0,42
218,-200.0,200,0.0,42
219,-200.0,200,0.0,42
220,-200.0,200,0.0,42
221,-200.0,200,0.0,42
222,-200.0,200,0.0,42
223,-200.0,200,0.0,42
224,-200.0,200,0.0,42
225,-200.0,200,0.0,42
226,-200.0,200,0.0,42
227,-200.0,200,0.0,42
228,-200.0,200,0.0,42
229,-200.0,200,0.0,42
230,-200.0,200,0.0,42
231,-200.0,200,0.0,42
232,-200.0,200,0.0,42
233,-200.0,200,0.0,42
234,-200.0,200,0.0,42
235,-200.0,200,0.0,42
236,-200.0,200,0.0,42
237,-200.0,200,0.0,42
238,-200.0,200,0.0,42
239,-200.0,200,0.0,42
240,-200.0,200,0.0,42
241,-200.0,200,0.0,42
242,-200.0,200,0.0,42
243,-200.0,200,0.0,42
244,-200.0,200,0.0,42
245,-200.0,200,0.0,42
246,-200.0,200,0.0,42
247,-200.0,200,0.0,42
248,-200.0,200,0.0,42
249,-200.0,200,0.0,42
250,-200.0,200,0.0,42
251,-200.0,200,0.0,42
252,-200.0,200,0.0,42
253,-200.0,200,0.0,42
254,-200.0,200,0.0,42
255,-200.0,200,0.0,42
256,-200.0,200,0.0,42
257,-200.0,200,0.0,42
258,-200.0,200,0.0,42
259,-200.0,200,0.0,42
260,-200.0,200,0.0,42
261,-200.0,200,0.0,42
262,-200.0,200,0.0,42
263,-200.0,200,0.0,42
264,-200.0,200,0.0,42
265,-200.0,200,0.0,42
266,-200.0,200,0.0,42
267,-200.0,200,0.0,42
268,-200.0,200,0.0,42
269,-200.0,200,0.0,42
270,-200.0,200,0.0,42
271,-200.0,200,0.0,42
272,-200.0,200,0.0,42
273,-200.0,200,0.0,42
274,-200.0,200,0.0,42
275,-200.0,200,0.0,42
276,-200.0,200,0.0,42
277,-200.0,200,0.0,42
278,-200.0,200,0.0,42
279,-200.0,200,0.0,42
280,-200.0,200,0.0,42
281,-200.0,200,0.0,42
282,-200.0,200,0.0,42
283,-200.0,200,0.0,42
284,-200.0,200,0.0,42
285,-200.0,200,0.0,42
286,-200.0,200,0.0,42
287,-200.0,200,0.0,42
288,-200.0,200,0.0,42
289,-200.0,200,0.0,42
290,-200.0,200,0.0,42
291,-200.0,200,0.0,42
292,-200.0,200,0.0,42
293,-200.0,200,0.0,42
294,-200.0,200,0.0,42
295,-200.0,200,0.0,42
296,-200.0,200,0.0,42
297,-200.0,200,0.0,42
298,-200.0,200,0.0,42
299,-200.0,200,0.0,42
300,-200.0,200,0.0,42
301,-200.0,200,0.0,42
302,-200.0,200,0.0,42
303,-200.0,200,0.0,42
304,-200.0,200,0.0,42
305,-200.0,200,0.0,42
306,-200.0,200,0.0,42
307,-200.0,200,0.0,42
308,-200.0,200,0.0,42
309,-200.0,200,0.0,42
310,-200.0,200,0.0,42
311,-200.0,200,0.0,42
312,-200.0,200,0.0,42
313,-200.0,200,0.0,42
314,-200.0,200,0.0,42
315,-200.0,200,0.0,42
316,-200.0,200,0.0,42
317,-200.0,200,0.0,42
318,-200.0,200,0.0,42
319,-200.0,200,0.0,42
320,-200.0,200,0.0,42
321,-200.0,200,0.0,42
322,-200.0,200,0.0,42
323,-200.0,200,0.0,42
324,-200.0,200,0.0,42
325,-200.0,200,0.0,42
326,-200.0,200,0.0,42
327,-200.0,200,0.0,42
328,-200.0,200,0.0,42
329,-200.0,200,0.0,42
330,-200.0,200,0.0,42
331,-200.0,200,0.0,42
332,-200.0,200,0.0,42
333,-200.0,200,0.0,42
334,-200.0,200,0.0,42
335,-200.0,200,0.0,42
336,-200.0,200,0.0,42
337,-200.0,200,0.0,42
338,-200.0,200,0.0,42
339,-200.0,200,0.0,42
340,-200.0,200,0.0,42
341,-200.0,200,0.0,42
342,-200.0,200,0.0,42
343,-200.0,200,0.0,42
344,-200.0,200,0.0,42
345,-200.0,200,0.0,42
346,-200.0,200,0.0,42
347,-200.0,200,0.0,42
348,-200.0,200,0.0,42
349,-200.0,200,0.0,42
350,-200.0,200,0.0,42
351,-200.0,200,0.0,42
352,-200.0,200,0.0,42
353,-200.0,200,0.0,42
354,-200.0,200,0.0,42
355,-200.0,200,0.0,42
356,-200.0,200,0.0,42
357,-200.0,200,0.0,42
358,-200.0,200,0.0,42
359,-200.0,200,0.0,42
360,-200.0,200,0.0,42
361,-200.0,200,0.0,42
362,-200.0,200,0.0,42
363,-200.0,200,0.0,42
364,-200.0,200,0.0,42
365,-200.0,200,0.0,42
366,-200.0,200,0.0,42
367,-200.0,200,0.0,42
368,-200.0,200,0.0,42
369,-200.0,200,0.0,42
370,-200.0,200,0.0,42
371,-200.0,200,0.0,42
372,-200.0,200,0.0,42
373,-200.0,200,0.0,42
374,-200.0,200,0.0,42
375,-200.0,200,0.0,42
376,-200.0,200,0.0,42
377,-200.0,200,0.0,42
378,-200.0,200,0.0,42
379,-200.0,200,0.0,42
380,-200.0,200,0.0,42
381,-200.0,200,0.0,42
382,-200.0,200,0.0,42
383,-200.0,200,0.0,42
384,-200.0,200,0.0,42
385,-200.0,200,0.0,42
386,-200.0,200,0.0,42
387,-200.0,200,0.0,42
388,-200.0,200,0.0,42
389,-200.0,200,0.0,42
390,-200.0,200,0.0,42
391,-200.0,200,0.0,42
392,-200.0,200,0.0,42
393,-200.0,200,0.0,42
394,-200.0,200,0.0,42
395,-200.0,200,0.0,42
396,-200.0,200,0.0,42
397,-200.0,200,0.0,42
398,-200.0,200,0.0,42
399,-200.0,200,0.0,42
400,-200.0,200,0.0,42
401,-200.0,200,0.0,42
402,-200.0,200,0.0,42
403,-200.0,200,0.0,42
404,-200.0,200,0.0,42
405,-200.0,200,0.0,42
406,-200.0,200,0.0,42
407,-200.0,200,0.0,42
408,-200.0,200,0.0,42
409,-200.0,200,0.0,42
410,-200.0,200,0.0,42
411,-200.0,200,0.0,42
412,-200.0,200,0.0,42
413,-200.0,200,0.0,42
414,-200.0,200,0.0,42
415,-200.0,200,0.0,42
416,-200.0,200,0.0,42
417,-200.0,200,0.0,42
418,-200.0,200,0.0,42
419,-200.0,200,0.0,42
420,-200.0,200,0.0,42
421,-200.0,200,0.0,42
422,-200.0,200,0.0,42
423,-200.0,200,0.0,42
424,-200.0,200,0.0,42
425,-200.0,200,0.0,42
426,-200.0,200,0.0,42
427,-200.0,200,0.0,42
428,-200.0,200,0.0,42
429,-200.0,200,0.0,42
430,-200.0,200,0.0,42
431,-200.0,200,0.0,42
432,-200.0,200,0.0,42
433,-200.0,200,0.0,42
434,-200.0,200,0.0,42
435,-200.0,200,0.0,42
436,-200.0,200,0.0,42
437,-200.0,200,0.0,42
438,-200.0,200,0.0,42
439,-200.0,200,0.0,42
440,-200.0,200,0.0,42
441,-200.0,200,0.0,42
442,-200.0,200,0.0,42
443,-200.0,200,0.0,42
444,-200.0,200,0.0,42
445,-200.0,200,0.0,42
446,-200.0,200,0.0,42
447,-200.0,200,0.0,42
448,-200.0,200,0.0,42
449,-200.0,200,0.0,42
450,-200.0,200,0.0,42
451,-200.0,200,0.0,42
452,-200.0,200,0.0,42
453,-200.0,200,0.0,42
454,-200.0,200,0.0,42
455,-200.0,200,0.0,42
456,-200.0,200,0.0,42
457,-200.0,200,0.0,42
458,-200.0,200,0.0,42
459,-200.0,200,0.0,42
460,-200.0,200,0.0,42
461,-200.0,200,0.0,42
462,-200.0,200,0.0,42
463,-200.0,200,0.0,42
464,-200.0,200,0.0,42
465,-200.0,200,0.0,42
466,-200.0,200,0.0,42
467,-200.0,200,0.0,42
468,-200.0,200,0.0,42
469,-200.0,200,0.0,42
470,-200.0,200,0.0,42
471,-200.0,200,0.0,42
472,-200.0,200,0.0,42
473,-200.0,200,0.0,42
474,-200.0,200,0.0,42
475,-200.0,200,0.0,42
476,-200.0,200,0.0,42
477,-200.0,200,0.0,42
478,-200.0,200,0.0,42
479,-200.0,200,0.0,42
480,-200.0,200,0.0,42
481,-200.0,200,0.0,42
482,-200.0,200,0.0,42
483,-200.0,200,0.0,42
484,-200.0,200,0.0,42
485,-200.0,200,0.0,42
486,-200.0,200,0.0,42
487,-200.0,200,0.0,42
488,-200.0,200,0.0,42
489,-200.0,200,0.0,42
490,-200.0,200,0.0,42
491,-200.0,200,0.0,42
492,-200.0,200,0.0,42
493,-200.0,200,0.0,42
494,-200.0,200,0.0,42
495,-200.0,200,0.0,42
496,-200.0,200,0.0,42
497,-200.0,200,0.0,42
498,-200.0,200,0.0,42
499,-200.0,200,0.0,42
500,-200.0,200,0.0,42
501,-200.0,200,0.0,42
502,-200.0,200,0.0,42
503,-200.0,200,0.0,42
504,-200.0,200,0.0,42
505,-200.0,200,0.0,42
506,-200.0,200,0.0,42
507,-200.0,200,0.0,42
508,-200.0,200,0.0,42
509,-200.0,200,0.0,42
510,-200.0,200,0.0,42
511,-200.0,200,0.0,42
512,-200.0,200,0.0,42
513,-200.0,200,0.0,42
514,-200.0,200,0.0,42
515,-200.0,200,0.0,42
516,-200.0,200,0.0,42
517,-200.0,200,0.0,42
518,-200.0,200,0.0,42
519,-200.0,200,0.0,42
520,-200.0,200,0.0,42
521,-200.0,200,0.0,42
522,-200.0,200,0.0,42
523,-200.0,200,0.0,42
524,-200.0,200,0.0,42
525,-200.0,200,0.0,42
526,-200.0,200,0.0,42
527,-200.0,200,0.0,42
528,-200.0,200,0.0,42
529,-200.0,200,0.0,42
530,-200.0,200,0.0,42
531,-200.0,200,0.0,42
532,-200.0,200,0.0,42
533,-200.0,200,0.0,42
534,-200.0,200,0.0,42
535,-200.0,200,0.0,42
536,-200.0,200,0.0,42
537,-200.0,200,0.0,42
538,-200.0,200,0.0,42
539,-200.0,200,0.0,42
540,-200.0,200,0.0,42
541,-200.0,200,0.0,42
542,-200.0,200,0.0,42
543,-200.0,200,0.0,42
544,-200.0,200,0.0,42
545,-200.0,200,0.0,42
546,-200.0,200,0.0,42
547,-200.0,200,0.0,42
548,-200.0,200,0.0,42
549,-200.0,200,0.0,42
550,-200.0,200,0.0,42
551,-200.0,200,0.0,42
552,-200.0,200,0.0,42
553,-200.0,200,0.0,42
554,-200.0,200,0.0,42
555,-200.0,200,0.0,42
556,-200.0,200,0.0,42
557,-200.0,200,0.0,42
558,-200.0,200,0.0,42
559,-200.0,200,0.0,42
560,-200.0,200,0.0,42
561,-200.0,200,0.0,42
562,-200.0,200,0.0,42
563,-200.0,200,0.0,42
564,-200.0,200,0.0,42
565,-200.0,200,0.0,42
566,-200.0,200,0.0,42
567,-200.0,200,0.0,42
568,-200.0,200,0.0,42
569,-200.0,200,0.0,42
570,-200.0,200,0.0,42
571,-200.0,200,0.0,42
572,-200.0,200,0.0,42
573,-200.0,200,0.0,42
574,-200.0,200,0.0,42
575,-200.0,200,0.0,42
576,-200.0,200,0.0,42
577,-200.0,200,0.0,42
578,-200.0,200,0.0,42
579,-200.0,200,0.0,42
580,-200.0,200,0.0,42
581,-200.0,200,0.0,42
582,-200.0,200,0.0,42
583,-200.0,200,0.0,42
584,-200.0,200,0.0,42
585,-200.0,200,0.0,42
586,-200.0,200,0.0,42
587,-200.0,200,0.0,42
588,-200.0,200,0.0,42
589,-200.0,200,0.0,42
590,-200.0,200,0.0,42
591,-200.0,200,0.0,42
592,-200.0,200,0.0,42
593,-200.0,200,0.0,42
594,-200.0,200,0.0,42
595,-200.0,200,0.0,42
596,-200.0,200,0.0,42
597,-200.0,200,0.0,42
598,-200.0,200,0.0,42
599,-200.0,200,0.0,42
600,-200.0,200,0.0,42
601,-200.0,200,0.0,42
602,-200.0,200,0.0,42
603,-200.0,200,0.0,42
604,-200.0,200,0.0,42
605,-200.0,200,0.0,42
606,-200.0,200,0.0,42
607,-200.0,200,0.0,42
608,-200.0,200,0.0,42
609,-200.0,200,0.0,42
610,-200.0,200,0.0,42
611,-200.0,200,0.0,42
612,-200.0,200,0.0,42
613,-200.0,200,0.0,42
614,-200.0,200,0.0,42
615,-200.0,200,0.0,42
616,-200.0,200,0.0,42
617,-200.0,200,0.0,42
618,-200.0,200,0.0,42
619,-200.0,200,0.0,42
620,-200.0,200,0.0,42
621,-200.0,200,0.0,42
622,-200.0,200,0.0,42
623,-200.0,200,0.0,42
624,-200.0,200,0.0,42
625,-200.0,200,0.0,42
626,-200.0,200,0.0,42
627,-200.0,200,0.0,42
628,-200.0,200,0.0,42
629,-200.0,200,0.0,42
630,-200.0,200,0.0,42
631,-200.0,200,0.0,42
632,-200.0,200,0.0,42
633,-200.0,200,0.0,42
634,-200.0,200,0.0,42
635,-200.0,200,0.0,42
636,-200.0,200,0.0,42
637,-200.0,200,0.0,42
638,-200.0,200,0.0,42
639,-200.0,200,0.0,42
640,-200.0,200,0.0,42
641,-200.0,200,0.0,42
642,-200.0,200,0.0,42
643,-200.0,200,0.0,42
644,-200.0,200,0.0,42
645,-200.0,200,0.0,42
646,-200.0,200,0.0,42
647,-200.0,200,0.0,42
648,-200.0,200,0.0,42
649,-200.0,200,0.0,42
650,-200.0,200,0.0,42
651,-200.0,200,0.0,42
652,-200.0,200,0.0,42
653,-200.0,200,0.0,42
654,-200.0,200,0.0,42
655,-200.0,200,0.0,42
656,-200.0,200,0.0,42
657,-200.0,200,0.0,42
658,-200.0,200,0.0,42
659,-200.0,200,0.0,42
660,-200.0,200,0.0,42
661,-200.0,200,0.0,42
662,-200.0,200,0.0,42
663,-200.0,200,0.0,42
664,-200.0,200,0.0,42
665,-200.0,200,0.0,42
666,-200.0,200,0.0,42
667,-200.0,200,0.0,42
668,-200.0,200,0.0,42
669,-200.0,200,0.0,42
670,-200.0,200,0.0,42
671,-200.0,200,0.0,42
672,-200.0,200,0.0,42
673,-200.0,200,0.0,42
674,-200.0,200,0.0,42
675,-200.0,200,0.0,42
676,-200.0,200,0.0,42
677,-200.0,200,0.0,42
678,-200.0,200,0.0,42
679,-200.0,200,0.0,42
680,-200.0,200,0.0,42
681,-200.0,200,0.0,42
682,-200.0,200,0.0,42
683,-200.0,200,0.0,42
684,-200.0,200,0.0,42
685,-200.0,200,0.0,42
686,-200.0,200,0.0,42
687,-200.0,200,0.0,42
688,-200.0,200,0.0,42
689,-200.0,200,0.0,42
690,-200.0,200,0.0,42
691,-200.0,200,0.0,42
692,-200.0,200,0.0,42
693,-200.0,200,0.0,42
694,-200.0,200,0.0,42
695,-200.0,200,0.0,42
696,-200.0,200,0.0,42
697,-200.0,200,0.0,42
698,-200.0,200,0.0,42
699,-200.0,200,0.0,42
700,-200.0,200,0.0,42
701,-200.0,200,0.0,42
702,-200.0,200,0.0,42
703,-200.0,200,0.0,42
704,-200.0,200,0.0,42
705,-200.0,200,0.0,42
706,-200.0,200,0.0,42
707,-200.0,200,0.0,42
708,-200.0,200,0.0,42
709,-200.0,200,0.0,42
710,-200.0,200,0.0,42
711,-200.0,200,0.0,42
712,-200.0,200,0.0,42
713,-200.0,200,0.0,42
714,-200.0,200,0.0,42
715,-200.0,200,0.0,42
716,-200.0,200,0.0,42
717,-200.0,200,0.0,42
718,-200.0,200,0.0,42
719,-200.0,200,0.0,42
720,-200.0,200,0.0,42
721,-200.0,200,0.0,42
722,-200.0,200,0.0,42
723,-200.0,200,0.0,42
724,-200.0,200,0.0,42
725,-200.0,200,0.0,42
726,-200.0,200,0.0,42
727,-200.0,200,0.0,42
728,-200.0,200,0.0,42
729,-200.0,200,0.0,42
730,-200.0,200,0.0,42
731,-200.0,200,0.0,42
732,-200.0,200,0.0,42
733,-200.0,200,0.0,42
734,-200.0,200,0.0,42
735,-200.0,200,0.0,42
736,-200.0,200,0.0,42
737,-200.0,200,0.0,42
738,-200.0,200,0.0,42
739,-200.0,200,0.0,42
740,-200.0,200,0.0,42
741,-200.0,200,0.0,42
742,-200.0,200,0.0,42
743,-200.0,200,0.0,42
744,-200.0,200,0.0,42
745,-200.0,200,0.0,42
746,-200.0,200,0.0,42
747,-200.0,200,0.0,42
748,-200.0,200,0.0,42
749,-200.0,200,0.0,42
750,-200.0,200,0.0,42
751,-200.0,200,0.0,42
752,-200.0,200,0.0,42
753,-200.0,200,0.0,42
754,-200.0,200,0.0,42
755,-200.0,200,0.0,42
756,-200.0,200,0.0,42
757,-200.0,200,0.0,42
758,-200.0,200,0.0,42
759,-200.0,200,0.0,42
760,-200.0,200,0.0,42
761,-200.0,200,0.0,42
762,-200.0,200,0.0,42
763,-200.0,200,0.0,42
764,-200.0,200,0.0,42
765,-200.0,200,0.0,42
766,-200.0,200,0.0,42
767,-200.0,200,0.0,42
768,-200.0,200,0.0,42
769,-200.0,200,0.0,42
770,-200.0,200,0.0,42
771,-200.0,200,0.0,42
772,-200.0,200,0.0,42
773,-200.0,200,0.0,42
774,-200.0,200,0.0,42
775,-200.0,200,0.0,42
776,-200.0,200,0.0,42
777,-200.0,200,0.0,42
778,-200.0,200,0.0,42
779,-200.0,200,0.0,42
780,-200.0,200,0.0,42
781,-200.0,200,0.0,42
782,-200.0,200,0.0,42
783,-200.0,200,0.0,42
784,-200.0,200,0.0,42
785,-200.0,200,0.0,42
786,-200.0,200,0.0,42
787,-200.0,200,0.0,42
788,-200.0,200,0.0,42
789,-200.0,200,0.0,42
790,-200.0,200,0.0,42
791,-200.0,200,0.0,42
792,-200.0,200,0.0,42
793,-200.0,200,0.0,42
794,-200.0,200,0.0,42
795,-200.0,200,0.0,42
796,-200.0,200,0.0,42
797,-200.0,200,0.0,42
798,-200.0,200,0.0,42
799,-200.0,200,0.0,42
800,-200.0,200,0.0,42
801,-200.0,200,0.0,42
802,-200.0,200,0.0,42
803,-200.0,200,0.0,42
804,-200.0,200,0.0,42
805,-200.0,200,0.0,42
806,-200.0,200,0.0,42
807,-200.0,200,0.0,42
808,-200.0,200,0.0,42
809,-200.0,200,0.0,42
810,-200.0,200,0.0,42
811,-200.0,200,0.0,42
812,-200.0,200,0.0,42
813,-200.0,200,0.0,42
814,-200.0,200,0.0,42
815,-200.0,200,0.0,42
816,-200.0,200,0.0,42
817,-200.0,200,0.0,42
818,-200.0,200,0.0,42
819,-200.0,200,0.0,42
820,-200.0,200,0.0,42
821,-200.0,200,0.0,42
822,-200.0,200,0.0,42
823,-200.0,200,0.0,42
824,-200.0,200,0.0,42
825,-200.0,200,0.0,42
826,-200.0,200,0.0,42
827,-200.0,200,0.0,42
828,-200.0,200,0.0,42
829,-200.0,200,0.0,42
830,-200.0,200,0.0,42
831,-200.0,200,0.0,42
832,-200.0,200,0.0,42
833,-200.0,200,0.0,42
834,-200.0,200,0.0,42
835,-200.0,200,0.0,42
836,-200.0,200,0.0,42
837,-200.0,200,0.0,42
838,-200.0,200,0.0,42
839,-200.0,200,0.0,42
840,-200.0,200,0.0,42
841,-200.0,200,0.0,42
842,-200.0,200,0.0,42
843,-200.0,200,0.0,42
844,-200.0,200,0.0,42
845,-200.0,200,0.0,42
846,-200.0,200,0.0,42
847,-200.0,200,0.0,42
848,-200.0,200,0.0,42
849,-200.0,200,0.0,42
850,-200.0,200,0.0,42
851,-200.0,200,0.0,42
852,-200.0,200,0.0,42
853,-200.0,200,0.0,42
854,-200.0,200,0.0,42
855,-200.0,200,0.0,42
856,-200.0,200,0.0,42
857,-200.0,200,0.0,42
858,-200.0,200,0.0,42
859,-200.0,200,0.0,42
860,-200.0,200,0.0,42
861,-200.0,200,0.0,42
862,-200.0,200,0.0,42
863,-200.0,200,0.0,42
864,-200.0,200,0.0,42
865,-200.0,200,0.0,42
866,-200.0,200,0.0,42
867,-200.0,200,0.0,42
868,-200.0,200,0.0,42
869,-200.0,200,0.0,42
870,-200.0,200,0.0,42
871,-200.0,200,0.0,42
872,-200.0,200,0.0,42
873,-200.0,200,0.0,42
874,-200.0,200,0.0,42
875,-200.0,200,0.0,42
876,-200.0,200,0.0,42
877,-200.0,200,0.0,42
878,-200.0,200,0.0,42
879,-200.0,200,0.0,42
880,-200.0,200,0.0,42
881,-200.0,200,0.0,42
882,-200.0,200,0.0,42
883,-200.0,200,0.0,42
884,-200.0,200,0.0,42
885,-200.0,200,0.0,42
886,-200.0,200,0.0,42
887,-200.0,200,0.0,42
888,-200.0,200,0.0,42
889,-200.0,200,0.0,42
890,-200.0,200,0.0,42
891,-200.0,200,0.0,42
892,-200.0,200,0.0,42
893,-200.0,200,0.0,42
894,-200.0,200,0.0,42
895,-200.0,200,0.0,42
896,-200.0,200,0.0,42
897,-200.0,200,0.0,42
898,-200.0,200,0.0,42
899,-200.0,200,0.0,42
900,-200.0,200,0.0,42
901,-200.0,200,0.0,42
902,-200.0,200,0.0,42
903,-200.0,200,0.0,42
904,-200.0,200,0.0,42
905,-200.0,200,0.0,42
906,-200.0,200,0.0,42
907,-200.0,200,0.0,42
908,-200.0,200,0.0,42
909,-200.0,200,0.0,42
910,-200.0,200,0.0,42
911,-200.0,200,0.0,42
912,-200.0,200,0.0,42
913,-200.0,200,0.0,42
914,-200.0,200,0.0,42
915,-200.0,200,0.0,42
916,-200.0,200,0.0,42
917,-200.0,200,0.0,42
918,-200.0,200,0.0,42
919,-200.0,200,0.0,42
920,-200.0,200,0.0,42
921,-200.0,200,0.0,42
922,-200.0,200,0.0,42
923,-200.0,200,0.0,42
924,-200.0,200,0.0,42
925,-200.0,200,0.0,42
926,-200.0,200,0.0,42
927,-200.0,200,0.0,42
928,-200.0,200,0.0,42
929,-200.0,200,0.0,42
930,-200.0,200,0.0,42
931,-200.0,200,0.0,42
932,-200.0,200,0.0,42
933,-200.0,200,0.0,42
934,-200.0,200,0.0,42
935,-200.0,200,0.0,42
936,-200.0,200,0.0,42
937,-200.0,200,0.0,42
938,-200.0,200,0.0,42
939,-200.0,200,0.0,42
940,-200.0,200,0.0,42
941,-200.0,200,0.0,42
942,-200.0,200,0.0,42
943,-200.0,200,0.0,42
944,-200.0,200,0.0,42
945,-200.0,200,0.0,42
946,-200.0,200,0.0,42
947,-200.0,200,0.0,42
948,-200.0,200,0.0,42
949,-200.0,200,0.0,42
950,-200.0,200,0.0,42
951,-200.0,200,0.0,42
952,-200.0,200,0.0,42
953,-200.0,200,0.0,42
954,-200.0,200,0.0,42
955,-200.0,200,0.0,42
956,-200.0,200,0.0,42
957,-200.0,200,0.0,42
958,-200.0,200,0.0,42
959,-200.0,200,0.0,42
960,-200.0,200,0.0,42
961,-200.0,200,0.0,42
962,-200.0,200,0.0,42
963,-200.0,200,0.0,42
964,-200.0,200,0.0,42
965,-200.0,200,0.0,42
966,-200.0,200,0.0,42
967,-200.0,200,0.0,42
968,-200.0,200,0.0,42
969,-200.0,200,0.0,42
970,-200.0,200,0.0,42
971,-200.0,200,0.0,42
972,-200.0,200,0.0,42
973,-200.0,200,0.0,42
974,-200.0,200,0.0,42
975,-200.0,200,0.0,42
976,-200.0,200,0.0,42
977,-200.0,200,0.0,42
978,-200.0,200,0.0,42
979,-200.0,200,0.0,42
980,-200.0,200,0.0,42
981,-200.0,200,0.0,42
982,-200.0,200,0.0,42
983,-200.0,200,0.0,42
984,-200.0,200,0.0,42
985,-200.0,200,0.0,42
986,-200.0,200,0.0,42
987,-200.0,200,0.0,42
988,-200.0,200,0.0,42
989,-200.0,200,0.0,42
990,-200.0,200,0.0,42
991,-200.0,200,0.0,42
992,-200.0,200,0.0,42
993,-200.0,200,0.0,42
994,-200.0,200,0.0,42
995,-200.0,200,0.0,42
996,-200.0,200,0.0,42
997,-200.0,200,0.0,42
998,-200.0,200,0.0,42
999,-200.0,200,0.0,42
1000,-200.0,200,0.0,42
1001,-200.0,200,0.0,42
1002,-200.0,200,0.0,42
1003,-200.0,200,0.0,42
1004,-200.0,200,0.0,42
1005,-200.0,200,0.0,42
1006,-200.0,200,0.0,42
1007,-200.0,200,0.0,42
1008,-200.0,200,0.0,42
1009,-200.0,200,0.0,42
1010,-200.0,200,0.0,42
1011,-200.0,200,0.0,42
1012,-200.0,200,0.0,42
1013,-200.0,200,0.0,42
1014,-200.0,200,0.0,42
1015,-200.0,200,0.0,42
1016,-200.0,200,0.0,42
1017,-200.0,200,0.0,42
1018,-200.0,200,0.0,42
1019,-200.0,200,0.0,42
1020,-200.0,200,0.0,42
1021,-200.0,200,0.0,42
1022,-200.0,200,0.0,42
1023,-200.0,200,0.0,42
1024,-200.0,200,0.0,42
1025,-200.0,200,0.0,42
1026,-200.0,200,0.0,42
1027,-200.0,200,0.0,42
1028,-200.0,200,0.0,42
1029,-200.0,200,0.0,42
1030,-200.0,200,0.0,42
1031,-200.0,200,0.0,42
1032,-200.0,200,0.0,42
1033,-200.0,200,0.0,42
1034,-200.0,200,0.0,42
1035,-200.0,200,0.0,42
1036,-200.0,200,0.0,42
1037,-200.0,200,0.0,42
1038,-200.0,200,0.0,42
1039,-200.0,200,0.0,42
1040,-200.0,200,0.0,42
1041,-200.0,200,0.0,42
1042,-200.0,200,0.0,42
1043,-200.0,200,0.0,42
1044,-200.0,200,0.0,42
1045,-200.0,200,0.0,42
1046,-200.0,200,0.0,42
1047,-200.0,200,0.0,42
1048,-200.0,200,0.0,42
1049,-200.0,200,0.0,42
1050,-200.0,200,0.0,42
1051,-200.0,200,0.0,42
1052,-200.0,200,0.0,42
1053,-200.0,200,0.0,42
1054,-200.0,200,0.0,42
1055,-200.0,200,0.0,42
1056,-200.0,200,0.0,42
1057,-200.0,200,0.0,42
1058,-200.0,200,0.0,42
1059,-200.0,200,0.0,42
1060,-200.0,200,0.0,42
1061,-200.0,200,0.0,42
1062,-200.0,200,0.0,42
1063,-200.0,200,0.0,42
1064,-200.0,200,0.0,42
1065,-200.0,200,0.0,42
1066,-200.0,200,0.0,42
1067,-200.0,200,0.0,42
1068,-200.0,200,0.0,42
1069,-200.0,200,0.0,42
1070,-200.0,200,0.0,42
1071,-200.0,200,0.0,42
1072,-200.0,200,0.0,42
1073,-200.0,200,0.0,42
1074,-200.0,200,0.0,42
1075,-200.0,200,0.0,42
1076,-200.0,200,0.0,42
1077,-200.0,200,0.0,42
1078,-200.0,200,0.0,42
1079,-200.0,200,0.0,42
1080,-200.0,200,0.0,42
1081,-200.0,200,0.0,42
1082,-200.0,200,0.0,42
1083,-200.0,200,0.0,42
1084,-200.0,200,0.0,42
1085,-200.0,200,0.0,42
1086,-200.0,200,0.0,42
1087,-200.0,200,0.0,42
1088,-200.0,200,0.0,42
1089,-200.0,200,0.0,42
1090,-200.0,200,0.0,42
1091,-200.0,200,0.0,42
1092,-200.0,200,0.0,42
1093,-200.0,200,0.0,42
1094,-200.0,200,0.0,42
1095,-200.0,200,0.0,42
1096,-200.0,200,0.0,42
1097,-200.0,200,0.0,42
1098,-200.0,200,0.0,42
1099,-200.0,200,0.0,42
1100,-200.0,200,0.0,42
1101,-200.0,200,0.0,42
1102,-200.0,200,0.0,42
1103,-200.0,200,0.0,42
1104,-200.0,200,0.0,42
1105,-200.0,200,0.0,42
1106,-200.0,200,0.0,42
1107,-200.0,200,0.0,42
1108,-200.0,200,0.0,42
1109,-200.0,200,0.0,42
1110,-200.0,200,0.0,42
1111,-200.0,200,0.0,42
1112,-200.0,200,0.0,42
1113,-200.0,200,0.0,42
1114,-200.0,200,0.0,42
1115,-200.0,200,0.0,42
1116,-200.0,200,0.0,42
1117,-200.0,200,0.0,42
1118,-200.0,200,0.0,42
1119,-200.0,200,0.0,42
1120,-200.0,200,0.0,42
1121,-200.0,200,0.0,42
1122,-200.0,200,0.0,42
1123,-200.0,200,0.0,42
1124,-200.0,200,0.0,42
1125,-200.0,200,0.0,42
1126,-200.0,200,0.0,42
1127,-200.0,200,0.0,42
1128,-200.0,200,0.0,42
1129,-200.0,200,0.0,42
1130,-200.0,200,0.0,42
1131,-200.0,200,0.0,42
1132,-200.0,200,0.0,42
1133,-200.0,200,0.0,42
1134,-200.0,200,0.0,42
1135,-200.0,200,0.0,42
1136,-200.0,200,0.0,42
1137,-200.0,200,0.0,42
1138,-200.0,200,0.0,42
1139,-200.0,200,0.0,42
1140,-200.0,200,0.0,42
1141,-200.0,200,0.0,42
1142,-200.0,200,0.0,42
1143,-200.0,200,0.0,42
1144,-200.0,200,0.0,42
1145,-200.0,200,0.0,42
1146,-200.0,200,0.0,42
1147,-200.0,200,0.0,42
1148,-200.0,200,0.0,42
1149,-200.0,200,0.0,42
1150,-200.0,200,0.0,42
1151,-200.0,200,0.0,42
1152,-200.0,200,0.0,42
1153,-200.0,200,0.0,42
1154,-200.0,200,0.0,42
1155,-200.0,200,0.0,42
1156,-200.0,200,0.0,42
1157,-200.0,200,0.0,42
1158,-200.0,200,0.0,42
1159,-200.0,200,0.0,42
1160,-200.0,200,0.0,42
1161,-200.0,200,0.0,42
1162,-200.0,200,0.0,42
1163,-200.0,200,0.0,42
1164,-200.0,200,0.0,42
1165,-200.0,200,0.0,42
1166,-200.0,200,0.0,42
1167,-200.0,200,0.0,42
1168,-200.0,200,0.0,42
1169,-200.0,200,0.0,42
1170,-200.0,200,0.0,42
1171,-200.0,200,0.0,42
1172,-200.0,200,0.0,42
1173,-200.0,200,0.0,42
1174,-200.0,200,0.0,42
1175,-200.0,200,0.0,42
1176,-200.0,200,0.0,42
1177,-200.0,200,0.0,42
1178,-200.0,200,0.0,42
1179,-200.0,200,0.0,42
1180,-200.0,200,0.0,42
1181,-200.0,200,0.0,42
1182,-200.0,200,0.0,42
1183,-200.0,200,0.0,42
1184,-200.0,200,0.0,42
1185,-200.0,200,0.0,42
1186,-200.0,200,0.0,42
1187,-200.0,200,0.0,42
1188,-200.0,200,0.0,42
1189,-200.0,200,0.0,42
1190,-200.0,200,0.0,42
1191,-200.0,200,0.0,42
1192,-200.0,200,0.0,42
1193,-200.0,200,0.0,42
1194,-200.0,200,0.0,42
1195,-200.0,200,0.0,42
1196,-200.0,200,0.0,42
1197,-200.0,200,0.0,42
1198,-200.0,200,0.0,42
1199,-200.0,200,0.0,42
1200,-200.0,200,0.0,42
1201,-200.0,200,0.0,42
1202,-200.0,200,0.0,42
1203,-200.0,200,0.0,42
1204,-200.0,200,0.0,42
1205,-200.0,200,0.0,42
1206,-200.0,200,0.0,42
1207,-200.0,200,0.0,42
1208,-200.0,200,0.0,42
1209,-200.0,200,0.0,42
1210,-200.0,200,0.0,42
1211,-200.0,200,0.0,42
1212,-200.0,200,0.0,42
1213,-200.0,200,0.0,42
1214,-200.0,200,0.0,42
1215,-200.0,200,0.0,42
1216,-200.0,200,0.0,42
1217,-200.0,200,0.0,42
1218,-200.0,200,0.0,42
1219,-200.0,200,0.0,42
1220,-200.0,200,0.0,42
1221,-200.0,200,0.0,42
1222,-200.0,200,0.0,42
1223,-200.0,200,0.0,42
1224,-200.0,200,0.0,42
1225,-200.0,200,0.0,42
1226,-200.0,200,0.0,42
1227,-200.0,200,0.0,42
1228,-200.0,200,0.0,42
1229,-200.0,200,0.0,42
1230,-200.0,200,0.0,42
1231,-200.0,200,0.0,42
1232,-200.0,200,0.0,42
1233,-200.0,200,0.0,42
1234,-200.0,200,0.0,42
1235,-200.0,200,0.0,42
1236,-200.0,200,0.0,42
1237,-200.0,200,0.0,42
1238,-200.0,200,0.0,42
1239,-200.0,200,0.0,42
1240,-200.0,200,0.0,42
1241,-200.0,200,0.0,42
1242,-200.0,200,0.0,42
1243,-200.0,200,0.0,42
1244,-200.0,200,0.0,42
1245,-200.0,200,0.0,42
1246,-200.0,200,0.0,42
1247,-200.0,200,0.0,42
1248,-200.0,200,0.0,42
1249,-200.0,200,0.0,42
1250,-200.0,200,0.0,42
1251,-200.0,200,0.0,42
1252,-200.0,200,0.0,42
1253,-200.0,200,0.0,42
1254,-200.0,200,0.0,42
1255,-200.0,200,0.0,42
1256,-200.0,200,0.0,42
1257,-200.0,200,0.0,42
1258,-200.0,200,0.0,42
1259,-200.0,200,0.0,42
1260,-200.0,200,0.0,42
1261,-200.0,200,0.0,42
1262,-200.0,200,0.0,42
1263,-200.0,200,0.0,42
1264,-200.0,200,0.0,42
1265,-200.0,200,0.0,42
1266,-200.0,200,0.0,42
1267,-200.0,200,0.0,42
1268,-200.0,200,0.0,42
1269,-200.0,200,0.0,42
1270,-200.0,200,0.0,42
1271,-200.0,200,0.0,42
1272,-200.0,200,0.0,42
1273,-200.0,200,0.0,42
1274,-200.0,200,0.0,42
1275,-200.0,200,0.0,42
1276,-200.0,200,0.0,42
1277,-200.0,200,0.0,42
1278,-200.0,200,0.0,42
1279,-200.0,200,0.0,42
1280,-200.0,200,0.0,42
1281,-200.0,200,0.0,42
1282,-200.0,200,0.0,42
1283,-200.0,200,0.0,42
1284,-200.0,200,0.0,42
1285,-200.0,200,0.0,42
1286,-200.0,200,0.0,42
1287,-200.0,200,0.0,42
1288,-200.0,200,0.0,42
1289,-200.0,200,0.0,42
1290,-200.0,200,0.0,42
1291,-200.0,200,0.0,42
1292,-200.0,200,0.0,42
1293,-200.0,200,0.0,42
1294,-200.0,200,0.0,42
1295,-200.0,200,0.0,42
1296,-200.0,200,0.0,42
1297,-200.0,200,0.0,42
1298,-200.0,200,0.0,42
1299,-200.0,200,0.0,42
1300,-200.0,200,0.0,42
1301,-200.0,200,0.0,42
1302,-200.0,200,0.0,42
1303,-200.0,200,0.0,42
1304,-200.0,200,0.0,42
1305,-200.0,200,0.0,42
1306,-200.0,200,0.0,42
1307,-200.0,200,0.0,42
1308,-200.0,200,0.0,42
1309,-200.0,200,0.0,42
1310,-200.0,200,0.0,42
1311,-200.0,200,0.0,42
1312,-200.0,200,0.0,42
1313,-200.0,200,0.0,42
1314,-200.0,200,0.0,42
1315,-200.0,200,0.0,42
1316,-200.0,200,0.0,42
1317,-200.0,200,0.0,42
1318,-200.0,200,0.0,42
1319,-200.0,200,0.0,42
1320,-200.0,200,0.0,42
1321,-200.0,200,0.0,42
1322,-200.0,200,0.0,42
1323,-200.0,200,0.0,42
1324,-200.0,200,0.0,42
1325,-200.0,200,0.0,42
1326,-200.0,200,0.0,42
1327,-200.0,200,0.0,42
1328,-200.0,200,0.0,42
1329,-200.0,200,0.0,42
1330,-200.0,200,0.0,42
1331,-200.0,200,0.0,42
1332,-200.0,200,0.0,42
1333,-200.0,200,0.0,42
1334,-200.0,200,0.0,42
1335,-200.0,200,0.0,42
1336,-200.0,200,0.0,42
1337,-200.0,200,0.0,42
1338,-200.0,200,0.0,42
1339,-200.0,200,0.0,42
1340,-200.0,200,0.0,42
1341,-200.0,200,0.0,42
1342,-200.0,200,0.0,42
1343,-200.0,200,0.0,42
1344,-200.0,200,0.0,42
1345,-200.0,200,0.0,42
1346,-200.0,200,0.0,42
1347,-200.0,200,0.0,42
1348,-200.0,200,0.0,42
1349,-200.0,200,0.0,42
1350,-200.0,200,0.0,42
1351,-200.0,200,0.0,42
1352,-200.0,200,0.0,42
1353,-200.0,200,0.0,42
1354,-200.0,200,0.0,42
1355,-200.0,200,0.0,42
1356,-200.0,200,0.0,42
1357,-200.0,200,0.0,42
1358,-200.0,200,0.0,42
1359,-200.0,200,0.0,42
1360,-200.0,200,0.0,42
1361,-200.0,200,0.0,42
1362,-200.0,200,0.0,42
1363,-200.0,200,0.0,42
1364,-200.0,200,0.0,42
1365,-200.0,200,0.0,42
1366,-200.0,200,0.0,42
1367,-200.0,200,0.0,42
1368,-200.0,200,0.0,42
1369,-200.0,200,0.0,42
1370,-200.0,200,0.0,42
1371,-200.0,200,0.0,42
1372,-200.0,200,0.0,42
1373,-200.0,200,0.0,42
1374,-200.0,200,0.0,42
1375,-200.0,200,0.0,42
1376,-200.0,200,0.0,42
1377,-200.0,200,0.0,42
1378,-200.0,200,0.0,42
1379,-200.0,200,0.0,42
1380,-200.0,200,0.0,42
1381,-200.0,200,0.0,42
1382,-200.0,200,0.0,42
1383,-200.0,200,0.0,42
1384,-200.0,200,0.0,42
1385,-200.0,200,0.0,42
1386,-200.0,200,0.0,42
1387,-200.0,200,0.0,42
1388,-200.0,200,0.0,42
1389,-200.0,200,0.0,42
1390,-200.0,200,0.0,42
1391,-200.0,200,0.0,42
1392,-200.0,200,0.0,42
1393,-200.0,200,0.0,42
1394,-200.0,200,0.0,42
1395,-200.0,200,0.0,42
1396,-200.0,200,0.0,42
1397,-200.0,200,0.0,42
1398,-200.0,200,0.0,42
1399,-200.0,200,0.0,42
1400,-200.0,200,0.0,42
1401,-200.0,200,0.0,42
1402,-200.0,200,0.0,42
1403,-200.0,200,0.0,42
1404,-200.0,200,0.0,42
1405,-200.0,200,0.0,42
1406,-200.0,200,0.0,42
1407,-200.0,200,0.0,42
1408,-200.0,200,0.0,42
1409,-200.0,200,0.0,42
1410,-200.0,200,0.0,42
1411,-200.0,200,0.0,42
1412,-200.0,200,0.0,42
1413,-200.0,200,0.0,42
1414,-200.0,200,0.0,42
1415,-200.0,200,0.0,42
1416,-200.0,200,0.0,42
1417,-200.0,200,0.0,42
1418,-200.0,200,0.0,42
1419,-200.0,200,0.0,42
1420,-200.0,200,0.0,42
1421,-200.0,200,0.0,42
1422,-200.0,200,0.0,42
1423,-200.0,200,0.0,42
1424,-200.0,200,0.0,42
1425,-200.0,200,0.0,42
1426,-200.0,200,0.0,42
1427,-200.0,200,0.0,42
1428,-200.0,200,0.0,42
1429,-200.0,200,0.0,42
1430,-200.0,200,0.0,42
1431,-200.0,200,0.0,42
1432,-200.0,200,0.0,42
1433,-200.0,200,0.0,42
1434,-200.0,200,0.0,42
1435,-200.0,200,0.0,42
1436,-200.0,200,0.0,42
1437,-200.0,200,0.0,42
1438,-200.0,200,0.0,42
1439,-200.0,200,0.0,42
1440,-200.0,200,0.0,42
1441,-200.0,200,0.0,42
1442,-200.0,200,0.0,42
1443,-200.0,200,0.0,42
1444,-200.0,200,0.0,42
1445,-200.0,200,0.0,42
1446,-200.0,200,0.0,42
1447,-200.0,200,0.0,42
1448,-200.0,200,0.0,42
1449,-200.0,200,0.0,42
1450,-200.0,200,0.0,42
1451,-200.0,200,0.0,42
1452,-200.0,200,0.0,42
1453,-200.0,200,0.0,42
1454,-200.0,200,0.0,42
1455,-200.0,200,0.0,42
1456,-200.0,200,0.0,42
1457,-200.0,200,0.0,42
1458,-200.0,200,0.0,42
1459,-200.0,200,0.0,42
1460,-200.0,200,0.0,42
1461,-200.0,200,0.0,42
1462,-200.0,200,0.0,42
1463,-200.0,200,0.0,42
1464,-200.0,200,0.0,42
1465,-200.0,200,0.0,42
1466,-200.0,200,0.0,42
1467,-200.0,200,0.0,42
1468,-200.0,200,0.0,42
1469,-200.0,200,0.0,42
1470,-200.0,200,0.0,42
1471,-200.0,200,0.0,42
1472,-200.0,200,0.0,42
1473,-200.0,200,0.0,42
1474,-200.0,200,0.0,42
1475,-200.0,200,0.0,42
1476,-200.0,200,0.0,42
1477,-200.0,200,0.0,42
1478,-200.0,200,0.0,42
1479,-200.0,200,0.0,42
1480,-200.0,200,0.0,42
1481,-200.0,200,0.0,42
1482,-200.0,200,0.0,42
1483,-200.0,200,0.0,42
1484,-200.0,200,0.0,42
1485,-200.0,200,0.0,42
1486,-200.0,200,0.0,42
1487,-200.0,200,0.0,42
1488,-200.0,200,0.0,42
1489,-200.0,200,0.0,42
1490,-200.0,200,0.0,42
1491,-200.0,200,0.0,42
1492,-200.0,200,0.0,42
1493,-200.0,200,0.0,42
1494,-200.0,200,0.0,42
1495,-200.0,200,0.0,42
1496,-200.0,200,0.0,42
1497,-200.0,200,0.0,42
1498,-200.0,200,0.0,42
1499,-200.0,200,0.0,42
1500,-200.0,200,0.0,42
1501,-200.0,200,0.0,42
1502,-200.0,200,0.0,42
1503,-200.0,200,0.0,42
1504,-200.0,200,0.0,42
1505,-200.0,200,0.0,42
1506,-200.0,200,0.0,42
1507,-200.0,200,0.0,42
1508,-171.0,171,1.0,42
1509,-200.0,200,0.0,42
1510,-200.0,200,0.0,42
1511,-200.0,200,0.0,42
1512,-200.0,200,0.0,42
1513,-200.0,200,0.0,42
1514,-200.0,200,0.0,42
1515,-200.0,200,0.0,42
1516,-200.0,200,0.0,42
1517,-200.0,200,0.0,42
1518,-200.0,200,0.0,42
1519,-200.0,200,0.0,42
1520,-200.0,200,0.0,42
1521,-200.0,200,0.0,42
1522,-200.0,200,0.0,42
1523,-200.0,200,0.0,42
1524,-200.0,200,0.0,42
1525,-200.0,200,0.0,42
1526,-200.0,200,0.0,42
1527,-200.0,200,0.0,42
1528,-200.0,200,0.0,42
1529,-200.0,200,0.0,42
1530,-200.0,200,0.0,42
1531,-200.0,200,0.0,42
1532,-200.0,200,0.0,42
1533,-200.0,200,0.0,42
1534,-200.0,200,0.0,42
1535,-200.0,200,0.0,42
1536,-200.0,200,0.0,42
1537,-200.0,200,0.0,42
1538,-200.0,200,0.0,42
1539,-200.0,200,0.0,42
1540,-200.0,200,0.0,42
1541,-200.0,200,0.0,42
1542,-200.0,200,0.0,42
1543,-200.0,200,0.0,42
1544,-200.0,200,0.0,42
1545,-200.0,200,0.0,42
1546,-200.0,200,0.0,42
1547,-200.0,200,0.0,42
1548,-200.0,200,0.0,42
1549,-200.0,200,0.0,42
1550,-200.0,200,0.0,42
1551,-200.0,200,0.0,42
1552,-200.0,200,0.0,42
1553,-200.0,200,0.0,42
1554,-200.0,200,0.0,42
1555,-200.0,200,0.0,42
1556,-200.0,200,0.0,42
1557,-200.0,200,0.0,42
1558,-200.0,200,0.0,42
1559,-200.0,200,0.0,42
1560,-200.0,200,0.0,42
1561,-200.0,200,0.0,42
1562,-200.0,200,0.0,42
1563,-200.0,200,0.0,42
1564,-200.0,200,0.0,42
1565,-200.0,200,0.0,42
1566,-200.0,200,0.0,42
1567,-200.0,200,0.0,42
1568,-200.0,200,0.0,42
1569,-200.0,200,0.0,42
1570,-200.0,200,0.0,42
1571,-200.0,200,0.0,42
1572,-200.0,200,0.0,42
1573,-200.0,200,0.0,42
1574,-200.0,200,0.0,42
1575,-200.0,200,0.0,42
1576,-200.0,200,0.0,42
1577,-200.0,200,0.0,42
1578,-200.0,200,0.0,42
1579,-200.0,200,0.0,42
1580,-200.0,200,0.0,42
1581,-200.0,200,0.0,42
1582,-200.0,200,0.0,42
1583,-200.0,200,0.0,42
1584,-200.0,200,0.0,42
1585,-200.0,200,0.0,42
1586,-200.0,200,0.0,42
1587,-200.0,200,0.0,42
1588,-200.0,200,0.0,42
1589,-200.0,200,0.0,42
1590,-200.0,200,0.0,42
1591,-200.0,200,0.0,42
1592,-200.0,200,0.0,42
1593,-200.0,200,0.0,42
1594,-200.0,200,0.0,42
1595,-200.0,200,0.0,42
1596,-200.0,200,0.0,42
1597,-200.0,200,0.0,42
1598,-200.0,200,0.0,42
1599,-200.0,200,0.0,42
1600,-200.0,200,0.0,42
1601,-200.0,200,0.0,42
1602,-200.0,200,0.0,42
1603,-200.0,200,0.0,42
1604,-200.0,200,0.0,42
1605,-200.0,200,0.0,42
1606,-200.0,200,0.0,42
1607,-200.0,200,0.0,42
1608,-200.0,200,0.0,42
1609,-200.0,200,0.0,42
1610,-200.0,200,0.0,42
1611,-200.0,200,0.0,42
1612,-200.0,200,0.0,42
1613,-200.0,200,0.0,42
1614,-200.0,200,0.0,42
1615,-200.0,200,0.0,42
1616,-200.0,200,0.0,42
1617,-200.0,200,0.0,42
1618,-200.0,200,0.0,42
1619,-200.0,200,0.0,42
1620,-200.0,200,0.0,42
1621,-200.0,200,0.0,42
1622,-200.0,200,0.0,42
1623,-200.0,200,0.0,42
1624,-200.0,200,0.0,42
1625,-200.0,200,0.0,42
1626,-200.0,200,0.0,42
1627,-200.0,200,0.0,42
1628,-200.0,200,0.0,42
1629,-200.0,200,0.0,42
1630,-200.0,200,0.0,42
1631,-200.0,200,0.0,42
1632,-200.0,200,0.0,42
1633,-200.0,200,0.0,42
1634,-200.0,200,0.0,42
1635,-200.0,200,0.0,42
1636,-200.0,200,0.0,42
1637,-200.0,200,0.0,42
1638,-200.0,200,0.0,42
1639,-200.0,200,0.0,42
1640,-200.0,200,0.0,42
1641,-200.0,200,0.0,42
1642,-200.0,200,0.0,42
1643,-200.0,200,0.0,42
1644,-200.0,200,0.0,42
1645,-200.0,200,0.0,42
1646,-200.0,200,0.0,42
1647,-200.0,200,0.0,42
1648,-200.0,200,0.0,42
1649,-200.0,200,0.0,42
1650,-200.0,200,0.0,42
1651,-200.0,200,0.0,42
1652,-200.0,200,0.0,42
1653,-200.0,200,0.0,42
1654,-200.0,200,0.0,42
1655,-200.0,200,0.0,42
1656,-200.0,200,0.0,42
1657,-200.0,200,0.0,42
1658,-200.0,200,0.0,42
1659,-200.0,200,0.0,42
1660,-200.0,200,0.0,42
1661,-200.0,200,0.0,42
1662,-200.0,200,0.0,42
1663,-200.0,200,0.0,42
1664,-200.0,200,0.0,42
1665,-200.0,200,0.0,42
1666,-200.0,200,0.0,42
1667,-200.0,200,0.0,42
1668,-200.0,200,0.0,42
1669,-200.0,200,0.0,42
1670,-200.0,200,0.0,42
1671,-200.0,200,0.0,42
1672,-200.0,200,0.0,42
1673,-200.0,200,0.0,42
1674,-200.0,200,0.0,42
1675,-200.0,200,0.0,42
1676,-200.0,200,0.0,42
1677,-200.0,200,0.0,42
1678,-200.0,200,0.0,42
1679,-200.0,200,0.0,42
1680,-200.0,200,0.0,42
1681,-200.0,200,0.0,42
1682,-200.0,200,0.0,42
1683,-200.0,200,0.0,42
1684,-200.0,200,0.0,42
1685,-200.0,200,0.0,42
1686,-200.0,200,0.0,42
1687,-200.0,200,0.0,42
1688,-200.0,200,0.0,42
1689,-200.0,200,0.0,42
1690,-200.0,200,0.0,42
1691,-200.0,200,0.0,42
1692,-200.0,200,0.0,42
1693,-200.0,200,0.0,42
1694,-200.0,200,0.0,42
1695,-200.0,200,0.0,42
1696,-200.0,200,0.0,42
1697,-200.0,200,0.0,42
1698,-200.0,200,0.0,42
1699,-200.0,200,0.0,42
1700,-200.0,200,0.0,42
1701,-200.0,200,0.0,42
1702,-200.0,200,0.0,42
1703,-200.0,200,0.0,42
1704,-183.0,183,1.0,42
1705,-200.0,200,0.0,42
1706,-200.0,200,0.0,42
1707,-200.0,200,0.0,42
1708,-200.0,200,0.0,42
1709,-200.0,200,0.0,42
1710,-200.0,200,0.0,42
1711,-200.0,200,0.0,42
1712,-200.0,200,0.0,42
1713,-200.0,200,0.0,42
1714,-200.0,200,0.0,42
1715,-200.0,200,0.0,42
1716,-200.0,200,0.0,42
1717,-200.0,200,0.0,42
1718,-200.0,200,0.0,42
1719,-200.0,200,0.0,42
1720,-200.0,200,0.0,42
1721,-200.0,200,0.0,42
1722,-200.0,200,0.0,42
1723,-200.0,200,0.0,42
1724,-200.0,200,0.0,42
1725,-200.0,200,0.0,42
1726,-200.0,200,0.0,42
1727,-200.0,200,0.0,42
1728,-200.0,200,0.0,42
1729,-200.0,200,0.0,42
1730,-200.0,200,0.0,42
1731,-200.0,200,0.0,42
1732,-200.0,200,0.0,42
1733,-200.0,200,0.0,42
1734,-200.0,200,0.0,42
1735,-200.0,200,0.0,42
1736,-200.0,200,0.0,42
1737,-200.0,200,0.0,42
1738,-200.0,200,0.0,42
1739,-200.0,200,0.0,42
1740,-200.0,200,0.0,42
1741,-200.0,200,0.0,42
1742,-200.0,200,0.0,42
1743,-200.0,200,0.0,42
1744,-200.0,200,0.0,42
1745,-200.0,200,0.0,42
1746,-200.0,200,0.0,42
1747,-200.0,200,0.0,42
1748,-200.0,200,0.0,42
1749,-200.0,200,0.0,42
1750,-200.0,200,0.0,42
1751,-200.0,200,0.0,42
1752,-200.0,200,0.0,42
1753,-200.0,200,0.0,42
1754,-200.0,200,0.0,42
1755,-200.0,200,0.0,42
1756,-200.0,200,0.0,42
1757,-200.0,200,0.0,42
1758,-200.0,200,0.0,42
1759,-200.0,200,0.0,42
1760,-200.0,200,0.0,42
1761,-200.0,200,0.0,42
1762,-200.0,200,0.0,42
1763,-200.0,200,0.0,42
1764,-200.0,200,0.0,42
1765,-200.0,200,0.0,42
1766,-200.0,200,0.0,42
1767,-200.0,200,0.0,42
1768,-200.0,200,0.0,42
1769,-200.0,200,0.0,42
1770,-200.0,200,0.0,42
1771,-200.0,200,0.0,42
1772,-198.0,198,1.0,42
1773,-200.0,200,0.0,42
1774,-200.0,200,0.0,42
1775,-200.0,200,0.0,42
1776,-200.0,200,0.0,42
1777,-200.0,200,0.0,42
1778,-200.0,200,0.0,42
1779,-200.0,200,0.0,42
1780,-200.0,200,0.0,42
1781,-200.0,200,0.0,42
1782,-200.0,200,0.0,42
1783,-200.0,200,0.0,42
1784,-200.0,200,0.0,42
1785,-200.0,200,0.0,42
1786,-200.0,200,0.0,42
1787,-200.0,200,0.0,42
1788,-200.0,200,0.0,42
1789,-200.0,200,0.0,42
1790,-200.0,200,0.0,42
1791,-200.0,200,0.0,42
1792,-200.0,200,0.0,42
1793,-200.0,200,0.0,42
1794,-200.0,200,0.0,42
1795,-200.0,200,0.0,42
1796,-200.0,200,0.0,42
1797,-200.0,200,0.0,42
1798,-200.0,200,0.0,42
1799,-200.0,200,0.0,42
1800,-200.0,200,0.0,42
1801,-200.0,200,0.0,42
1802,-200.0,200,0.0,42
1803,-200.0,200,0.0,42
1804,-200.0,200,0.0,42
1805,-200.0,200,0.0,42
1806,-200.0,200,0.0,42
1807,-200.0,200,0.0,42
1808,-200.0,200,0.0,42
1809,-200.0,200,0.0,42
1810,-193.0,193,1.0,42
1811,-200.0,200,0.0,42
1812,-200.0,200,0.0,42
1813,-200.0,200,0.0,42
1814,-200.0,200,0.0,42
1815,-200.0,200,0.0,42
1816,-200.0,200,0.0,42
1817,-200.0,200,0.0,42
1818,-200.0,200,0.0,42
1819,-200.0,200,0.0,42
1820,-200.0,200,0.0,42
1821,-200.0,200,0.0,42
1822,-200.0,200,0.0,42
1823,-200.0,200,0.0,42
1824,-200.0,200,0.0,42
1825,-200.0,200,0.0,42
1826,-200.0,200,0.0,42
1827,-200.0,200,0.0,42
1828,-200.0,200,0.0,42
1829,-200.0,200,0.0,42
1830,-200.0,200,0.0,42
1831,-200.0,200,0.0,42
1832,-200.0,200,0.0,42
1833,-200.0,200,0.0,42
1834,-200.0,200,0.0,42
1835,-200.0,200,0.0,42
1836,-200.0,200,0.0,42
1837,-200.0,200,0.0,42
1838,-200.0,200,0.0,42
1839,-200.0,200,0.0,42
1840,-200.0,200,0.0,42
1841,-200.0,200,0.0,42
1842,-200.0,200,0.0,42
1843,-200.0,200,0.0,42
1844,-200.0,200,0.0,42
1845,-200.0,200,0.0,42
1846,-200.0,200,0.0,42
1847,-200.0,200,0.0,42
1848,-200.0,200,0.0,42
1849,-200.0,200,0.0,42
1850,-200.0,200,0.0,42
1851,-200.0,200,0.0,42
1852,-200.0,200,0.0,42
1853,-200.0,200,0.0,42
1854,-200.0,200,0.0,42
1855,-200.0,200,0.0,42
1856,-200.0,200,0.0,42
1857,-200.0,200,0.0,42
1858,-200.0,200,0.0,42
1859,-200.0,200,0.0,42
1860,-200.0,200,0.0,42
1861,-200.0,200,0.0,42
1862,-200.0,200,0.0,42
1863,-200.0,200,0.0,42
1864,-200.0,200,0.0,42
1865,-200.0,200,0.0,42
1866,-200.0,200,0.0,42
1867,-200.0,200,0.0,42
1868,-200.0,200,0.0,42
1869,-200.0,200,0.0,42
1870,-200.0,200,0.0,42
1871,-200.0,200,0.0,42
1872,-200.0,200,0.0,42
1873,-200.0,200,0.0,42
1874,-200.0,200,0.0,42
1875,-200.0,200,0.0,42
1876,-200.0,200,0.0,42
1877,-200.0,200,0.0,42
1878,-200.0,200,0.0,42
1879,-200.0,200,0.0,42
1880,-200.0,200,0.0,42
1881,-200.0,200,0.0,42
1882,-200.0,200,0.0,42
1883,-200.0,200,0.0,42
1884,-200.0,200,0.0,42
1885,-200.0,200,0.0,42
1886,-200.0,200,0.0,42
1887,-200.0,200,0.0,42
1888,-200.0,200,0.0,42
1889,-200.0,200,0.0,42
1890,-200.0,200,0.0,42
1891,-200.0,200,0.0,42
1892,-200.0,200,0.0,42
1893,-200.0,200,0.0,42
1894,-200.0,200,0.0,42
1895,-200.0,200,0.0,42
1896,-200.0,200,0.0,42
1897,-200.0,200,0.0,42
1898,-200.0,200,0.0,42
1899,-200.0,200,0.0,42
1900,-200.0,200,0.0,42
1901,-200.0,200,0.0,42
1902,-200.0,200,0.0,42
1903,-200.0,200,0.0,42
1904,-200.0,200,0.0,42
1905,-200.0,200,0.0,42
1906,-200.0,200,0.0,42
1907,-200.0,200,0.0,42
1908,-200.0,200,0.0,42
1909,-200.0,200,0.0,42
1910,-200.0,200,0.0,42
1911,-200.0,200,0.0,42
1912,-200.0,200,0.0,42
1913,-200.0,200,0.0,42
1914,-200.0,200,0.0,42
1915,-200.0,200,0.0,42
1916,-200.0,200,0.0,42
1917,-200.0,200,0.0,42
1918,-200.0,200,0.0,42
1919,-200.0,200,0.0,42
1920,-200.0,200,0.0,42
1921,-200.0,200,0.0,42
1922,-200.0,200,0.0,42
1923,-200.0,200,0.0,42
1924,-200.0,200,0.0,42
1925,-200.0,200,0.0,42
1926,-200.0,200,0.0,42
1927,-200.0,200,0.0,42
1928,-200.0,200,0.0,42
1929,-200.0,200,0.0,42
1930,-200.0,200,0.0,42
1931,-200.0,200,0.0,42
1932,-200.0,200,0.0,42
1933,-200.0,200,0.0,42
1934,-200.0,200,0.0,42
1935,-200.0,200,0.0,42
1936,-200.0,200,0.0,42
1937,-200.0,200,0.0,42
1938,-200.0,200,0.0,42
1939,-200.0,200,0.0,42
1940,-200.0,200,0.0,42
1941,-200.0,200,0.0,42
1942,-200.0,200,0.0,42
1943,-200.0,200,0.0,42
1944,-200.0,200,0.0,42
1945,-168.0,168,1.0,42
1946,-200.0,200,0.0,42
1947,-200.0,200,0.0,42
1948,-200.0,200,0.0,42
1949,-200.0,200,0.0,42
1950,-200.0,200,0.0,42
1951,-200.0,200,0.0,42
1952,-200.0,200,0.0,42
1953,-200.0,200,0.0,42
1954,-200.0,200,0.0,42
1955,-200.0,200,0.0,42
1956,-200.0,200,0.0,42
1957,-200.0,200,0.0,42
1958,-200.0,200,0.0,42
1959,-200.0,200,0.0,42
1960,-200.0,200,0.0,42
1961,-200.0,200,0.0,42
1962,-200.0,200,0.0,42
1963,-200.0,200,0.0,42
1964,-200.0,200,0.0,42
1965,-200.0,200,0.0,42
1966,-200.0,200,0.0,42
1967,-200.0,200,0.0,42
1968,-200.0,200,0.0,42
1969,-200.0,200,0.0,42
1970,-200.0,200,0.0,42
1971,-200.0,200,0.0,42
1972,-200.0,200,0.0,42
1973,-200.0,200,0.0,42
1974,-200.0,200,0.0,42
1975,-200.0,200,0.0,42
1976,-200.0,200,0.0,42
1977,-200.0,200,0.0,42
1978,-200.0,200,0.0,42
1979,-200.0,200,0.0,42
1980,-200.0,200,0.0,42
1981,-200.0,200,0.0,42
1982,-200.0,200,0.0,42
1983,-200.0,200,0.0,42
1984,-200.0,200,0.0,42
1985,-200.0,200,0.0,42
1986,-200.0,200,0.0,42
1987,-200.0,200,0.0,42
1988,-200.0,200,0.0,42
1989,-200.0,200,0.0,42
1990,-200.0,200,0.0,42
1991,-200.0,200,0.0,42
1992,-200.0,200,0.0,42
1993,-200.0,200,0.0,42
1994,-200.0,200,0.0,42
1995,-200.0,200,0.0,42
1996,-200.0,200,0.0,42
1997,-200.0,200,0.0,42
1998,-200.0,200,0.0,42
1999,-200.0,200,0.0,42
2000,-200.0,200,0.0,42
2001,-200.0,200,0.0,42
2002,-200.0,200,0.0,42
2003,-200.0,200,0.0,42
2004,-200.0,200,0.0,42
2005,-200.0,200,0.0,42
2006,-200.0,200,0.0,42
2007,-200.0,200,0.0,42
2008,-200.0,200,0.0,42
2009,-200.0,200,0.0,42
2010,-173.0,173,1.0,42
2011,-200.0,200,0.0,42
2012,-200.0,200,0.0,42
2013,-200.0,200,0.0,42
2014,-200.0,200,0.0,42
2015,-200.0,200,0.0,42
2016,-200.0,200,0.0,42
2017,-200.0,200,0.0,42
2018,-200.0,200,0.0,42
2019,-200.0,200,0.0,42
2020,-200.0,200,0.0,42
2021,-200.0,200,0.0,42
2022,-200.0,200,0.0,42
2023,-190.0,190,1.0,42
2024,-200.0,200,0.0,42
2025,-200.0,200,0.0,42
2026,-200.0,200,0.0,42
2027,-200.0,200,0.0,42
2028,-200.0,200,0.0,42
2029,-200.0,200,0.0,42
2030,-200.0,200,0.0,42
2031,-200.0,200,0.0,42
2032,-200.0,200,0.0,42
2033,-200.0,200,0.0,42
2034,-200.0,200,0.0,42
2035,-200.0,200,0.0,42
2036,-200.0,200,0.0,42
2037,-200.0,200,0.0,42
2038,-200.0,200,0.0,42
2039,-200.0,200,0.0,42
2040,-200.0,200,0.0,42
2041,-200.0,200,0.0,42
2042,-200.0,200,0.0,42
2043,-200.0,200,0.0,42
2044,-200.0,200,0.0,42
2045,-200.0,200,0.0,42
2046,-200.0,200,0.0,42
2047,-200.0,200,0.0,42
2048,-200.0,200,0.0,42
2049,-200.0,200,0.0,42
2050,-200.0,200,0.0,42
2051,-200.0,200,0.0,42
2052,-200.0,200,0.0,42
2053,-200.0,200,0.0,42
2054,-200.0,200,0.0,42
2055,-200.0,200,0.0,42
2056,-200.0,200,0.0,42
2057,-200.0,200,0.0,42
2058,-200.0,200,0.0,42
2059,-200.0,200,0.0,42
2060,-200.0,200,0.0,42
2061,-200.0,200,0.0,42
2062,-200.0,200,0.0,42
2063,-200.0,200,0.0,42
2064,-200.0,200,0.0,42
2065,-200.0,200,0.0,42
2066,-200.0,200,0.0,42
2067,-200.0,200,0.0,42
2068,-200.0,200,0.0,42
2069,-200.0,200,0.0,42
2070,-200.0,200,0.0,42
2071,-200.0,200,0.0,42
2072,-200.0,200,0.0,42
2073,-200.0,200,0.0,42
2074,-200.0,200,0.0,42
2075,-200.0,200,0.0,42
2076,-200.0,200,0.0,42
2077,-200.0,200,0.0,42
2078,-200.0,200,0.0,42
2079,-200.0,200,0.0,42
2080,-200.0,200,0.0,42
2081,-200.0,200,0.0,42
2082,-200.0,200,0.0,42
2083,-200.0,200,0.0,42
2084,-200.0,200,0.0,42
2085,-200.0,200,0.0,42
2086,-200.0,200,0.0,42
2087,-200.0,200,0.0,42
2088,-200.0,200,0.0,42
2089,-200.0,200,0.0,42
2090,-200.0,200,0.0,42
2091,-200.0,200,0.0,42
2092,-200.0,200,0.0,42
2093,-200.0,200,0.0,42
2094,-200.0,200,0.0,42
2095,-200.0,200,0.0,42
2096,-200.0,200,0.0,42
2097,-200.0,200,0.0,42
2098,-200.0,200,0.0,42
2099,-200.0,200,0.0,42
2100,-200.0,200,0.0,42
2101,-200.0,200,0.0,42
2102,-200.0,200,0.0,42
2103,-200.0,200,0.0,42
2104,-200.0,200,0.0,42
2105,-200.0,200,0.0,42
2106,-200.0,200,0.0,42
2107,-200.0,200,0.0,42
2108,-200.0,200,0.0,42
2109,-200.0,200,0.0,42
2110,-200.0,200,0.0,42
2111,-200.0,200,0.0,42
2112,-200.0,200,0.0,42
2113,-200.0,200,0.0,42
2114,-200.0,200,0.0,42
2115,-200.0,200,0.0,42
2116,-200.0,200,0.0,42
2117,-200.0,200,0.0,42
2118,-200.0,200,0.0,42
2119,-200.0,200,0.0,42
2120,-200.0,200,0.0,42
2121,-200.0,200,0.0,42
2122,-200.0,200,0.0,42
2123,-200.0,200,0.0,42
2124,-200.0,200,0.0,42
2125,-200.0,200,0.0,42
2126,-200.0,200,0.0,42
2127,-200.0,200,0.0,42
2128,-200.0,200,0.0,42
2129,-160.0,160,1.0,42
2130,-200.0,200,0.0,42
2131,-200.0,200,0.0,42
2132,-200.0,200,0.0,42
2133,-200.0,200,0.0,42
2134,-200.0,200,0.0,42
2135,-200.0,200,0.0,42
2136,-200.0,200,0.0,42
2137,-200.0,200,0.0,42
2138,-200.0,200,0.0,42
2139,-200.0,200,0.0,42
2140,-200.0,200,0.0,42
2141,-200.0,200,0.0,42
2142,-200.0,200,0.0,42
2143,-200.0,200,0.0,42
2144,-200.0,200,0.0,42
2145,-200.0,200,0.0,42
2146,-200.0,200,0.0,42
2147,-200.0,200,0.0,42
2148,-200.0,200,0.0,42
2149,-200.0,200,0.0,42
2150,-200.0,200,0.0,42
2151,-200.0,200,0.0,42
2152,-200.0,200,0.0,42
2153,-200.0,200,0.0,42
2154,-200.0,200,0.0,42
2155,-200.0,200,0.0,42
2156,-200.0,200,0.0,42
2157,-200.0,200,0.0,42
2158,-200.0,200,0.0,42
2159,-200.0,200,0.0,42
2160,-200.0,200,0.0,42
2161,-200.0,200,0.0,42
2162,-200.0,200,0.0,42
2163,-200.0,200,0.0,42
2164,-200.0,200,0.0,42
2165,-200.0,200,0.0,42
2166,-200.0,200,0.0,42
2167,-200.0,200,0.0,42
2168,-200.0,200,0.0,42
2169,-200.0,200,0.0,42
2170,-200.0,200,0.0,42
2171,-200.0,200,0.0,42
2172,-200.0,200,0.0,42
2173,-200.0,200,0.0,42
2174,-200.0,200,0.0,42
2175,-200.0,200,0.0,42
2176,-200.0,200,0.0,42
2177,-200.0,200,0.0,42
2178,-200.0,200,0.0,42
2179,-200.0,200,0.0,42
2180,-200.0,200,0.0,42
2181,-200.0,200,0.0,42
2182,-200.0,200,0.0,42
2183,-200.0,200,0.0,42
2184,-200.0,200,0.0,42
2185,-200.0,200,0.0,42
2186,-200.0,200,0.0,42
2187,-200.0,200,0.0,42
2188,-200.0,200,0.0,42
2189,-200.0,200,0.0,42
2190,-200.0,200,0.0,42
2191,-200.0,200,0.0,42
2192,-200.0,200,0.0,42
2193,-200.0,200,0.0,42
2194,-200.0,200,0.0,42
2195,-200.0,200,0.0,42
2196,-200.0,200,0.0,42
2197,-200.0,200,0.0,42
2198,-200.0,200,0.0,42
2199,-200.0,200,0.0,42
2200,-200.0,200,0.0,42
2201,-200.0,200,0.0,42
2202,-200.0,200,0.0,42
2203,-200.0,200,0.0,42
2204,-200.0,200,0.0,42
2205,-200.0,200,0.0,42
2206,-200.0,200,0.0,42
2207,-200.0,200,0.0,42
2208,-200.0,200,0.0,42
2209,-200.0,200,0.0,42
2210,-200.0,200,0.0,42
2211,-200.0,200,0.0,42
2212,-200.0,200,0.0,42
2213,-200.0,200,0.0,42
2214,-200.0,200,0.0,42
2215,-200.0,200,0.0,42
2216,-200.0,200,0.0,42
2217,-200.0,200,0.0,42
2218,-200.0,200,0.0,42
2219,-200.0,200,0.0,42
2220,-200.0,200,0.0,42
2221,-200.0,200,0.0,42
2222,-200.0,200,0.0,42
2223,-200.0,200,0.0,42
2224,-200.0,200,0.0,42
2225,-200.0,200,0.0,42
2226,-200.0,200,0.0,42
2227,-173.0,173,1.0,42
2228,-200.0,200,0.0,42
2229,-200.0,200,0.0,42
2230,-200.0,200,0.0,42
2231,-169.0,169,1.0,42
2232,-200.0,200,0.0,42
2233,-200.0,200,0.0,42
2234,-200.0,200,0.0,42
2235,-200.0,200,0.0,42
2236,-200.0,200,0.0,42
2237,-200.0,200,0.0,42
2238,-200.0,200,0.0,42
2239,-200.0,200,0.0,42
2240,-200.0,200,0.0,42
2241,-175.0,175,1.0,42
2242,-200.0,200,0.0,42
2243,-200.0,200,0.0,42
2244,-200.0,200,0.0,42
2245,-175.0,175,1.0,42
2246,-200.0,200,0.0,42
2247,-200.0,200,0.0,42
2248,-200.0,200,0.0,42
2249,-200.0,200,0.0,42
2250,-200.0,200,0.0,42
2251,-200.0,200,0.0,42
2252,-200.0,200,0.0,42
2253,-200.0,200,0.0,42
2254,-200.0,200,0.0,42
2255,-200.0,200,0.0,42
2256,-200.0,200,0.0,42
2257,-200.0,200,0.0,42
2258,-200.0,200,0.0,42
2259,-200.0,200,0.0,42
2260,-200.0,200,0.0,42
2261,-200.0,200,0.0,42
2262,-199.0,199,1.0,42
2263,-200.0,200,0.0,42
2264,-200.0,200,0.0,42
2265,-200.0,200,0.0,42
2266,-200.0,200,0.0,42
2267,-200.0,200,0.0,42
2268,-200.0,200,0.0,42
2269,-200.0,200,0.0,42
2270,-200.0,200,0.0,42
2271,-200.0,200,0.0,42
2272,-200.0,200,0.0,42
2273,-200.0,200,0.0,42
2274,-200.0,200,0.0,42
2275,-200.0,200,0.0,42
2276,-200.0,200,0.0,42
2277,-200.0,200,0.0,42
2278,-200.0,200,0.0,42
2279,-200.0,200,0.0,42
2280,-168.0,168,1.0,42
2281,-200.0,200,0.0,42
2282,-173.0,173,1.0,42
2283,-200.0,200,0.0,42
2284,-200.0,200,0.0,42
2285,-200.0,200,0.0,42
2286,-200.0,200,0.0,42
2287,-200.0,200,0.0,42
2288,-200.0,200,0.0,42
2289,-174.0,174,1.0,42
2290,-200.0,200,0.0,42
2291,-200.0,200,0.0,42
2292,-200.0,200,0.0,42
2293,-200.0,200,0.0,42
2294,-200.0,200,0.0,42
2295,-200.0,200,0.0,42
2296,-200.0,200,0.0,42
2297,-200.0,200,0.0,42
2298,-200.0,200,0.0,42
2299,-200.0,200,0.0,42
2300,-200.0,200,0.0,42
2301,-200.0,200,0.0,42
2302,-200.0,200,0.0,42
2303,-200.0,200,0.0,42
2304,-200.0,200,0.0,42
2305,-200.0,200,0.0,42
2306,-200.0,200,0.0,42
2307,-200.0,200,0.0,42
2308,-200.0,200,0.0,42
2309,-200.0,200,0.0,42
2310,-156.0,156,1.0,42
2311,-200.0,200,0.0,42
2312,-200.0,200,0.0,42
2313,-200.0,200,0.0,42
2314,-199.0,199,1.0,42
2315,-200.0,200,0.0,42
2316,-200.0,200,0.0,42
2317,-200.0,200,0.0,42
2318,-200.0,200,0.0,42
2319,-200.0,200,0.0,42
2320,-200.0,200,0.0,42
2321,-200.0,200,0.0,42
2322,-200.0,200,0.0,42
2323,-200.0,200,0.0,42
2324,-200.0,200,0.0,42
2325,-200.0,200,0.0,42
2326,-200.0,200,0.0,42
2327,-200.0,200,0.0,42
2328,-200.0,200,0.0,42
2329,-200.0,200,0.0,42
2330,-200.0,200,0.0,42
2331,-200.0,200,0.0,42
2332,-200.0,200,0.0,42
2333,-200.0,200,0.0,42
2334,-200.0,200,0.0,42
2335,-200.0,200,0.0,42
2336,-199.0,199,1.0,42
2337,-200.0,200,0.0,42
2338,-200.0,200,0.0,42
2339,-200.0,200,0.0,42
2340,-200.0,200,0.0,42
2341,-200.0,200,0.0,42
2342,-200.0,200,0.0,42
2343,-200.0,200,0.0,42
2344,-200.0,200,0.0,42
2345,-200.0,200,0.0,42
2346,-168.0,168,1.0,42
2347,-200.0,200,0.0,42
2348,-200.0,200,0.0,42
2349,-168.0,168,1.0,42
2350,-200.0,200,0.0,42
2351,-167.0,167,1.0,42
2352,-200.0,200,0.0,42
2353,-200.0,200,0.0,42
2354,-200.0,200,0.0,42
2355,-200.0,200,0.0,42
2356,-200.0,200,0.0,42
2357,-200.0,200,0.0,42
2358,-200.0,200,0.0,42
2359,-200.0,200,0.0,42
2360,-200.0,200,0.0,42
2361,-200.0,200,0.0,42
2362,-200.0,200,0.0,42
2363,-200.0,200,0.0,42
2364,-200.0,200,0.0,42
2365,-200.0,200,0.0,42
2366,-200.0,200,0.0,42
2367,-200.0,200,0.0,42
2368,-200.0,200,0.0,42
2369,-200.0,200,0.0,42
2370,-200.0,200,0.0,42
2371,-200.0,200,0.0,42
2372,-200.0,200,0.0,42
2373,-200.0,200,0.0,42
2374,-200.0,200,0.0,42
2375,-200.0,200,0.0,42
2376,-200.0,200,0.0,42
2377,-200.0,200,0.0,42
2378,-200.0,200,0.0,42
2379,-200.0,200,0.0,42
2380,-200.0,200,0.0,42
2381,-200.0,200,0.0,42
2382,-200.0,200,0.0,42
2383,-200.0,200,0.0,42
2384,-200.0,200,0.0,42
2385,-200.0,200,0.0,42
2386,-200.0,200,0.0,42
2387,-200.0,200,0.0,42
2388,-200.0,200,0.0,42
2389,-200.0,200,0.0,42
2390,-200.0,200,0.0,42
2391,-200.0,200,0.0,42
2392,-200.0,200,0.0,42
2393,-200.0,200,0.0,42
2394,-200.0,200,0.0,42
2395,-200.0,200,0.0,42
2396,-200.0,200,0.0,42
2397,-200.0,200,0.0,42
2398,-200.0,200,0.0,42
2399,-200.0,200,0.0,42
2400,-200.0,200,0.0,42
2401,-200.0,200,0.0,42
2402,-200.0,200,0.0,42
2403,-200.0,200,0.0,42
2404,-200.0,200,0.0,42
2405,-200.0,200,0.0,42
2406,-200.0,200,0.0,42
2407,-200.0,200,0.0,42
2408,-200.0,200,0.0,42
2409,-200.0,200,0.0,42
2410,-200.0,200,0.0,42
2411,-200.0,200,0.0,42
2412,-200.0,200,0.0,42
2413,-200.0,200,0.0,42
2414,-200.0,200,0.0,42
2415,-200.0,200,0.0,42
2416,-200.0,200,0.0,42
2417,-200.0,200,0.0,42
2418,-200.0,200,0.0,42
2419,-191.0,191,1.0,42
2420,-200.0,200,0.0,42
2421,-190.0,190,1.0,42
2422,-200.0,200,0.0,42
2423,-200.0,200,0.0,42
2424,-200.0,200,0.0,42
2425,-200.0,200,0.0,42
2426,-200.0,200,0.0,42
2427,-200.0,200,0.0,42
2428,-200.0,200,0.0,42
2429,-200.0,200,0.0,42
2430,-200.0,200,0.0,42
2431,-200.0,200,0.0,42
2432,-200.0,200,0.0,42
2433,-200.0,200,0.0,42
2434,-200.0,200,0.0,42
2435,-200.0,200,0.0,42
2436,-200.0,200,0.0,42
2437,-200.0,200,0.0,42
2438,-200.0,200,0.0,42
2439,-200.0,200,0.0,42
2440,-200.0,200,0.0,42
2441,-200.0,200,0.0,42
2442,-200.0,200,0.0,42
2443,-200.0,200,0.0,42
2444,-200.0,200,0.0,42
2445,-200.0,200,0.0,42
2446,-200.0,200,0.0,42
2447,-200.0,200,0.0,42
2448,-200.0,200,0.0,42
2449,-200.0,200,0.0,42
2450,-200.0,200,0.0,42
2451,-200.0,200,0.0,42
2452,-200.0,200,0.0,42
2453,-200.0,200,0.0,42
2454,-200.0,200,0.0,42
2455,-200.0,200,0.0,42
2456,-200.0,200,0.0,42
2457,-200.0,200,0.0,42
2458,-200.0,200,0.0,42
2459,-200.0,200,0.0,42
2460,-200.0,200,0.0,42
2461,-200.0,200,0.0,42
2462,-200.0,200,0.0,42
2463,-200.0,200,0.0,42
2464,-200.0,200,0.0,42
2465,-200.0,200,0.0,42
2466,-200.0,200,0.0,42
2467,-200.0,200,0.0,42
2468,-200.0,200,0.0,42
2469,-200.0,200,0.0,42
2470,-200.0,200,0.0,42
2471,-200.0,200,0.0,42
2472,-200.0,200,0.0,42
2473,-200.0,200,0.0,42
2474,-163.0,163,1.0,42
2475,-200.0,200,0.0,42
2476,-200.0,200,0.0,42
2477,-200.0,200,0.0,42
2478,-200.0,200,0.0,42
2479,-187.0,187,1.0,42
2480,-161.0,161,1.0,42
2481,-200.0,200,0.0,42
2482,-200.0,200,0.0,42
2483,-200.0,200,0.0,42
2484,-200.0,200,0.0,42
2485,-200.0,200,0.0,42
2486,-200.0,200,0.0,42
2487,-200.0,200,0.0,42
2488,-191.0,191,1.0,42
2489,-200.0,200,0.0,42
2490,-196.0,196,1.0,42
2491,-200.0,200,0.0,42
2492,-200.0,200,0.0,42
2493,-200.0,200,0.0,42
2494,-200.0,200,0.0,42
2495,-200.0,200,0.0,42
2496,-200.0,200,0.0,42
2497,-192.0,192,1.0,42
2498,-194.0,194,1.0,42
2499,-200.0,200,0.0,42
2500,-200.0,200,0.0,42
2501,-188.0,188,1.0,42
2502,-200.0,200,0.0,42
2503,-200.0,200,0.0,42
2504,-200.0,200,0.0,42
2505,-173.0,173,1.0,42
2506,-200.0,200,0.0,42
2507,-200.0,200,0.0,42
2508,-200.0,200,0.0,42
2509,-200.0,200,0.0,42
2510,-200.0,200,0.0,42
2511,-200.0,200,0.0,42
2512,-200.0,200,0.0,42
2513,-200.0,200,0.0,42
2514,-200.0,200,0.0,42
2515,-200.0,200,0.0,42
2516,-200.0,200,0.0,42
2517,-200.0,200,0.0,42
2518,-200.0,200,0.0,42
2519,-200.0,200,0.0,42
2520,-164.0,164,1.0,42
2521,-196.0,196,1.0,42
2522,-200.0,200,0.0,42
2523,-200.0,200,0.0,42
2524,-200.0,200,0.0,42
2525,-200.0,200,0.0,42
2526,-200.0,200,0.0,42
2527,-200.0,200,0.0,42
2528,-200.0,200,0.0,42
2529,-200.0,200,0.0,42
2530,-157.0,157,1.0,42
2531,-200.0,200,0.0,42
2532,-200.0,200,0.0,42
2533,-200.0,200,0.0,42
2534,-200.0,200,0.0,42
2535,-200.0,200,0.0,42
2536,-200.0,200,0.0,42
2537,-200.0,200,0.0,42
2538,-200.0,200,0.0,42
2539,-200.0,200,0.0,42
2540,-200.0,200,0.0,42
2541,-200.0,200,0.0,42
2542,-200.0,200,0.0,42
2543,-200.0,200,0.0,42
2544,-200.0,200,0.0,42
2545,-200.0,200,0.0,42
2546,-200.0,200,0.0,42
2547,-200.0,200,0.0,42
2548,-200.0,200,0.0,42
2549,-200.0,200,0.0,42
2550,-171.0,171,1.0,42
2551,-200.0,200,0.0,42
2552,-200.0,200,0.0,42
2553,-200.0,200,0.0,42
2554,-200.0,200,0.0,42
2555,-200.0,200,0.0,42
2556,-200.0,200,0.0,42
2557,-200.0,200,0.0,42
2558,-200.0,200,0.0,42
2559,-200.0,200,0.0,42
2560,-200.0,200,0.0,42
2561,-200.0,200,0.0,42
2562,-200.0,200,0.0,42
2563,-200.0,200,0.0,42
2564,-200.0,200,0.0,42
2565,-200.0,200,0.0,42
2566,-200.0,200,0.0,42
2567,-200.0,200,0.0,42
2568,-200.0,200,0.0,42
2569,-200.0,200,0.0,42
2570,-200.0,200,0.0,42
2571,-200.0,200,0.0,42
2572,-200.0,200,0.0,42
2573,-200.0,200,0.0,42
2574,-200.0,200,0.0,42
2575,-200.0,200,0.0,42
2576,-200.0,200,0.0,42
2577,-200.0,200,0.0,42
2578,-200.0,200,0.0,42
2579,-200.0,200,0.0,42
2580,-200.0,200,0.0,42
2581,-200.0,200,0.0,42
2582,-200.0,200,0.0,42
2583,-200.0,200,0.0,42
2584,-200.0,200,0.0,42
2585,-200.0,200,0.0,42
2586,-200.0,200,0.0,42
2587,-200.0,200,0.0,42
2588,-200.0,200,0.0,42
2589,-200.0,200,0.0,42
2590,-200.0,200,0.0,42
2591,-200.0,200,0.0,42
2592,-200.0,200,0.0,42
2593,-200.0,200,0.0,42
2594,-200.0,200,0.0,42
2595,-200.0,200,0.0,42
2596,-200.0,200,0.0,42
2597,-200.0,200,0.0,42
2598,-200.0,200,0.0,42
2599,-200.0,200,0.0,42
2600,-200.0,200,0.0,42
2601,-200.0,200,0.0,42
2602,-200.0,200,0.0,42
2603,-200.0,200,0.0,42
2604,-200.0,200,0.0,42
2605,-200.0,200,0.0,42
2606,-200.0,200,0.0,42
2607,-200.0,200,0.0,42
2608,-200.0,200,0.0,42
2609,-200.0,200,0.0,42
2610,-200.0,200,0.0,42
2611,-200.0,200,0.0,42
2612,-200.0,200,0.0,42
2613,-200.0,200,0.0,42
2614,-200.0,200,0.0,42
2615,-200.0,200,0.0,42
2616,-200.0,200,0.0,42
2617,-200.0,200,0.0,42
2618,-200.0,200,0.0,42
2619,-200.0,200,0.0,42
2620,-200.0,200,0.0,42
2621,-200.0,200,0.0,42
2622,-200.0,200,0.0,42
2623,-200.0,200,0.0,42
2624,-169.0,169,1.0,42
2625,-167.0,167,1.0,42
2626,-200.0,200,0.0,42
2627,-200.0,200,0.0,42
2628,-200.0,200,0.0,42
2629,-200.0,200,0.0,42
2630,-200.0,200,0.0,42
2631,-200.0,200,0.0,42
2632,-200.0,200,0.0,42
2633,-200.0,200,0.0,42
2634,-200.0,200,0.0,42
2635,-200.0,200,0.0,42
2636,-200.0,200,0.0,42
2637,-200.0,200,0.0,42
2638,-200.0,200,0.0,42
2639,-200.0,200,0.0,42
2640,-200.0,200,0.0,42
2641,-200.0,200,0.0,42
2642,-200.0,200,0.0,42
2643,-200.0,200,0.0,42
2644,-200.0,200,0.0,42
2645,-200.0,200,0.0,42
2646,-200.0,200,0.0,42
2647,-183.0,183,1.0,42
2648,-200.0,200,0.0,42
2649,-200.0,200,0.0,42
2650,-200.0,200,0.0,42
2651,-200.0,200,0.0,42
2652,-200.0,200,0.0,42
2653,-200.0,200,0.0,42
2654,-200.0,200,0.0,42
2655,-200.0,200,0.0,42
2656,-200.0,200,0.0,42
2657,-200.0,200,0.0,42
2658,-200.0,200,0.0,42
2659,-200.0,200,0.0,42
2660,-200.0,200,0.0,42
2661,-200.0,200,0.0,42
2662,-200.0,200,0.0,42
2663,-200.0,200,0.0,42
2664,-178.0,178,1.0,42
2665,-196.0,196,1.0,42
2666,-163.0,163,1.0,42
2667,-200.0,200,0.0,42
2668,-200.0,200,0.0,42
2669,-200.0,200,0.0,42
2670,-200.0,200,0.0,42
2671,-169.0,169,1.0,42
2672,-200.0,200,0.0,42
2673,-200.0,200,0.0,42
2674,-161.0,161,1.0,42
2675,-200.0,200,0.0,42
2676,-200.0,200,0.0,42
2677,-200.0,200,0.0,42
2678,-200.0,200,0.0,42
2679,-200.0,200,0.0,42
2680,-200.0,200,0.0,42
2681,-171.0,171,1.0,42
2682,-200.0,200,0.0,42
2683,-200.0,200,0.0,42
2684,-153.0,153,1.0,42
2685,-200.0,200,0.0,42
2686,-200.0,200,0.0,42
2687,-200.0,200,0.0,42
2688,-200.0,200,0.0,42
2689,-200.0,200,0.0,42
2690,-200.0,200,0.0,42
2691,-200.0,200,0.0,42
2692,-200.0,200,0.0,42
2693,-200.0,200,0.0,42
2694,-200.0,200,0.0,42
2695,-200.0,200,0.0,42
2696,-200.0,200,0.0,42
2697,-200.0,200,0.0,42
2698,-200.0,200,0.0,42
2699,-200.0,200,0.0,42
2700,-200.0,200,0.0,42
2701,-200.0,200,0.0,42
2702,-200.0,200,0.0,42
2703,-200.0,200,0.0,42
2704,-200.0,200,0.0,42
2705,-200.0,200,0.0,42
2706,-200.0,200,0.0,42
2707,-200.0,200,0.0,42
2708,-200.0,200,0.0,42
2709,-200.0,200,0.0,42
2710,-200.0,200,0.0,42
2711,-200.0,200,0.0,42
2712,-200.0,200,0.0,42
2713,-200.0,200,0.0,42
2714,-200.0,200,0.0,42
2715,-200.0,200,0.0,42
2716,-200.0,200,0.0,42
2717,-200.0,200,0.0,42
2718,-200.0,200,0.0,42
2719,-200.0,200,0.0,42
2720,-200.0,200,0.0,42
2721,-200.0,200,0.0,42
2722,-200.0,200,0.0,42
2723,-200.0,200,0.0,42
2724,-200.0,200,0.0,42
2725,-200.0,200,0.0,42
2726,-200.0,200,0.0,42
2727,-200.0,200,0.0,42
2728,-200.0,200,0.0,42
2729,-200.0,200,0.0,42
2730,-200.0,200,0.0,42
2731,-200.0,200,0.0,42
2732,-200.0,200,0.0,42
2733,-198.0,198,1.0,42
2734,-200.0,200,0.0,42
2735,-200.0,200,0.0,42
2736,-200.0,200,0.0,42
2737,-200.0,200,0.0,42
2738,-200.0,200,0.0,42
2739,-200.0,200,0.0,42
2740,-200.0,200,0.0,42
2741,-200.0,200,0.0,42
2742,-200.0,200,0.0,42
2743,-200.0,200,0.0,42
2744,-197.0,197,1.0,42
2745,-200.0,200,0.0,42
2746,-200.0,200,0.0,42
2747,-200.0,200,0.0,42
2748,-200.0,200,0.0,42
2749,-200.0,200,0.0,42
2750,-200.0,200,0.0,42
2751,-200.0,200,0.0,42
2752,-200.0,200,0.0,42
2753,-200.0,200,0.0,42
2754,-200.0,200,0.0,42
2755,-200.0,200,0.0,42
2756,-200.0,200,0.0,42
2757,-200.0,200,0.0,42
2758,-200.0,200,0.0,42
2759,-200.0,200,0.0,42
2760,-200.0,200,0.0,42
2761,-200.0,200,0.0,42
2762,-200.0,200,0.0,42
2763,-200.0,200,0.0,42
2764,-200.0,200,0.0,42
2765,-200.0,200,0.0,42
2766,-200.0,200,0.0,42
2767,-200.0,200,0.0,42
2768,-200.0,200,0.0,42
2769,-200.0,200,0.0,42
2770,-200.0,200,0.0,42
2771,-200.0,200,0.0,42
2772,-200.0,200,0.0,42
2773,-200.0,200,0.0,42
2774,-200.0,200,0.0,42
2775,-200.0,200,0.0,42
2776,-200.0,200,0.0,42
2777,-200.0,200,0.0,42
2778,-200.0,200,0.0,42
2779,-200.0,200,0.0,42
2780,-200.0,200,0.0,42
2781,-200.0,200,0.0,42
2782,-200.0,200,0.0,42
2783,-200.0,200,0.0,42
2784,-200.0,200,0.0,42
2785,-200.0,200,0.0,42
2786,-200.0,200,0.0,42
2787,-200.0,200,0.0,42
2788,-200.0,200,0.0,42
2789,-200.0,200,0.0,42
2790,-200.0,200,0.0,42
2791,-200.0,200,0.0,42
2792,-200.0,200,0.0,42
2793,-200.0,200,0.0,42
2794,-200.0,200,0.0,42
2795,-200.0,200,0.0,42
2796,-200.0,200,0.0,42
2797,-199.0,199,1.0,42
2798,-200.0,200,0.0,42
2799,-200.0,200,0.0,42
2800,-200.0,200,0.0,42
2801,-200.0,200,0.0,42
2802,-200.0,200,0.0,42
2803,-200.0,200,0.0,42
2804,-200.0,200,0.0,42
2805,-200.0,200,0.0,42
2806,-200.0,200,0.0,42
2807,-200.0,200,0.0,42
2808,-200.0,200,0.0,42
2809,-200.0,200,0.0,42
2810,-199.0,199,1.0,42
2811,-200.0,200,0.0,42
2812,-200.0,200,0.0,42
2813,-200.0,200,0.0,42
2814,-200.0,200,0.0,42
2815,-200.0,200,0.0,42
2816,-200.0,200,0.0,42
2817,-200.0,200,0.0,42
2818,-200.0,200,0.0,42
2819,-200.0,200,0.0,42
2820,-200.0,200,0.0,42
2821,-200.0,200,0.0,42
2822,-200.0,200,0.0,42
2823,-200.0,200,0.0,42
2824,-200.0,200,0.0,42
2825,-200.0,200,0.0,42
2826,-200.0,200,0.0,42
2827,-200.0,200,0.0,42
2828,-200.0,200,0.0,42
2829,-200.0,200,0.0,42
2830,-200.0,200,0.0,42
2831,-200.0,200,0.0,42
2832,-200.0,200,0.0,42
2833,-200.0,200,0.0,42
2834,-200.0,200,0.0,42
2835,-200.0,200,0.0,42
2836,-200.0,200,0.0,42
2837,-200.0,200,0.0,42
2838,-200.0,200,0.0,42
2839,-200.0,200,0.0,42
2840,-200.0,200,0.0,42
2841,-200.0,200,0.0,42
2842,-200.0,200,0.0,42
2843,-200.0,200,0.0,42
2844,-200.0,200,0.0,42
2845,-200.0,200,0.0,42
2846,-200.0,200,0.0,42
2847,-178.0,178,1.0,42
2848,-200.0,200,0.0,42
2849,-200.0,200,0.0,42
2850,-200.0,200,0.0,42
2851,-200.0,200,0.0,42
2852,-200.0,200,0.0,42
2853,-200.0,200,0.0,42
2854,-200.0,200,0.0,42
2855,-200.0,200,0.0,42
2856,-200.0,200,0.0,42
2857,-200.0,200,0.0,42
2858,-200.0,200,0.0,42
2859,-200.0,200,0.0,42
2860,-200.0,200,0.0,42
2861,-200.0,200,0.0,42
2862,-200.0,200,0.0,42
2863,-200.0,200,0.0,42
2864,-200.0,200,0.0,42
2865,-200.0,200,0.0,42
2866,-200.0,200,0.0,42
2867,-200.0,200,0.0,42
2868,-200.0,200,0.0,42
2869,-200.0,200,0.0,42
2870,-200.0,200,0.0,42
2871,-200.0,200,0.0,42
2872,-168.0,168,1.0,42
2873,-200.0,200,0.0,42
2874,-200.0,200,0.0,42
2875,-172.0,172,1.0,42
2876,-200.0,200,0.0,42
2877,-170.0,170,1.0,42
2878,-200.0,200,0.0,42
2879,-200.0,200,0.0,42
2880,-200.0,200,0.0,42
2881,-200.0,200,0.0,42
2882,-200.0,200,0.0,42
2883,-200.0,200,0.0,42
2884,-200.0,200,0.0,42
2885,-172.0,172,1.0,42
2886,-162.0,162,1.0,42
2887,-200.0,200,0.0,42
2888,-200.0,200,0.0,42
2889,-200.0,200,0.0,42
2890,-174.0,174,1.0,42
2891,-200.0,200,0.0,42
2892,-200.0,200,0.0,42
2893,-200.0,200,0.0,42
2894,-200.0,200,0.0,42
2895,-200.0,200,0.0,42
2896,-200.0,200,0.0,42
2897,-200.0,200,0.0,42
2898,-200.0,200,0.0,42
2899,-200.0,200,0.0,42
2900,-200.0,200,0.0,42
2901,-200.0,200,0.0,42
2902,-200.0,200,0.0,42
2903,-200.0,200,0.0,42
2904,-200.0,200,0.0,42
2905,-200.0,200,0.0,42
2906,-200.0,200,0.0,42
2907,-200.0,200,0.0,42
2908,-200.0,200,0.0,42
2909,-200.0,200,0.0,42
2910,-200.0,200,0.0,42
2911,-200.0,200,0.0,42
2912,-200.0,200,0.0,42
2913,-200.0,200,0.0,42
2914,-200.0,200,0.0,42
2915,-200.0,200,0.0,42
2916,-200.0,200,0.0,42
2917,-200.0,200,0.0,42
2918,-200.0,200,0.0,42
2919,-200.0,200,0.0,42
2920,-200.0,200,0.0,42
2921,-200.0,200,0.0,42
2922,-200.0,200,0.0,42
2923,-200.0,200,0.0,42
2924,-200.0,200,0.0,42
2925,-200.0,200,0.0,42
2926,-200.0,200,0.0,42
2927,-200.0,200,0.0,42
2928,-200.0,200,0.0,42
2929,-200.0,200,0.0,42
2930,-200.0,200,0.0,42
2931,-200.0,200,0.0,42
2932,-200.0,200,0.0,42
2933,-195.0,195,1.0,42
2934,-200.0,200,0.0,42
2935,-196.0,196,1.0,42
2936,-200.0,200,0.0,42
2937,-200.0,200,0.0,42
2938,-200.0,200,0.0,42
2939,-200.0,200,0.0,42
2940,-200.0,200,0.0,42
2941,-200.0,200,0.0,42
2942,-200.0,200,0.0,42
2943,-200.0,200,0.0,42
2944,-200.0,200,0.0,42
2945,-200.0,200,0.0,42
2946,-200.0,200,0.0,42
2947,-200.0,200,0.0,42
2948,-200.0,200,0.0,42
2949,-200.0,200,0.0,42
2950,-200.0,200,0.0,42
2951,-200.0,200,0.0,42
2952,-200.0,200,0.0,42
2953,-200.0,200,0.0,42
2954,-200.0,200,0.0,42
2955,-200.0,200,0.0,42
2956,-200.0,200,0.0,42
2957,-200.0,200,0.0,42
2958,-200.0,200,0.0,42
2959,-200.0,200,0.0,42
2960,-200.0,200,0.0,42
2961,-200.0,200,0.0,42
2962,-200.0,200,0.0,42
2963,-200.0,200,0.0,42
2964,-200.0,200,0.0,42
2965,-200.0,200,0.0,42
2966,-200.0,200,0.0,42
2967,-200.0,200,0.0,42
2968,-200.0,200,0.0,42
2969,-200.0,200,0.0,42
2970,-200.0,200,0.0,42
2971,-200.0,200,0.0,42
2972,-200.0,200,0.0,42
2973,-200.0,200,0.0,42
2974,-200.0,200,0.0,42
2975,-200.0,200,0.0,42
2976,-200.0,200,0.0,42
2977,-200.0,200,0.0,42
2978,-200.0,200,0.0,42
2979,-200.0,200,0.0,42
2980,-200.0,200,0.0,42
2981,-200.0,200,0.0,42
2982,-200.0,200,0.0,42
2983,-200.0,200,0.0,42
2984,-200.0,200,0.0,42
2985,-200.0,200,0.0,42
2986,-200.0,200,0.0,42
2987,-200.0,200,0.0,42
2988,-200.0,200,0.0,42
2989,-200.0,200,0.0,42
2990,-200.0,200,0.0,42
2991,-200.0,200,0.0,42
2992,-200.0,200,0.0,42
2993,-200.0,200,0.0,42
2994,-200.0,200,0.0,42
2995,-200.0,200,0.0,42
2996,-200.0,200,0.0,42
2997,-200.0,200,0.0,42
2998,-185.0,185,1.0,42
2999,-200.0,200,0.0,42
3000,-200.0,200,0.0,42
3001,-180.0,180,1.0,42
3002,-169.0,169,1.0,42
3003,-185.0,185,1.0,42
3004,-200.0,200,0.0,42
3005,-200.0,200,0.0,42
3006,-200.0,200,0.0,42
3007,-200.0,200,0.0,42
3008,-200.0,200,0.0,42
3009,-200.0,200,0.0,42
3010,-200.0,200,0.0,42
3011,-200.0,200,0.0,42
3012,-200.0,200,0.0,42
3013,-200.0,200,0.0,42
3014,-200.0,200,0.0,42
3015,-200.0,200,0.0,42
3016,-200.0,200,0.0,42
3017,-200.0,200,0.0,42
3018,-200.0,200,0.0,42
3019,-200.0,200,0.0,42
3020,-200.0,200,0.0,42
3021,-200.0,200,0.0,42
3022,-200.0,200,0.0,42
3023,-200.0,200,0.0,42
3024,-200.0,200,0.0,42
3025,-200.0,200,0.0,42
3026,-187.0,187,1.0,42
3027,-200.0,200,0.0,42
3028,-200.0,200,0.0,42
3029,-200.0,200,0.0,42
3030,-200.0,200,0.0,42
3031,-200.0,200,0.0,42
3032,-200.0,200,0.0,42
3033,-200.0,200,0.0,42
3034,-200.0,200,0.0,42
3035,-200.0,200,0.0,42
3036,-200.0,200,0.0,42
3037,-200.0,200,0.0,42
3038,-196.0,196,1.0,42
3039,-200.0,200,0.0,42
3040,-200.0,200,0.0,42
3041,-200.0,200,0.0,42
3042,-200.0,200,0.0,42
3043,-200.0,200,0.0,42
3044,-200.0,200,0.0,42
3045,-195.0,195,1.0,42
3046,-200.0,200,0.0,42
3047,-200.0,200,0.0,42
3048,-200.0,200,0.0,42
3049,-200.0,200,0.0,42
3050,-200.0,200,0.0,42
3051,-200.0,200,0.0,42
3052,-200.0,200,0.0,42
3053,-200.0,200,0.0,42
3054,-200.0,200,0.0,42
3055,-179.0,179,1.0,42
3056,-200.0,200,0.0,42
3057,-200.0,200,0.0,42
3058,-200.0,200,0.0,42
3059,-200.0,200,0.0,42
3060,-200.0,200,0.0,42
3061,-200.0,200,0.0,42
3062,-200.0,200,0.0,42
3063,-200.0,200,0.0,42
3064,-200.0,200,0.0,42
3065,-200.0,200,0.0,42
3066,-200.0,200,0.0,42
3067,-200.0,200,0.0,42
3068,-200.0,200,0.0,42
3069,-192.0,192,1.0,42
3070,-200.0,200,0.0,42
3071,-200.0,200,0.0,42
3072,-200.0,200,0.0,42
3073,-200.0,200,0.0,42
3074,-200.0,200,0.0,42
3075,-200.0,200,0.0,42
3076,-200.0,200,0.0,42
3077,-200.0,200,0.0,42
3078,-200.0,200,0.0,42
3079,-200.0,200,0.0,42
3080,-200.0,200,0.0,42
3081,-200.0,200,0.0,42
3082,-200.0,200,0.0,42
3083,-200.0,200,0.0,42
3084,-200.0,200,0.0,42
3085,-200.0,200,0.0,42
3086,-200.0,200,0.0,42
3087,-200.0,200,0.0,42
3088,-200.0,200,0.0,42
3089,-200.0,200,0.0,42
3090,-200.0,200,0.0,42
3091,-200.0,200,0.0,42
3092,-200.0,200,0.0,42
3093,-200.0,200,0.0,42
3094,-200.0,200,0.0,42
3095,-200.0,200,0.0,42
3096,-200.0,200,0.0,42
3097,-200.0,200,0.0,42
3098,-200.0,200,0.0,42
3099,-200.0,200,0.0,42
3100,-200.0,200,0.0,42
3101,-200.0,200,0.0,42
3102,-200.0,200,0.0,42
3103,-200.0,200,0.0,42
3104,-200.0,200,0.0,42
3105,-200.0,200,0.0,42
3106,-200.0,200,0.0,42
3107,-200.0,200,0.0,42
3108,-200.0,200,0.0,42
3109,-200.0,200,0.0,42
3110,-200.0,200,0.0,42
3111,-200.0,200,0.0,42
3112,-200.0,200,0.0,42
3113,-200.0,200,0.0,42
3114,-200.0,200,0.0,42
3115,-200.0,200,0.0,42
3116,-200.0,200,0.0,42
3117,-200.0,200,0.0,42
3118,-200.0,200,0.0,42
3119,-200.0,200,0.0,42
3120,-200.0,200,0.0,42
3121,-200.0,200,0.0,42
3122,-200.0,200,0.0,42
3123,-200.0,200,0.0,42
3124,-200.0,200,0.0,42
3125,-200.0,200,0.0,42
3126,-200.0,200,0.0,42
3127,-200.0,200,0.0,42
3128,-200.0,200,0.0,42
3129,-200.0,200,0.0,42
3130,-200.0,200,0.0,42
3131,-200.0,200,0.0,42
3132,-200.0,200,0.0,42
3133,-200.0,200,0.0,42
3134,-200.0,200,0.0,42
3135,-200.0,200,0.0,42
3136,-200.0,200,0.0,42
3137,-200.0,200,0.0,42
3138,-200.0,200,0.0,42
3139,-198.0,198,1.0,42
3140,-200.0,200,0.0,42
3141,-200.0,200,0.0,42
3142,-200.0,200,0.0,42
3143,-200.0,200,0.0,42
3144,-200.0,200,0.0,42
3145,-200.0,200,0.0,42
3146,-200.0,200,0.0,42
3147,-200.0,200,0.0,42
3148,-200.0,200,0.0,42
3149,-200.0,200,0.0,42
3150,-200.0,200,0.0,42
3151,-200.0,200,0.0,42
3152,-200.0,200,0.0,42
3153,-200.0,200,0.0,42
3154,-200.0,200,0.0,42
3155,-200.0,200,0.0,42
3156,-200.0,200,0.0,42
3157,-200.0,200,0.0,42
3158,-200.0,200,0.0,42
3159,-200.0,200,0.0,42
3160,-200.0,200,0.0,42
3161,-200.0,200,0.0,42
3162,-200.0,200,0.0,42
3163,-200.0,200,0.0,42
3164,-200.0,200,0.0,42
3165,-200.0,200,0.0,42
3166,-200.0,200,0.0,42
3167,-200.0,200,0.0,42
3168,-200.0,200,0.0,42
3169,-200.0,200,0.0,42
3170,-197.0,197,1.0,42
3171,-200.0,200,0.0,42
3172,-200.0,200,0.0,42
3173,-197.0,197,1.0,42
3174,-160.0,160,1.0,42
3175,-200.0,200,0.0,42
3176,-161.0,161,1.0,42
3177,-200.0,200,0.0,42
3178,-200.0,200,0.0,42
3179,-200.0,200,0.0,42
3180,-200.0,200,0.0,42
3181,-200.0,200,0.0,42
3182,-200.0,200,0.0,42
3183,-200.0,200,0.0,42
3184,-200.0,200,0.0,42
3185,-200.0,200,0.0,42
3186,-200.0,200,0.0,42
3187,-200.0,200,0.0,42
3188,-190.0,190,1.0,42
3189,-200.0,200,0.0,42
3190,-200.0,200,0.0,42
3191,-200.0,200,0.0,42
3192,-200.0,200,0.0,42
3193,-200.0,200,0.0,42
3194,-200.0,200,0.0,42
3195,-200.0,200,0.0,42
3196,-200.0,200,0.0,42
3197,-200.0,200,0.0,42
3198,-200.0,200,0.0,42
3199,-160.0,160,1.0,42
3200,-200.0,200,0.0,42
3201,-200.0,200,0.0,42
3202,-200.0,200,0.0,42
3203,-200.0,200,0.0,42
3204,-200.0,200,0.0,42
3205,-200.0,200,0.0,42
3206,-200.0,200,0.0,42
3207,-200.0,200,0.0,42
3208,-200.0,200,0.0,42
3209,-200.0,200,0.0,42
3210,-170.0,170,1.0,42
3211,-200.0,200,0.0,42
3212,-163.0,163,1.0,42
3213,-200.0,200,0.0,42
3214,-200.0,200,0.0,42
3215,-200.0,200,0.0,42
3216,-200.0,200,0.0,42
3217,-160.0,160,1.0,42
3218,-200.0,200,0.0,42
3219,-200.0,200,0.0,42
3220,-200.0,200,0.0,42
3221,-200.0,200,0.0,42
3222,-200.0,200,0.0,42
3223,-200.0,200,0.0,42
3224,-200.0,200,0.0,42
3225,-158.0,158,1.0,42
3226,-200.0,200,0.0,42
3227,-200.0,200,0.0,42
3228,-200.0,200,0.0,42
3229,-166.0,166,1.0,42
3230,-200.0,200,0.0,42
3231,-200.0,200,0.0,42
3232,-166.0,166,1.0,42
3233,-200.0,200,0.0,42
3234,-185.0,185,1.0,42
3235,-161.0,161,1.0,42
3236,-200.0,200,0.0,42
3237,-200.0,200,0.0,42
3238,-198.0,198,1.0,42
3239,-190.0,190,1.0,42
3240,-188.0,188,1.0,42
3241,-200.0,200,0.0,42
3242,-200.0,200,0.0,42
3243,-160.0,160,1.0,42
3244,-200.0,200,0.0,42
3245,-200.0,200,0.0,42
3246,-200.0,200,0.0,42
3247,-200.0,200,0.0,42
3248,-200.0,200,0.0,42
3249,-192.0,192,1.0,42
3250,-200.0,200,0.0,42
3251,-200.0,200,0.0,42
3252,-200.0,200,0.0,42
3253,-200.0,200,0.0,42
3254,-200.0,200,0.0,42
3255,-200.0,200,0.0,42
3256,-200.0,200,0.0,42
3257,-200.0,200,0.0,42
3258,-200.0,200,0.0,42
3259,-200.0,200,0.0,42
3260,-200.0,200,0.0,42
3261,-200.0,200,0.0,42
3262,-200.0,200,0.0,42
3263,-200.0,200,0.0,42
3264,-200.0,200,0.0,42
3265,-200.0,200,0.0,42
3266,-200.0,200,0.0,42
3267,-200.0,200,0.0,42
3268,-200.0,200,0.0,42
3269,-194.0,194,1.0,42
3270,-159.0,159,1.0,42
3271,-191.0,191,1.0,42
3272,-160.0,160,1.0,42
3273,-171.0,171,1.0,42
3274,-200.0,200,0.0,42
3275,-194.0,194,1.0,42
3276,-200.0,200,0.0,42
3277,-167.0,167,1.0,42
3278,-200.0,200,0.0,42
3279,-200.0,200,0.0,42
3280,-200.0,200,0.0,42
3281,-200.0,200,0.0,42
3282,-200.0,200,0.0,42
3283,-200.0,200,0.0,42
3284,-200.0,200,0.0,42
3285,-200.0,200,0.0,42
3286,-200.0,200,0.0,42
3287,-200.0,200,0.0,42
3288,-200.0,200,0.0,42
3289,-200.0,200,0.0,42
3290,-200.0,200,0.0,42
3291,-200.0,200,0.0,42
3292,-200.0,200,0.0,42
3293,-189.0,189,1.0,42
3294,-156.0,156,1.0,42
3295,-200.0,200,0.0,42
3296,-200.0,200,0.0,42
3297,-188.0,188,1.0,42
3298,-162.0,162,1.0,42
3299,-196.0,196,1.0,42
3300,-200.0,200,0.0,42
3301,-200.0,200,0.0,42
3302,-200.0,200,0.0,42
3303,-175.0,175,1.0,42
3304,-200.0,200,0.0,42
3305,-200.0,200,0.0,42
3306,-200.0,200,0.0,42
3307,-200.0,200,0.0,42
3308,-200.0,200,0.0,42
3309,-200.0,200,0.0,42
3310,-200.0,200,0.0,42
3311,-200.0,200,0.0,42
3312,-200.0,200,0.0,42
3313,-196.0,196,1.0,42
3314,-200.0,200,0.0,42
3315,-195.0,195,1.0,42
3316,-200.0,200,0.0,42
3317,-200.0,200,0.0,42
3318,-200.0,200,0.0,42
3319,-200.0,200,0.0,42
3320,-200.0,200,0.0,42
3321,-200.0,200,0.0,42
3322,-200.0,200,0.0,42
3323,-200.0,200,0.0,42
3324,-200.0,200,0.0,42
3325,-200.0,200,0.0,42
3326,-164.0,164,1.0,42
3327,-167.0,167,1.0,42
3328,-200.0,200,0.0,42
3329,-200.0,200,0.0,42
3330,-200.0,200,0.0,42
3331,-200.0,200,0.0,42
3332,-200.0,200,0.0,42
3333,-200.0,200,0.0,42
3334,-200.0,200,0.0,42
3335,-200.0,200,0.0,42
3336,-194.0,194,1.0,42
3337,-200.0,200,0.0,42
3338,-200.0,200,0.0,42
3339,-200.0,200,0.0,42
3340,-200.0,200,0.0,42
3341,-200.0,200,0.0,42
3342,-200.0,200,0.0,42
3343,-200.0,200,0.0,42
3344,-200.0,200,0.0,42
3345,-191.0,191,1.0,42
3346,-200.0,200,0.0,42
3347,-200.0,200,0.0,42
3348,-200.0,200,0.0,42
3349,-200.0,200,0.0,42
3350,-200.0,200,0.0,42
3351,-200.0,200,0.0,42
3352,-200.0,200,0.0,42
3353,-200.0,200,0.0,42
3354,-200.0,200,0.0,42
3355,-200.0,200,0.0,42
3356,-200.0,200,0.0,42
3357,-200.0,200,0.0,42
3358,-200.0,200,0.0,42
3359,-200.0,200,0.0,42
3360,-200.0,200,0.0,42
3361,-200.0,200,0.0,42
3362,-200.0,200,0.0,42
3363,-200.0,200,0.0,42
3364,-200.0,200,0.0,42
3365,-200.0,200,0.0,42
3366,-200.0,200,0.0,42
3367,-200.0,200,0.0,42
3368,-200.0,200,0.0,42
3369,-200.0,200,0.0,42
3370,-200.0,200,0.0,42
3371,-200.0,200,0.0,42
3372,-200.0,200,0.0,42
3373,-200.0,200,0.0,42
3374,-200.0,200,0.0,42
3375,-199.0,199,1.0,42
3376,-200.0,200,0.0,42
3377,-200.0,200,0.0,42
3378,-194.0,194,1.0,42
3379,-200.0,200,0.0,42
3380,-200.0,200,0.0,42
3381,-200.0,200,0.0,42
3382,-200.0,200,0.0,42
3383,-200.0,200,0.0,42
3384,-200.0,200,0.0,42
3385,-196.0,196,1.0,42
3386,-200.0,200,0.0,42
3387,-200.0,200,0.0,42
3388,-164.0,164,1.0,42
3389,-200.0,200,0.0,42
3390,-200.0,200,0.0,42
3391,-199.0,199,1.0,42
3392,-194.0,194,1.0,42
3393,-200.0,200,0.0,42
3394,-166.0,166,1.0,42
3395,-200.0,200,0.0,42
3396,-200.0,200,0.0,42
3397,-200.0,200,0.0,42
3398,-200.0,200,0.0,42
3399,-200.0,200,0.0,42
3400,-200.0,200,0.0,42
3401,-200.0,200,0.0,42
3402,-200.0,200,0.0,42
3403,-200.0,200,0.0,42
3404,-200.0,200,0.0,42
3405,-200.0,200,0.0,42
3406,-200.0,200,0.0,42
3407,-200.0,200,0.0,42
3408,-200.0,200,0.0,42
3409,-200.0,200,0.0,42
3410,-200.0,200,0.0,42
3411,-200.0,200,0.0,42
3412,-200.0,200,0.0,42
3413,-200.0,200,0.0,42
3414,-200.0,200,0.0,42
3415,-200.0,200,0.0,42
3416,-200.0,200,0.0,42
3417,-200.0,200,0.0,42
3418,-200.0,200,0.0,42
3419,-200.0,200,0.0,42
3420,-200.0,200,0.0,42
3421,-200.0,200,0.0,42
3422,-200.0,200,0.0,42
3423,-200.0,200,0.0,42
3424,-200.0,200,0.0,42
3425,-200.0,200,0.0,42
3426,-200.0,200,0.0,42
3427,-200.0,200,0.0,42
3428,-200.0,200,0.0,42
3429,-200.0,200,0.0,42
3430,-200.0,200,0.0,42
3431,-200.0,200,0.0,42
3432,-200.0,200,0.0,42
3433,-200.0,200,0.0,42
3434,-200.0,200,0.0,42
3435,-200.0,200,0.0,42
3436,-200.0,200,0.0,42
3437,-200.0,200,0.0,42
3438,-190.0,190,1.0,42
3439,-200.0,200,0.0,42
3440,-200.0,200,0.0,42
3441,-200.0,200,0.0,42
3442,-200.0,200,0.0,42
3443,-200.0,200,0.0,42
3444,-200.0,200,0.0,42
3445,-198.0,198,1.0,42
3446,-200.0,200,0.0,42
3447,-200.0,200,0.0,42
3448,-200.0,200,0.0,42
3449,-200.0,200,0.0,42
3450,-200.0,200,0.0,42
3451,-186.0,186,1.0,42
3452,-200.0,200,0.0,42
3453,-200.0,200,0.0,42
3454,-200.0,200,0.0,42
3455,-200.0,200,0.0,42
3456,-200.0,200,0.0,42
3457,-193.0,193,1.0,42
3458,-200.0,200,0.0,42
3459,-200.0,200,0.0,42
3460,-200.0,200,0.0,42
3461,-200.0,200,0.0,42
3462,-200.0,200,0.0,42
3463,-197.0,197,1.0,42
3464,-200.0,200,0.0,42
3465,-200.0,200,0.0,42
3466,-200.0,200,0.0,42
3467,-200.0,200,0.0,42
3468,-200.0,200,0.0,42
3469,-200.0,200,0.0,42
3470,-200.0,200,0.0,42
3471,-200.0,200,0.0,42
3472,-200.0,200,0.0,42
3473,-200.0,200,0.0,42
3474,-192.0,192,1.0,42
3475,-200.0,200,0.0,42
3476,-200.0,200,0.0,42
3477,-200.0,200,0.0,42
3478,-200.0,200,0.0,42
3479,-200.0,200,0.0,42
3480,-200.0,200,0.0,42
3481,-200.0,200,0.0,42
3482,-200.0,200,0.0,42
3483,-200.0,200,0.0,42
3484,-199.0,199,1.0,42
3485,-200.0,200,0.0,42
3486,-200.0,200,0.0,42
3487,-200.0,200,0.0,42
3488,-200.0,200,0.0,42
3489,-191.0,191,1.0,42
3490,-200.0,200,0.0,42
3491,-200.0,200,0.0,42
3492,-200.0,200,0.0,42
3493,-200.0,200,0.0,42
3494,-200.0,200,0.0,42
3495,-191.0,191,1.0,42
3496,-200.0,200,0.0,42
3497,-200.0,200,0.0,42
3498,-200.0,200,0.0,42
3499,-195.0,195,1.0,42
3500,-186.0,186,1.0,42
3501,-200.0,200,0.0,42
3502,-200.0,200,0.0,42
3503,-200.0,200,0.0,42
3504,-192.0,192,1.0,42
3505,-200.0,200,0.0,42
3506,-200.0,200,0.0,42
3507,-200.0,200,0.0,42
3508,-188.0,188,1.0,42
3509,-200.0,200,0.0,42
3510,-200.0,200,0.0,42
3511,-200.0,200,0.0,42
3512,-200.0,200,0.0,42
3513,-200.0,200,0.0,42
3514,-183.0,183,1.0,42
3515,-200.0,200,0.0,42
3516,-200.0,200,0.0,42
3517,-200.0,200,0.0,42
3518,-200.0,200,0.0,42
3519,-200.0,200,0.0,42
3520,-200.0,200,0.0,42
3521,-200.0,200,0.0,42
3522,-200.0,200,0.0,42
3523,-200.0,200,0.0,42
3524,-200.0,200,0.0,42
3525,-200.0,200,0.0,42
3526,-200.0,200,0.0,42
3527,-200.0,200,0.0,42
3528,-200.0,200,0.0,42
3529,-191.0,191,1.0,42
3530,-200.0,200,0.0,42
3531,-200.0,200,0.0,42
3532,-200.0,200,0.0,42
3533,-200.0,200,0.0,42
3534,-200.0,200,0.0,42
3535,-200.0,200,0.0,42
3536,-200.0,200,0.0,42
3537,-200.0,200,0.0,42
3538,-200.0,200,0.0,42
3539,-200.0,200,0.0,42
3540,-192.0,192,1.0,42
3541,-200.0,200,0.0,42
3542,-200.0,200,0.0,42
3543,-200.0,200,0.0,42
3544,-200.0,200,0.0,42
3545,-200.0,200,0.0,42
3546,-200.0,200,0.0,42
3547,-200.0,200,0.0,42
3548,-200.0,200,0.0,42
3549,-200.0,200,0.0,42
3550,-161.0,161,1.0,42
3551,-200.0,200,0.0,42
3552,-200.0,200,0.0,42
3553,-200.0,200,0.0,42
3554,-200.0,200,0.0,42
3555,-200.0,200,0.0,42
3556,-200.0,200,0.0,42
3557,-200.0,200,0.0,42
3558,-200.0,200,0.0,42
3559,-200.0,200,0.0,42
3560,-157.0,157,1.0,42
3561,-195.0,195,1.0,42
3562,-157.0,157,1.0,42
3563,-200.0,200,0.0,42
3564,-200.0,200,0.0,42
3565,-200.0,200,0.0,42
3566,-200.0,200,0.0,42
3567,-200.0,200,0.0,42
3568,-200.0,200,0.0,42
3569,-200.0,200,0.0,42
3570,-200.0,200,0.0,42
3571,-200.0,200,0.0,42
3572,-200.0,200,0.0,42
3573,-169.0,169,1.0,42
3574,-198.0,198,1.0,42
3575,-200.0,200,0.0,42
3576,-170.0,170,1.0,42
3577,-200.0,200,0.0,42
3578,-200.0,200,0.0,42
3579,-200.0,200,0.0,42
3580,-200.0,200,0.0,42
3581,-200.0,200,0.0,42
3582,-165.0,165,1.0,42
3583,-200.0,200,0.0,42
3584,-200.0,200,0.0,42
3585,-132.0,132,1.0,42
3586,-200.0,200,0.0,42
3587,-163.0,163,1.0,42
3588,-200.0,200,0.0,42
3589,-200.0,200,0.0,42
3590,-200.0,200,0.0,42
3591,-198.0,198,1.0,42
3592,-200.0,200,0.0,42
3593,-200.0,200,0.0,42
3594,-197.0,197,1.0,42
3595,-200.0,200,0.0,42
3596,-163.0,163,1.0,42
3597,-194.0,194,1.0,42
3598,-200.0,200,0.0,42
3599,-200.0,200,0.0,42
3600,-172.0,172,1.0,42
3601,-200.0,200,0.0,42
3602,-165.0,165,1.0,42
3603,-169.0,169,1.0,42
3604,-165.0,165,1.0,42
3605,-200.0,200,0.0,42
3606,-191.0,191,1.0,42
3607,-200.0,200,0.0,42
3608,-172.0,172,1.0,42
3609,-161.0,161,1.0,42
3610,-200.0,200,0.0,42
3611,-194.0,194,1.0,42
3612,-172.0,172,1.0,42
3613,-157.0,157,1.0,42
3614,-200.0,200,0.0,42
3615,-159.0,159,1.0,42
3616,-200.0,200,0.0,42
3617,-200.0,200,0.0,42
3618,-159.0,159,1.0,42
3619,-200.0,200,0.0,42
3620,-161.0,161,1.0,42
3621,-153.0,153,1.0,42
3622,-200.0,200,0.0,42
3623,-160.0,160,1.0,42
3624,-200.0,200,0.0,42
3625,-198.0,198,1.0,42
3626,-133.0,133,1.0,42
3627,-159.0,159,1.0,42
3628,-200.0,200,0.0,42
3629,-200.0,200,0.0,42
3630,-158.0,158,1.0,42
3631,-200.0,200,0.0,42
3632,-200.0,200,0.0,42
3633,-170.0,170,1.0,42
3634,-200.0,200,0.0,42
3635,-186.0,186,1.0,42
3636,-200.0,200,0.0,42
3637,-200.0,200,0.0,42
3638,-200.0,200,0.0,42
3639,-196.0,196,1.0,42
3640,-200.0,200,0.0,42
3641,-200.0,200,0.0,42
3642,-200.0,200,0.0,42
3643,-170.0,170,1.0,42
3644,-200.0,200,0.0,42
3645,-200.0,200,0.0,42
3646,-160.0,160,1.0,42
3647,-200.0,200,0.0,42
3648,-172.0,172,1.0,42
3649,-200.0,200,0.0,42
3650,-198.0,198,1.0,42
3651,-200.0,200,0.0,42
3652,-200.0,200,0.0,42
3653,-200.0,200,0.0,42
3654,-200.0,200,0.0,42
3655,-200.0,200,0.0,42
3656,-200.0,200,0.0,42
3657,-187.0,187,1.0,42
3658,-200.0,200,0.0,42
3659,-163.0,163,1.0,42
3660,-200.0,200,0.0,42
3661,-200.0,200,0.0,42
3662,-200.0,200,0.0,42
3663,-189.0,189,1.0,42
3664,-200.0,200,0.0,42
3665,-200.0,200,0.0,42
3666,-200.0,200,0.0,42
3667,-200.0,200,0.0,42
3668,-182.0,182,1.0,42
3669,-188.0,188,1.0,42
3670,-187.0,187,1.0,42
3671,-200.0,200,0.0,42
3672,-200.0,200,0.0,42
3673,-200.0,200,0.0,42
3674,-163.0,163,1.0,42
3675,-200.0,200,0.0,42
3676,-158.0,158,1.0,42
3677,-200.0,200,0.0,42
3678,-200.0,200,0.0,42
3679,-200.0,200,0.0,42
3680,-153.0,153,1.0,42
3681,-200.0,200,0.0,42
3682,-162.0,162,1.0,42
3683,-200.0,200,0.0,42
3684,-164.0,164,1.0,42
3685,-184.0,184,1.0,42
3686,-200.0,200,0.0,42
3687,-200.0,200,0.0,42
3688,-200.0,200,0.0,42
3689,-176.0,176,1.0,42
3690,-200.0,200,0.0,42
3691,-200.0,200,0.0,42
3692,-200.0,200,0.0,42
3693,-200.0,200,0.0,42
3694,-200.0,200,0.0,42
3695,-200.0,200,0.0,42
3696,-200.0,200,0.0,42
3697,-200.0,200,0.0,42
3698,-200.0,200,0.0,42
3699,-200.0,200,0.0,42
3700,-200.0,200,0.0,42
3701,-200.0,200,0.0,42
3702,-176.0,176,1.0,42
3703,-194.0,194,1.0,42
3704,-200.0,200,0.0,42
3705,-200.0,200,0.0,42
3706,-200.0,200,0.0,42
3707,-163.0,163,1.0,42
3708,-200.0,200,0.0,42
3709,-200.0,200,0.0,42
3710,-200.0,200,0.0,42
3711,-200.0,200,0.0,42
3712,-161.0,161,1.0,42
3713,-183.0,183,1.0,42
3714,-200.0,200,0.0,42
3715,-200.0,200,0.0,42
3716,-200.0,200,0.0,42
3717,-200.0,200,0.0,42
3718,-183.0,183,1.0,42
3719,-200.0,200,0.0,42
3720,-168.0,168,1.0,42
3721,-196.0,196,1.0,42
3722,-167.0,167,1.0,42
3723,-174.0,174,1.0,42
3724,-200.0,200,0.0,42
3725,-177.0,177,1.0,42
3726,-200.0,200,0.0,42
3727,-200.0,200,0.0,42
3728,-200.0,200,0.0,42
3729,-197.0,197,1.0,42
3730,-200.0,200,0.0,42
3731,-200.0,200,0.0,42
3732,-196.0,196,1.0,42
3733,-200.0,200,0.0,42
3734,-200.0,200,0.0,42
3735,-200.0,200,0.0,42
3736,-200.0,200,0.0,42
3737,-200.0,200,0.0,42
3738,-200.0,200,0.0,42
3739,-200.0,200,0.0,42
3740,-200.0,200,0.0,42
3741,-200.0,200,0.0,42
3742,-200.0,200,0.0,42
3743,-190.0,190,1.0,42
3744,-200.0,200,0.0,42
3745,-200.0,200,0.0,42
3746,-200.0,200,0.0,42
3747,-169.0,169,1.0,42
3748,-200.0,200,0.0,42
3749,-197.0,197,1.0,42
3750,-156.0,156,1.0,42
3751,-200.0,200,0.0,42
3752,-200.0,200,0.0,42
3753,-153.0,153,1.0,42
3754,-170.0,170,1.0,42
3755,-200.0,200,0.0,42
3756,-200.0,200,0.0,42
3757,-191.0,191,1.0,42
3758,-200.0,200,0.0,42
3759,-172.0,172,1.0,42
3760,-200.0,200,0.0,42
3761,-195.0,195,1.0,42
3762,-200.0,200,0.0,42
3763,-200.0,200,0.0,42
3764,-165.0,165,1.0,42
3765,-200.0,200,0.0,42
3766,-200.0,200,0.0,42
3767,-200.0,200,0.0,42
3768,-200.0,200,0.0,42
3769,-175.0,175,1.0,42
3770,-200.0,200,0.0,42
3771,-166.0,166,1.0,42
3772,-200.0,200,0.0,42
3773,-200.0,200,0.0,42
3774,-200.0,200,0.0,42
3775,-200.0,200,0.0,42
3776,-200.0,200,0.0,42
3777,-200.0,200,0.0,42
3778,-200.0,200,0.0,42
3779,-200.0,200,0.0,42
3780,-200.0,200,0.0,42
3781,-200.0,200,0.0,42
3782,-200.0,200,0.0,42
3783,-200.0,200,0.0,42
3784,-200.0,200,0.0,42
3785,-200.0,200,0.0,42
3786,-200.0,200,0.0,42
3787,-200.0,200,0.0,42
3788,-200.0,200,0.0,42
3789,-200.0,200,0.0,42
3790,-200.0,200,0.0,42
3791,-200.0,200,0.0,42
3792,-200.0,200,0.0,42
3793,-200.0,200,0.0,42
3794,-182.0,182,1.0,42
3795,-200.0,200,0.0,42
3796,-200.0,200,0.0,42
3797,-200.0,200,0.0,42
3798,-200.0,200,0.0,42
3799,-183.0,183,1.0,42
3800,-198.0,198,1.0,42
3801,-200.0,200,0.0,42
3802,-200.0,200,0.0,42
3803,-165.0,165,1.0,42
3804,-171.0,171,1.0,42
3805,-169.0,169,1.0,42
3806,-200.0,200,0.0,42
3807,-200.0,200,0.0,42
3808,-200.0,200,0.0,42
3809,-177.0,177,1.0,42
3810,-200.0,200,0.0,42
3811,-173.0,173,1.0,42
3812,-200.0,200,0.0,42
3813,-200.0,200,0.0,42
3814,-200.0,200,0.0,42
3815,-200.0,200,0.0,42
3816,-200.0,200,0.0,42
3817,-200.0,200,0.0,42
3818,-200.0,200,0.0,42
3819,-184.0,184,1.0,42
3820,-200.0,200,0.0,42
3821,-200.0,200,0.0,42
3822,-200.0,200,0.0,42
3823,-200.0,200,0.0,42
3824,-200.0,200,0.0,42
3825,-200.0,200,0.0,42
3826,-200.0,200,0.0,42
3827,-200.0,200,0.0,42
3828,-200.0,200,0.0,42
3829,-200.0,200,0.0,42
3830,-153.0,153,1.0,42
3831,-200.0,200,0.0,42
3832,-200.0,200,0.0,42
3833,-200.0,200,0.0,42
3834,-200.0,200,0.0,42
3835,-200.0,200,0.0,42
3836,-200.0,200,0.0,42
3837,-198.0,198,1.0,42
3838,-200.0,200,0.0,42
3839,-200.0,200,0.0,42
3840,-200.0,200,0.0,42
3841,-200.0,200,0.0,42
3842,-200.0,200,0.0,42
3843,-200.0,200,0.0,42
3844,-200.0,200,0.0,42
3845,-200.0,200,0.0,42
3846,-200.0,200,0.0,42
3847,-200.0,200,0.0,42
3848,-200.0,200,0.0,42
3849,-190.0,190,1.0,42
3850,-200.0,200,0.0,42
3851,-200.0,200,0.0,42
3852,-200.0,200,0.0,42
3853,-200.0,200,0.0,42
3854,-200.0,200,0.0,42
3855,-200.0,200,0.0,42
3856,-200.0,200,0.0,42
3857,-200.0,200,0.0,42
3858,-200.0,200,0.0,42
3859,-200.0,200,0.0,42
3860,-200.0,200,0.0,42
3861,-200.0,200,0.0,42
3862,-169.0,169,1.0,42
3863,-200.0,200,0.0,42
3864,-200.0,200,0.0,42
3865,-200.0,200,0.0,42
3866,-172.0,172,1.0,42
3867,-165.0,165,1.0,42
3868,-165.0,165,1.0,42
3869,-200.0,200,0.0,42
3870,-200.0,200,0.0,42
3871,-187.0,187,1.0,42
3872,-199.0,199,1.0,42
3873,-169.0,169,1.0,42
3874,-197.0,197,1.0,42
3875,-200.0,200,0.0,42
3876,-200.0,200,0.0,42
3877,-200.0,200,0.0,42
3878,-200.0,200,0.0,42
3879,-196.0,196,1.0,42
3880,-200.0,200,0.0,42
3881,-173.0,173,1.0,42
3882,-163.0,163,1.0,42
3883,-171.0,171,1.0,42
3884,-165.0,165,1.0,42
3885,-200.0,200,0.0,42
3886,-199.0,199,1.0,42
3887,-196.0,196,1.0,42
3888,-181.0,181,1.0,42
3889,-200.0,200,0.0,42
3890,-200.0,200,0.0,42
3891,-188.0,188,1.0,42
3892,-200.0,200,0.0,42
3893,-190.0,190,1.0,42
3894,-178.0,178,1.0,42
3895,-199.0,199,1.0,42
3896,-200.0,200,0.0,42
3897,-195.0,195,1.0,42
3898,-200.0,200,0.0,42
3899,-157.0,157,1.0,42
3900,-200.0,200,0.0,42
3901,-200.0,200,0.0,42
3902,-200.0,200,0.0,42
3903,-200.0,200,0.0,42
3904,-157.0,157,1.0,42
3905,-200.0,200,0.0,42
3906,-200.0,200,0.0,42
3907,-200.0,200,0.0,42
3908,-176.0,176,1.0,42
3909,-166.0,166,1.0,42
3910,-200.0,200,0.0,42
3911,-186.0,186,1.0,42
3912,-196.0,196,1.0,42
3913,-200.0,200,0.0,42
3914,-173.0,173,1.0,42
3915,-191.0,191,1.0,42
3916,-200.0,200,0.0,42
3917,-176.0,176,1.0,42
3918,-200.0,200,0.0,42
3919,-193.0,193,1.0,42
3920,-200.0,200,0.0,42
3921,-200.0,200,0.0,42
3922,-195.0,195,1.0,42
3923,-192.0,192,1.0,42
3924,-200.0,200,0.0,42
3925,-200.0,200,0.0,42
3926,-161.0,161,1.0,42
3927,-200.0,200,0.0,42
3928,-200.0,200,0.0,42
3929,-200.0,200,0.0,42
3930,-184.0,184,1.0,42
3931,-200.0,200,0.0,42
3932,-200.0,200,0.0,42
3933,-200.0,200,0.0,42
3934,-164.0,164,1.0,42
3935,-200.0,200,0.0,42
3936,-200.0,200,0.0,42
3937,-200.0,200,0.0,42
3938,-200.0,200,0.0,42
3939,-200.0,200,0.0,42
3940,-200.0,200,0.0,42
3941,-200.0,200,0.0,42
3942,-200.0,200,0.0,42
3943,-200.0,200,0.0,42
3944,-200.0,200,0.0,42
3945,-200.0,200,0.0,42
3946,-177.0,177,1.0,42
3947,-200.0,200,0.0,42
3948,-200.0,200,0.0,42
3949,-181.0,181,1.0,42
3950,-162.0,162,1.0,42
3951,-197.0,197,1.0,42
3952,-170.0,170,1.0,42
3953,-200.0,200,0.0,42
3954,-200.0,200,0.0,42
3955,-198.0,198,1.0,42
3956,-200.0,200,0.0,42
3957,-200.0,200,0.0,42
3958,-200.0,200,0.0,42
3959,-200.0,200,0.0,42
3960,-200.0,200,0.0,42
3961,-200.0,200,0.0,42
3962,-200.0,200,0.0,42
3963,-159.0,159,1.0,42
3964,-168.0,168,1.0,42
3965,-200.0,200,0.0,42
3966,-200.0,200,0.0,42
3967,-200.0,200,0.0,42
3968,-200.0,200,0.0,42
3969,-200.0,200,0.0,42
3970,-200.0,200,0.0,42
3971,-200.0,200,0.0,42
3972,-200.0,200,0.0,42
3973,-171.0,171,1.0,42
3974,-200.0,200,0.0,42
3975,-200.0,200,0.0,42
3976,-200.0,200,0.0,42
3977,-200.0,200,0.0,42
3978,-200.0,200,0.0,42
3979,-200.0,200,0.0,42
3980,-200.0,200,0.0,42
3981,-200.0,200,0.0,42
3982,-200.0,200,0.0,42
3983,-200.0,200,0.0,42
3984,-200.0,200,0.0,42
3985,-200.0,200,0.0,42
3986,-163.0,163,1.0,42
3987,-200.0,200,0.0,42
3988,-200.0,200,0.0,42
3989,-200.0,200,0.0,42
3990,-169.0,169,1.0,42
3991,-200.0,200,0.0,42
3992,-200.0,200,0.0,42
3993,-200.0,200,0.0,42
3994,-200.0,200,0.0,42
3995,-200.0,200,0.0,42
3996,-200.0,200,0.0,42
3997,-200.0,200,0.0,42
3998,-200.0,200,0.0,42
3999,-200.0,200,0.0,42
4000,-200.0,200,0.0,42
4001,-200.0,200,0.0,42
4002,-200.0,200,0.0,42
4003,-200.0,200,0.0,42
4004,-195.0,195,1.0,42
4005,-200.0,200,0.0,42
4006,-200.0,200,0.0,42
4007,-200.0,200,0.0,42
4008,-200.0,200,0.0,42
4009,-200.0,200,0.0,42
4010,-200.0,200,0.0,42
4011,-200.0,200,0.0,42
4012,-173.0,173,1.0,42
4013,-200.0,200,0.0,42
4014,-200.0,200,0.0,42
4015,-200.0,200,0.0,42
4016,-200.0,200,0.0,42
4017,-200.0,200,0.0,42
4018,-200.0,200,0.0,42
4019,-200.0,200,0.0,42
4020,-200.0,200,0.0,42
4021,-200.0,200,0.0,42
4022,-200.0,200,0.0,42
4023,-197.0,197,1.0,42
4024,-200.0,200,0.0,42
4025,-200.0,200,0.0,42
4026,-200.0,200,0.0,42
4027,-200.0,200,0.0,42
4028,-200.0,200,0.0,42
4029,-200.0,200,0.0,42
4030,-200.0,200,0.0,42
4031,-175.0,175,1.0,42
4032,-200.0,200,0.0,42
4033,-200.0,200,0.0,42
4034,-157.0,157,1.0,42
4035,-200.0,200,0.0,42
4036,-200.0,200,0.0,42
4037,-200.0,200,0.0,42
4038,-200.0,200,0.0,42
4039,-200.0,200,0.0,42
4040,-200.0,200,0.0,42
4041,-194.0,194,1.0,42
4042,-200.0,200,0.0,42
4043,-197.0,197,1.0,42
4044,-200.0,200,0.0,42
4045,-200.0,200,0.0,42
4046,-200.0,200,0.0,42
4047,-200.0,200,0.0,42
4048,-200.0,200,0.0,42
4049,-200.0,200,0.0,42
4050,-200.0,200,0.0,42
4051,-200.0,200,0.0,42
4052,-200.0,200,0.0,42
4053,-200.0,200,0.0,42
4054,-161.0,161,1.0,42
4055,-200.0,200,0.0,42
4056,-200.0,200,0.0,42
4057,-200.0,200,0.0,42
4058,-200.0,200,0.0,42
4059,-200.0,200,0.0,42
4060,-200.0,200,0.0,42
4061,-200.0,200,0.0,42
4062,-200.0,200,0.0,42
4063,-200.0,200,0.0,42
4064,-200.0,200,0.0,42
4065,-200.0,200,0.0,42
4066,-200.0,200,0.0,42
4067,-200.0,200,0.0,42
4068,-200.0,200,0.0,42
4069,-200.0,200,0.0,42
4070,-200.0,200,0.0,42
4071,-200.0,200,0.0,42
4072,-200.0,200,0.0,42
4073,-200.0,200,0.0,42
4074,-200.0,200,0.0,42
4075,-200.0,200,0.0,42
4076,-200.0,200,0.0,42
4077,-200.0,200,0.0,42
4078,-191.0,191,1.0,42
4079,-169.0,169,1.0,42
4080,-200.0,200,0.0,42
4081,-193.0,193,1.0,42
4082,-200.0,200,0.0,42
4083,-200.0,200,0.0,42
4084,-200.0,200,0.0,42
4085,-200.0,200,0.0,42
4086,-200.0,200,0.0,42
4087,-200.0,200,0.0,42
4088,-200.0,200,0.0,42
4089,-200.0,200,0.0,42
4090,-200.0,200,0.0,42
4091,-200.0,200,0.0,42
4092,-200.0,200,0.0,42
4093,-200.0,200,0.0,42
4094,-200.0,200,0.0,42
4095,-200.0,200,0.0,42
4096,-200.0,200,0.0,42
4097,-195.0,195,1.0,42
4098,-187.0,187,1.0,42
4099,-199.0,199,1.0,42
4100,-200.0,200,0.0,42
4101,-200.0,200,0.0,42
4102,-186.0,186,1.0,42
4103,-189.0,189,1.0,42
4104,-200.0,200,0.0,42
4105,-200.0,200,0.0,42
4106,-200.0,200,0.0,42
4107,-200.0,200,0.0,42
4108,-200.0,200,0.0,42
4109,-194.0,194,1.0,42
4110,-200.0,200,0.0,42
4111,-198.0,198,1.0,42
4112,-200.0,200,0.0,42
4113,-200.0,200,0.0,42
4114,-191.0,191,1.0,42
4115,-200.0,200,0.0,42
4116,-200.0,200,0.0,42
4117,-200.0,200,0.0,42
4118,-200.0,200,0.0,42
4119,-192.0,192,1.0,42
4120,-200.0,200,0.0,42
4121,-200.0,200,0.0,42
4122,-200.0,200,0.0,42
4123,-200.0,200,0.0,42
4124,-200.0,200,0.0,42
4125,-200.0,200,0.0,42
4126,-200.0,200,0.0,42
4127,-200.0,200,0.0,42
4128,-200.0,200,0.0,42
4129,-200.0,200,0.0,42
4130,-200.0,200,0.0,42
4131,-200.0,200,0.0,42
4132,-189.0,189,1.0,42
4133,-200.0,200,0.0,42
4134,-200.0,200,0.0,42
4135,-200.0,200,0.0,42
4136,-200.0,200,0.0,42
4137,-200.0,200,0.0,42
4138,-200.0,200,0.0,42
4139,-189.0,189,1.0,42
4140,-200.0,200,0.0,42
4141,-200.0,200,0.0,42
4142,-197.0,197,1.0,42
4143,-200.0,200,0.0,42
4144,-200.0,200,0.0,42
4145,-200.0,200,0.0,42
4146,-193.0,193,1.0,42
4147,-200.0,200,0.0,42
4148,-190.0,190,1.0,42
4149,-200.0,200,0.0,42
4150,-193.0,193,1.0,42
4151,-200.0,200,0.0,42
4152,-200.0,200,0.0,42
4153,-192.0,192,1.0,42
4154,-195.0,195,1.0,42
4155,-200.0,200,0.0,42
4156,-192.0,192,1.0,42
4157,-195.0,195,1.0,42
4158,-200.0,200,0.0,42
4159,-200.0,200,0.0,42
4160,-200.0,200,0.0,42
4161,-200.0,200,0.0,42
4162,-200.0,200,0.0,42
4163,-200.0,200,0.0,42
4164,-200.0,200,0.0,42
4165,-200.0,200,0.0,42
4166,-200.0,200,0.0,42
4167,-200.0,200,0.0,42
4168,-200.0,200,0.0,42
4169,-196.0,196,1.0,42
4170,-200.0,200,0.0,42
4171,-192.0,192,1.0,42
4172,-200.0,200,0.0,42
4173,-200.0,200,0.0,42
4174,-200.0,200,0.0,42
4175,-200.0,200,0.0,42
4176,-200.0,200,0.0,42
4177,-200.0,200,0.0,42
4178,-194.0,194,1.0,42
4179,-200.0,200,0.0,42
4180,-192.0,192,1.0,42
4181,-200.0,200,0.0,42
4182,-195.0,195,1.0,42
4183,-200.0,200,0.0,42
4184,-200.0,200,0.0,42
4185,-181.0,181,1.0,42
4186,-193.0,193,1.0,42
4187,-200.0,200,0.0,42
4188,-200.0,200,0.0,42
4189,-200.0,200,0.0,42
4190,-193.0,193,1.0,42
4191,-200.0,200,0.0,42
4192,-200.0,200,0.0,42
4193,-200.0,200,0.0,42
4194,-200.0,200,0.0,42
4195,-157.0,157,1.0,42
4196,-200.0,200,0.0,42
4197,-200.0,200,0.0,42
4198,-200.0,200,0.0,42
4199,-200.0,200,0.0,42
4200,-200.0,200,0.0,42
4201,-200.0,200,0.0,42
4202,-200.0,200,0.0,42
4203,-200.0,200,0.0,42
4204,-200.0,200,0.0,42
4205,-187.0,187,1.0,42
4206,-200.0,200,0.0,42
4207,-200.0,200,0.0,42
4208,-200.0,200,0.0,42
4209,-200.0,200,0.0,42
4210,-200.0,200,0.0,42
4211,-186.0,186,1.0,42
4212,-159.0,159,1.0,42
4213,-196.0,196,1.0,42
4214,-200.0,200,0.0,42
4215,-200.0,200,0.0,42
4216,-194.0,194,1.0,42
4217,-200.0,200,0.0,42
4218,-200.0,200,0.0,42
4219,-159.0,159,1.0,42
4220,-197.0,197,1.0,42
4221,-200.0,200,0.0,42
4222,-192.0,192,1.0,42
4223,-191.0,191,1.0,42
4224,-200.0,200,0.0,42
4225,-172.0,172,1.0,42
4226,-155.0,155,1.0,42
4227,-200.0,200,0.0,42
4228,-197.0,197,1.0,42
4229,-200.0,200,0.0,42
4230,-192.0,192,1.0,42
4231,-200.0,200,0.0,42
4232,-200.0,200,0.0,42
4233,-196.0,196,1.0,42
4234,-200.0,200,0.0,42
4235,-200.0,200,0.0,42
4236,-200.0,200,0.0,42
4237,-200.0,200,0.0,42
4238,-200.0,200,0.0,42
4239,-200.0,200,0.0,42
4240,-200.0,200,0.0,42
4241,-190.0,190,1.0,42
4242,-200.0,200,0.0,42
4243,-200.0,200,0.0,42
4244,-200.0,200,0.0,42
4245,-200.0,200,0.0,42
4246,-200.0,200,0.0,42
4247,-190.0,190,1.0,42
4248,-162.0,162,1.0,42
4249,-167.0,167,1.0,42
4250,-200.0,200,0.0,42
4251,-171.0,171,1.0,42
4252,-200.0,200,0.0,42
4253,-200.0,200,0.0,42
4254,-200.0,200,0.0,42
4255,-170.0,170,1.0,42
4256,-200.0,200,0.0,42
4257,-200.0,200,0.0,42
4258,-200.0,200,0.0,42
4259,-200.0,200,0.0,42
4260,-200.0,200,0.0,42
4261,-200.0,200,0.0,42
4262,-200.0,200,0.0,42
4263,-200.0,200,0.0,42
4264,-200.0,200,0.0,42
4265,-164.0,164,1.0,42
4266,-200.0,200,0.0,42
4267,-200.0,200,0.0,42
4268,-200.0,200,0.0,42
4269,-200.0,200,0.0,42
4270,-194.0,194,1.0,42
4271,-157.0,157,1.0,42
4272,-192.0,192,1.0,42
4273,-192.0,192,1.0,42
4274,-200.0,200,0.0,42
4275,-200.0,200,0.0,42
4276,-200.0,200,0.0,42
4277,-200.0,200,0.0,42
4278,-191.0,191,1.0,42
4279,-200.0,200,0.0,42
4280,-172.0,172,1.0,42
4281,-200.0,200,0.0,42
4282,-200.0,200,0.0,42
4283,-200.0,200,0.0,42
4284,-200.0,200,0.0,42
4285,-200.0,200,0.0,42
4286,-200.0,200,0.0,42
4287,-200.0,200,0.0,42
4288,-200.0,200,0.0,42
4289,-200.0,200,0.0,42
4290,-199.0,199,1.0,42
4291,-200.0,200,0.0,42
4292,-200.0,200,0.0,42
4293,-200.0,200,0.0,42
4294,-200.0,200,0.0,42
4295,-200.0,200,0.0,42
4296,-200.0,200,0.0,42
4297,-200.0,200,0.0,42
4298,-200.0,200,0.0,42
4299,-200.0,200,0.0,42
4300,-169.0,169,1.0,42
4301,-200.0,200,0.0,42
4302,-200.0,200,0.0,42
4303,-200.0,200,0.0,42
4304,-198.0,198,1.0,42
4305,-200.0,200,0.0,42
4306,-174.0,174,1.0,42
4307,-200.0,200,0.0,42
4308,-200.0,200,0.0,42
4309,-200.0,200,0.0,42
4310,-200.0,200,0.0,42
4311,-200.0,200,0.0,42
4312,-168.0,168,1.0,42
4313,-161.0,161,1.0,42
4314,-200.0,200,0.0,42
4315,-200.0,200,0.0,42
4316,-200.0,200,0.0,42
4317,-200.0,200,0.0,42
4318,-200.0,200,0.0,42
4319,-163.0,163,1.0,42
4320,-200.0,200,0.0,42
4321,-158.0,158,1.0,42
4322,-193.0,193,1.0,42
4323,-168.0,168,1.0,42
4324,-163.0,163,1.0,42
4325,-200.0,200,0.0,42
4326,-200.0,200,0.0,42
4327,-163.0,163,1.0,42
4328,-200.0,200,0.0,42
4329,-200.0,200,0.0,42
4330,-200.0,200,0.0,42
4331,-199.0,199,1.0,42
4332,-178.0,178,1.0,42
4333,-200.0,200,0.0,42
4334,-200.0,200,0.0,42
4335,-200.0,200,0.0,42
4336,-200.0,200,0.0,42
4337,-173.0,173,1.0,42
4338,-200.0,200,0.0,42
4339,-200.0,200,0.0,42
4340,-200.0,200,0.0,42
4341,-200.0,200,0.0,42
4342,-200.0,200,0.0,42
4343,-200.0,200,0.0,42
4344,-200.0,200,0.0,42
4345,-166.0,166,1.0,42
4346,-200.0,200,0.0,42
4347,-168.0,168,1.0,42
4348,-200.0,200,0.0,42
4349,-200.0,200,0.0,42
4350,-200.0,200,0.0,42
4351,-177.0,177,1.0,42
4352,-172.0,172,1.0,42
4353,-200.0,200,0.0,42
4354,-200.0,200,0.0,42
4355,-197.0,197,1.0,42
4356,-168.0,168,1.0,42
4357,-200.0,200,0.0,42
4358,-200.0,200,0.0,42
4359,-197.0,197,1.0,42
4360,-171.0,171,1.0,42
4361,-200.0,200,0.0,42
4362,-200.0,200,0.0,42
4363,-200.0,200,0.0,42
4364,-194.0,194,1.0,42
4365,-200.0,200,0.0,42
4366,-169.0,169,1.0,42
4367,-168.0,168,1.0,42
4368,-200.0,200,0.0,42
4369,-170.0,170,1.0,42
4370,-200.0,200,0.0,42
4371,-200.0,200,0.0,42
4372,-200.0,200,0.0,42
4373,-200.0,200,0.0,42
4374,-200.0,200,0.0,42
4375,-200.0,200,0.0,42
4376,-200.0,200,0.0,42
4377,-168.0,168,1.0,42
4378,-200.0,200,0.0,42
4379,-158.0,158,1.0,42
4380,-200.0,200,0.0,42
4381,-168.0,168,1.0,42
4382,-200.0,200,0.0,42
4383,-200.0,200,0.0,42
4384,-200.0,200,0.0,42
4385,-200.0,200,0.0,42
4386,-200.0,200,0.0,42
4387,-200.0,200,0.0,42
4388,-200.0,200,0.0,42
4389,-200.0,200,0.0,42
4390,-164.0,164,1.0,42
4391,-200.0,200,0.0,42
4392,-200.0,200,0.0,42
4393,-172.0,172,1.0,42
4394,-174.0,174,1.0,42
4395,-200.0,200,0.0,42
4396,-200.0,200,0.0,42
4397,-200.0,200,0.0,42
4398,-173.0,173,1.0,42
4399,-171.0,171,1.0,42
4400,-200.0,200,0.0,42
4401,-200.0,200,0.0,42
4402,-200.0,200,0.0,42
4403,-200.0,200,0.0,42
4404,-175.0,175,1.0,42
4405,-167.0,167,1.0,42
4406,-156.0,156,1.0,42
4407,-200.0,200,0.0,42
4408,-200.0,200,0.0,42
4409,-200.0,200,0.0,42
4410,-200.0,200,0.0,42
4411,-200.0,200,0.0,42
4412,-171.0,171,1.0,42
4413,-160.0,160,1.0,42
4414,-200.0,200,0.0,42
4415,-167.0,167,1.0,42
4416,-200.0,200,0.0,42
4417,-200.0,200,0.0,42
4418,-200.0,200,0.0,42
4419,-200.0,200,0.0,42
4420,-200.0,200,0.0,42
4421,-200.0,200,0.0,42
4422,-200.0,200,0.0,42
4423,-158.0,158,1.0,42
4424,-200.0,200,0.0,42
4425,-200.0,200,0.0,42
4426,-200.0,200,0.0,42
4427,-171.0,171,1.0,42
4428,-182.0,182,1.0,42
4429,-200.0,200,0.0,42
4430,-200.0,200,0.0,42
4431,-200.0,200,0.0,42
4432,-170.0,170,1.0,42
4433,-172.0,172,1.0,42
4434,-200.0,200,0.0,42
4435,-200.0,200,0.0,42
4436,-200.0,200,0.0,42
4437,-156.0,156,1.0,42
4438,-200.0,200,0.0,42
4439,-200.0,200,0.0,42
4440,-200.0,200,0.0,42
4441,-168.0,168,1.0,42
4442,-200.0,200,0.0,42
4443,-168.0,168,1.0,42
4444,-166.0,166,1.0,42
4445,-200.0,200,0.0,42
4446,-200.0,200,0.0,42
4447,-157.0,157,1.0,42
4448,-200.0,200,0.0,42
4449,-177.0,177,1.0,42
4450,-168.0,168,1.0,42
4451,-169.0,169,1.0,42
4452,-198.0,198,1.0,42
4453,-200.0,200,0.0,42
4454,-200.0,200,0.0,42
4455,-200.0,200,0.0,42
4456,-200.0,200,0.0,42
4457,-173.0,173,1.0,42
4458,-200.0,200,0.0,42
4459,-200.0,200,0.0,42
4460,-174.0,174,1.0,42
4461,-179.0,179,1.0,42
4462,-166.0,166,1.0,42
4463,-170.0,170,1.0,42
4464,-200.0,200,0.0,42
4465,-169.0,169,1.0,42
4466,-166.0,166,1.0,42
4467,-200.0,200,0.0,42
4468,-165.0,165,1.0,42
4469,-200.0,200,0.0,42
4470,-200.0,200,0.0,42
4471,-200.0,200,0.0,42
4472,-200.0,200,0.0,42
4473,-200.0,200,0.0,42
4474,-161.0,161,1.0,42
4475,-200.0,200,0.0,42
4476,-200.0,200,0.0,42
4477,-200.0,200,0.0,42
4478,-200.0,200,0.0,42
4479,-200.0,200,0.0,42
4480,-200.0,200,0.0,42
4481,-200.0,200,0.0,42
4482,-200.0,200,0.0,42
4483,-200.0,200,0.0,42
4484,-200.0,200,0.0,42
4485,-200.0,200,0.0,42
4486,-200.0,200,0.0,42
4487,-200.0,200,0.0,42
4488,-200.0,200,0.0,42
4489,-200.0,200,0.0,42
4490,-164.0,164,1.0,42
4491,-200.0,200,0.0,42
4492,-200.0,200,0.0,42
4493,-200.0,200,0.0,42
4494,-200.0,200,0.0,42
4495,-165.0,165,1.0,42
4496,-200.0,200,0.0,42
4497,-200.0,200,0.0,42
4498,-200.0,200,0.0,42
4499,-200.0,200,0.0,42
4500,-163.0,163,1.0,42
4501,-200.0,200,0.0,42
4502,-200.0,200,0.0,42
4503,-200.0,200,0.0,42
4504,-200.0,200,0.0,42
4505,-200.0,200,0.0,42
4506,-200.0,200,0.0,42
4507,-200.0,200,0.0,42
4508,-200.0,200,0.0,42
4509,-200.0,200,0.0,42
4510,-200.0,200,0.0,42
4511,-200.0,200,0.0,42
4512,-167.0,167,1.0,42
4513,-200.0,200,0.0,42
4514,-200.0,200,0.0,42
4515,-200.0,200,0.0,42
4516,-171.0,171,1.0,42
4517,-170.0,170,1.0,42
4518,-200.0,200,0.0,42
4519,-200.0,200,0.0,42
4520,-164.0,164,1.0,42
4521,-200.0,200,0.0,42
4522,-200.0,200,0.0,42
4523,-194.0,194,1.0,42
4524,-200.0,200,0.0,42
4525,-162.0,162,1.0,42
4526,-200.0,200,0.0,42
4527,-200.0,200,0.0,42
4528,-200.0,200,0.0,42
4529,-200.0,200,0.0,42
4530,-200.0,200,0.0,42
4531,-200.0,200,0.0,42
4532,-200.0,200,0.0,42
4533,-200.0,200,0.0,42
4534,-200.0,200,0.0,42
4535,-200.0,200,0.0,42
4536,-200.0,200,0.0,42
4537,-199.0,199,1.0,42
4538,-200.0,200,0.0,42
4539,-200.0,200,0.0,42
4540,-170.0,170,1.0,42
4541,-164.0,164,1.0,42
4542,-160.0,160,1.0,42
4543,-200.0,200,0.0,42
4544,-200.0,200,0.0,42
4545,-170.0,170,1.0,42
4546,-200.0,200,0.0,42
4547,-200.0,200,0.0,42
4548,-200.0,200,0.0,42
4549,-200.0,200,0.0,42
4550,-164.0,164,1.0,42
4551,-200.0,200,0.0,42
4552,-200.0,200,0.0,42
4553,-160.0,160,1.0,42
4554,-200.0,200,0.0,42
4555,-157.0,157,1.0,42
4556,-167.0,167,1.0,42
4557,-200.0,200,0.0,42
4558,-200.0,200,0.0,42
4559,-191.0,191,1.0,42
4560,-167.0,167,1.0,42
4561,-195.0,195,1.0,42
4562,-200.0,200,0.0,42
4563,-182.0,182,1.0,42
4564,-200.0,200,0.0,42
4565,-200.0,200,0.0,42
4566,-200.0,200,0.0,42
4567,-153.0,153,1.0,42
4568,-162.0,162,1.0,42
4569,-170.0,170,1.0,42
4570,-200.0,200,0.0,42
4571,-200.0,200,0.0,42
4572,-172.0,172,1.0,42
4573,-200.0,200,0.0,42
4574,-200.0,200,0.0,42
4575,-200.0,200,0.0,42
4576,-200.0,200,0.0,42
4577,-169.0,169,1.0,42
4578,-200.0,200,0.0,42
4579,-200.0,200,0.0,42
4580,-200.0,200,0.0,42
4581,-200.0,200,0.0,42
4582,-200.0,200,0.0,42
4583,-200.0,200,0.0,42
4584,-200.0,200,0.0,42
4585,-200.0,200,0.0,42
4586,-200.0,200,0.0,42
4587,-200.0,200,0.0,42
4588,-200.0,200,0.0,42
4589,-200.0,200,0.0,42
4590,-168.0,168,1.0,42
4591,-200.0,200,0.0,42
4592,-200.0,200,0.0,42
4593,-181.0,181,1.0,42
4594,-200.0,200,0.0,42
4595,-200.0,200,0.0,42
4596,-200.0,200,0.0,42
4597,-173.0,173,1.0,42
4598,-200.0,200,0.0,42
4599,-156.0,156,1.0,42
4600,-165.0,165,1.0,42
4601,-200.0,200,0.0,42
4602,-160.0,160,1.0,42
4603,-200.0,200,0.0,42
4604,-162.0,162,1.0,42
4605,-200.0,200,0.0,42
4606,-200.0,200,0.0,42
4607,-200.0,200,0.0,42
4608,-200.0,200,0.0,42
4609,-157.0,157,1.0,42
4610,-200.0,200,0.0,42
4611,-200.0,200,0.0,42
4612,-200.0,200,0.0,42
4613,-200.0,200,0.0,42
4614,-200.0,200,0.0,42
4615,-200.0,200,0.0,42
4616,-200.0,200,0.0,42
4617,-161.0,161,1.0,42
4618,-200.0,200,0.0,42
4619,-200.0,200,0.0,42
4620,-200.0,200,0.0,42
4621,-200.0,200,0.0,42
4622,-200.0,200,0.0,42
4623,-200.0,200,0.0,42
4624,-200.0,200,0.0,42
4625,-200.0,200,0.0,42
4626,-163.0,163,1.0,42
4627,-200.0,200,0.0,42
4628,-200.0,200,0.0,42
4629,-165.0,165,1.0,42
4630,-164.0,164,1.0,42
4631,-200.0,200,0.0,42
4632,-200.0,200,0.0,42
4633,-200.0,200,0.0,42
4634,-200.0,200,0.0,42
4635,-200.0,200,0.0,42
4636,-200.0,200,0.0,42
4637,-200.0,200,0.0,42
4638,-200.0,200,0.0,42
4639,-200.0,200,0.0,42
4640,-200.0,200,0.0,42
4641,-200.0,200,0.0,42
4642,-200.0,200,0.0,42
4643,-200.0,200,0.0,42
4644,-200.0,200,0.0,42
4645,-200.0,200,0.0,42
4646,-200.0,200,0.0,42
4647,-200.0,200,0.0,42
4648,-200.0,200,0.0,42
4649,-200.0,200,0.0,42
4650,-200.0,200,0.0,42
4651,-166.0,166,1.0,42
4652,-200.0,200,0.0,42
4653,-200.0,200,0.0,42
4654,-174.0,174,1.0,42
4655,-200.0,200,0.0,42
4656,-200.0,200,0.0,42
4657,-200.0,200,0.0,42
4658,-200.0,200,0.0,42
4659,-200.0,200,0.0,42
4660,-200.0,200,0.0,42
4661,-200.0,200,0.0,42
4662,-200.0,200,0.0,42
4663,-200.0,200,0.0,42
4664,-158.0,158,1.0,42
4665,-200.0,200,0.0,42
4666,-200.0,200,0.0,42
4667,-200.0,200,0.0,42
4668,-200.0,200,0.0,42
4669,-200.0,200,0.0,42
4670,-200.0,200,0.0,42
4671,-190.0,190,1.0,42
4672,-200.0,200,0.0,42
4673,-200.0,200,0.0,42
4674,-200.0,200,0.0,42
4675,-200.0,200,0.0,42
4676,-200.0,200,0.0,42
4677,-200.0,200,0.0,42
4678,-173.0,173,1.0,42
4679,-200.0,200,0.0,42
4680,-200.0,200,0.0,42
4681,-200.0,200,0.0,42
4682,-200.0,200,0.0,42
4683,-200.0,200,0.0,42
4684,-200.0,200,0.0,42
4685,-200.0,200,0.0,42
4686,-200.0,200,0.0,42
4687,-200.0,200,0.0,42
4688,-200.0,200,0.0,42
4689,-200.0,200,0.0,42
4690,-200.0,200,0.0,42
4691,-200.0,200,0.0,42
4692,-200.0,200,0.0,42
4693,-200.0,200,0.0,42
4694,-173.0,173,1.0,42
4695,-158.0,158,1.0,42
4696,-170.0,170,1.0,42
4697,-178.0,178,1.0,42
4698,-200.0,200,0.0,42
4699,-200.0,200,0.0,42
4700,-200.0,200,0.0,42
4701,-154.0,154,1.0,42
4702,-200.0,200,0.0,42
4703,-200.0,200,0.0,42
4704,-200.0,200,0.0,42
4705,-200.0,200,0.0,42
4706,-200.0,200,0.0,42
4707,-200.0,200,0.0,42
4708,-172.0,172,1.0,42
4709,-200.0,200,0.0,42
4710,-200.0,200,0.0,42
4711,-200.0,200,0.0,42
4712,-200.0,200,0.0,42
4713,-200.0,200,0.0,42
4714,-200.0,200,0.0,42
4715,-200.0,200,0.0,42
4716,-200.0,200,0.0,42
4717,-200.0,200,0.0,42
4718,-200.0,200,0.0,42
4719,-200.0,200,0.0,42
4720,-200.0,200,0.0,42
4721,-200.0,200,0.0,42
4722,-200.0,200,0.0,42
4723,-200.0,200,0.0,42
4724,-200.0,200,0.0,42
4725,-200.0,200,0.0,42
4726,-200.0,200,0.0,42
4727,-200.0,200,0.0,42
4728,-200.0,200,0.0,42
4729,-160.0,160,1.0,42
4730,-191.0,191,1.0,42
4731,-199.0,199,1.0,42
4732,-200.0,200,0.0,42
4733,-200.0,200,0.0,42
4734,-169.0,169,1.0,42
4735,-200.0,200,0.0,42
4736,-200.0,200,0.0,42
4737,-200.0,200,0.0,42
4738,-200.0,200,0.0,42
4739,-200.0,200,0.0,42
4740,-200.0,200,0.0,42
4741,-154.0,154,1.0,42
4742,-158.0,158,1.0,42
4743,-200.0,200,0.0,42
4744,-200.0,200,0.0,42
4745,-192.0,192,1.0,42
4746,-200.0,200,0.0,42
4747,-200.0,200,0.0,42
4748,-200.0,200,0.0,42
4749,-200.0,200,0.0,42
4750,-200.0,200,0.0,42
4751,-200.0,200,0.0,42
4752,-200.0,200,0.0,42
4753,-200.0,200,0.0,42
4754,-200.0,200,0.0,42
4755,-200.0,200,0.0,42
4756,-162.0,162,1.0,42
4757,-200.0,200,0.0,42
4758,-200.0,200,0.0,42
4759,-200.0,200,0.0,42
4760,-200.0,200,0.0,42
4761,-200.0,200,0.0,42
4762,-200.0,200,0.0,42
4763,-166.0,166,1.0,42
4764,-200.0,200,0.0,42
4765,-200.0,200,0.0,42
4766,-200.0,200,0.0,42
4767,-200.0,200,0.0,42
4768,-200.0,200,0.0,42
4769,-200.0,200,0.0,42
4770,-200.0,200,0.0,42
4771,-200.0,200,0.0,42
4772,-200.0,200,0.0,42
4773,-200.0,200,0.0,42
4774,-200.0,200,0.0,42
4775,-200.0,200,0.0,42
4776,-200.0,200,0.0,42
4777,-200.0,200,0.0,42
4778,-200.0,200,0.0,42
4779,-200.0,200,0.0,42
4780,-200.0,200,0.0,42
4781,-200.0,200,0.0,42
4782,-200.0,200,0.0,42
4783,-200.0,200,0.0,42
4784,-200.0,200,0.0,42
4785,-200.0,200,0.0,42
4786,-200.0,200,0.0,42
4787,-200.0,200,0.0,42
4788,-200.0,200,0.0,42
4789,-200.0,200,0.0,42
4790,-200.0,200,0.0,42
4791,-200.0,200,0.0,42
4792,-200.0,200,0.0,42
4793,-200.0,200,0.0,42
4794,-200.0,200,0.0,42
4795,-200.0,200,0.0,42
4796,-200.0,200,0.0,42
4797,-200.0,200,0.0,42
4798,-200.0,200,0.0,42
4799,-200.0,200,0.0,42
4800,-200.0,200,0.0,42
4801,-200.0,200,0.0,42
4802,-200.0,200,0.0,42
4803,-200.0,200,0.0,42
4804,-200.0,200,0.0,42
4805,-200.0,200,0.0,42
4806,-200.0,200,0.0,42
4807,-200.0,200,0.0,42
4808,-200.0,200,0.0,42
4809,-200.0,200,0.0,42
4810,-200.0,200,0.0,42
4811,-185.0,185,1.0,42
4812,-200.0,200,0.0,42
4813,-200.0,200,0.0,42
4814,-168.0,168,1.0,42
4815,-200.0,200,0.0,42
4816,-165.0,165,1.0,42
4817,-200.0,200,0.0,42
4818,-200.0,200,0.0,42
4819,-200.0,200,0.0,42
4820,-168.0,168,1.0,42
4821,-200.0,200,0.0,42
4822,-200.0,200,0.0,42
4823,-200.0,200,0.0,42
4824,-200.0,200,0.0,42
4825,-200.0,200,0.0,42
4826,-200.0,200,0.0,42
4827,-200.0,200,0.0,42
4828,-200.0,200,0.0,42
4829,-200.0,200,0.0,42
4830,-200.0,200,0.0,42
4831,-200.0,200,0.0,42
4832,-200.0,200,0.0,42
4833,-200.0,200,0.0,42
4834,-200.0,200,0.0,42
4835,-200.0,200,0.0,42
4836,-200.0,200,0.0,42
4837,-161.0,161,1.0,42
4838,-200.0,200,0.0,42
4839,-200.0,200,0.0,42
4840,-165.0,165,1.0,42
4841,-200.0,200,0.0,42
4842,-200.0,200,0.0,42
4843,-194.0,194,1.0,42
4844,-200.0,200,0.0,42
4845,-200.0,200,0.0,42
4846,-200.0,200,0.0,42
4847,-162.0,162,1.0,42
4848,-200.0,200,0.0,42
4849,-163.0,163,1.0,42
4850,-200.0,200,0.0,42
4851,-166.0,166,1.0,42
4852,-165.0,165,1.0,42
4853,-172.0,172,1.0,42
4854,-193.0,193,1.0,42
4855,-166.0,166,1.0,42
4856,-200.0,200,0.0,42
4857,-200.0,200,0.0,42
4858,-200.0,200,0.0,42
4859,-166.0,166,1.0,42
4860,-200.0,200,0.0,42
4861,-200.0,200,0.0,42
4862,-200.0,200,0.0,42
4863,-200.0,200,0.0,42
4864,-200.0,200,0.0,42
4865,-200.0,200,0.0,42
4866,-200.0,200,0.0,42
4867,-200.0,200,0.0,42
4868,-200.0,200,0.0,42
4869,-200.0,200,0.0,42
4870,-200.0,200,0.0,42
4871,-167.0,167,1.0,42
4872,-177.0,177,1.0,42
4873,-200.0,200,0.0,42
4874,-200.0,200,0.0,42
4875,-200.0,200,0.0,42
4876,-200.0,200,0.0,42
4877,-200.0,200,0.0,42
4878,-200.0,200,0.0,42
4879,-200.0,200,0.0,42
4880,-200.0,200,0.0,42
4881,-200.0,200,0.0,42
4882,-200.0,200,0.0,42
4883,-200.0,200,0.0,42
4884,-200.0,200,0.0,42
4885,-200.0,200,0.0,42
4886,-158.0,158,1.0,42
4887,-200.0,200,0.0,42
4888,-200.0,200,0.0,42
4889,-200.0,200,0.0,42
4890,-200.0,200,0.0,42
4891,-170.0,170,1.0,42
4892,-200.0,200,0.0,42
4893,-200.0,200,0.0,42
4894,-163.0,163,1.0,42
4895,-200.0,200,0.0,42
4896,-200.0,200,0.0,42
4897,-200.0,200,0.0,42
4898,-200.0,200,0.0,42
4899,-155.0,155,1.0,42
4900,-200.0,200,0.0,42
4901,-199.0,199,1.0,42
4902,-160.0,160,1.0,42
4903,-164.0,164,1.0,42
4904,-200.0,200,0.0,42
4905,-200.0,200,0.0,42
4906,-200.0,200,0.0,42
4907,-200.0,200,0.0,42
4908,-200.0,200,0.0,42
4909,-200.0,200,0.0,42
4910,-200.0,200,0.0,42
4911,-200.0,200,0.0,42
4912,-200.0,200,0.0,42
4913,-159.0,159,1.0,42
4914,-200.0,200,0.0,42
4915,-158.0,158,1.0,42
4916,-200.0,200,0.0,42
4917,-200.0,200,0.0,42
4918,-200.0,200,0.0,42
4919,-199.0,199,1.0,42
4920,-200.0,200,0.0,42
4921,-200.0,200,0.0,42
4922,-200.0,200,0.0,42
4923,-197.0,197,1.0,42
4924,-200.0,200,0.0,42
4925,-160.0,160,1.0,42
4926,-200.0,200,0.0,42
4927,-200.0,200,0.0,42
4928,-153.0,153,1.0,42
4929,-169.0,169,1.0,42
4930,-200.0,200,0.0,42
4931,-200.0,200,0.0,42
4932,-200.0,200,0.0,42
4933,-165.0,165,1.0,42
4934,-189.0,189,1.0,42
4935,-200.0,200,0.0,42
4936,-200.0,200,0.0,42
4937,-199.0,199,1.0,42
4938,-155.0,155,1.0,42
4939,-200.0,200,0.0,42
4940,-200.0,200,0.0,42
4941,-200.0,200,0.0,42
4942,-155.0,155,1.0,42
4943,-200.0,200,0.0,42
4944,-161.0,161,1.0,42
4945,-200.0,200,0.0,42
4946,-200.0,200,0.0,42
4947,-200.0,200,0.0,42
4948,-154.0,154,1.0,42
4949,-200.0,200,0.0,42
4950,-161.0,161,1.0,42
4951,-160.0,160,1.0,42
4952,-200.0,200,0.0,42
4953,-200.0,200,0.0,42
4954,-194.0,194,1.0,42
4955,-199.0,199,1.0,42
4956,-125.0,125,1.0,42
4957,-200.0,200,0.0,42
4958,-200.0,200,0.0,42
4959,-200.0,200,0.0,42
4960,-200.0,200,0.0,42
4961,-200.0,200,0.0,42
4962,-200.0,200,0.0,42
4963,-200.0,200,0.0,42
4964,-200.0,200,0.0,42
4965,-200.0,200,0.0,42
4966,-200.0,200,0.0,42
4967,-195.0,195,1.0,42
4968,-167.0,167,1.0,42
4969,-200.0,200,0.0,42
4970,-200.0,200,0.0,42
4971,-166.0,166,1.0,42
4972,-200.0,200,0.0,42
4973,-200.0,200,0.0,42
4974,-200.0,200,0.0,42
4975,-200.0,200,0.0,42
4976,-200.0,200,0.0,42
4977,-200.0,200,0.0,42
4978,-200.0,200,0.0,42
4979,-163.0,163,1.0,42
4980,-199.0,199,1.0,42
4981,-187.0,187,1.0,42
4982,-200.0,200,0.0,42
4983,-196.0,196,1.0,42
4984,-155.0,155,1.0,42
4985,-200.0,200,0.0,42
4986,-200.0,200,0.0,42
4987,-200.0,200,0.0,42
4988,-162.0,162,1.0,42
4989,-200.0,200,0.0,42
4990,-187.0,187,1.0,42
4991,-200.0,200,0.0,42
4992,-200.0,200,0.0,42
4993,-186.0,186,1.0,42
4994,-200.0,200,0.0,42
4995,-200.0,200,0.0,42
4996,-200.0,200,0.0,42
4997,-200.0,200,0.0,42
4998,-168.0,168,1.0,42
4999,-200.0,200,0.0,42
5000,-155.0,155,1.0,42
